527.2557983398438	107.06170654296875	543.4541625976562	1382.8948974609375	246.42005920410156	267.4173583984375	947.4445190429688	1276.9820556640625	615.792236328125	659.4214477539062	869.4232788085938	558.1407470703125	388.576171875	352.10015869140625	525.482421875	374.96307373046875	0.0	0.0	116.65301513671875	44.7465934753418	29.508031845092773	81.5438003540039	81.03404998779297	95.81417083740234	31.089231491088867	0.0	0.0	0.0	0.0	0.0	0.0	0.0	0.0	245.48216247558594	180.184326171875	625.6953125	449.8705749511719	405.700439453125	229.09524536132812	202.95648193359375	457.9034729003906	342.73974609375	8.079483985900879	152.42886352539062	0.0	0.0	0.0	201.07485961914062	112.62908172607422	180.20721435546875	97.22560119628906	0.0	198.9403839111328	208.6031494140625	36.08028030395508	0.0	0.0	0.0	0.0	0.0	27.33561134338379	223.51077270507812	182.857177734375	0.0	323.1888427734375	0.0	253.29002380371094	332.3858337402344	216.8719482421875	258.83551025390625	422.66632080078125	684.4747924804688	732.6439819335938	790.6099243164062	779.8818359375	438.37847900390625	505.8203430175781	372.4331359863281	275.8607482910156	260.03997802734375	463.3898620605469	366.16595458984375	0.0	638.0477294921875	78.52867889404297	155.31507873535156	0.0	1174.7479248046875	546.8543090820312	227.363525390625	280.31890869140625	780.6155395507812	311.92681884765625	233.45486450195312	0.0	13.350379943847656	65.50108337402344	42.12379455566406	47.42918014526367	125.4731674194336	56.762107849121094	34.165794372558594	41.30927658081055	101.07119750976562	70.55529022216797	3.842470407485962	0.0	0.0	0.0	40.82102584838867	29.10088348388672	0.0	0.0	78.8095703125	2.736332416534424	99.49822235107422	347.1507568359375	351.1890869140625	199.81307983398438	284.9715270996094	854.1306762695312	957.2459106445312	760.4442749023438	717.066162109375	657.5135498046875	140.69683837890625	218.2979278564453	543.6466674804688	12.033820152282715	176.2150421142578	305.6671142578125	160.01779174804688	277.04425048828125	210.26800537109375	331.1482238769531	307.3472900390625	118.37739562988281	101.4282455444336	0.0	96.88494873046875	0.0	109.9073257446289	123.82333374023438	3.3018407821655273	0.0	125.47724914550781	264.3357238769531	0.0	109.85537719726562	319.23724365234375	227.5802764892578	0.0	0.0	0.0	0.0	0.0	0.0	0.0	0.0	79.54914093017578	439.40911865234375	331.38873291015625	313.6001281738281	423.5135192871094	436.13531494140625	408.10955810546875	533.3198852539062	847.2259521484375	262.431884765625	276.12469482421875	676.5450439453125	769.730224609375	534.1943359375	468.5342102050781	579.09375	415.25146484375	568.6181030273438	592.7294311523438	288.24359130859375	104.65142059326172	45.07619857788086	0.0	32.557926177978516	175.96255493164062	230.7752685546875	340.56884765625	508.74163818359375	401.6914367675781	650.4708862304688	774.92333984375	703.2136840820312	392.67767333984375	87.54666137695312	0.0	34.893943786621094	0.0	6.853214263916016	17.020824432373047	346.6355895996094	133.27259826660156	142.30555725097656	107.38297271728516	369.4215087890625	0.0	0.0	0.0	0.0	0.0	101.435302734375	84.7899398803711	440.1361389160156	819.1140747070312	142.89505004882812	198.72654724121094	98.08770751953125	77.30826568603516	526.319580078125	794.4590454101562	626.767578125	139.7464141845703	395.1683654785156	475.90081787109375	1098.013671875	877.2000732421875	476.8521423339844	810.4351806640625	1287.6856689453125	1189.8294677734375	146.21957397460938	225.5705108642578	172.30709838867188	240.33563232421875	251.66705322265625	362.0654296875	39.93317794799805	22.674543380737305	650.6260375976562	812.8203735351562	1155.11279296875	949.0816650390625	424.8280029296875	696.9103393554688	443.6308898925781	0.0	169.74232482910156	63.49906539916992	0.0	284.0433349609375	42.19211196899414	137.4358367919922	462.8585205078125	696.6696166992188	928.2379760742188	799.5731201171875	765.253662109375	630.889404296875
888.9711303710938	839.7678833007812	1352.0738525390625	39.6325798034668	680.7369384765625	1412.08154296875	861.6629028320312	194.61622619628906	667.501708984375	1276.0919189453125	745.9277954101562	396.5030822753906	501.1171569824219	650.7991943359375	1028.7960205078125	882.9453735351562	0.0	0.0	0.0	0.0	0.0	0.0	20.11651039123535	0.0	0.0	19.223926544189453	0.0	40.73778533935547	0.0	0.0	0.0	19.320615768432617	164.35165405273438	240.98104858398438	582.8050537109375	329.9627380371094	1.0284086465835571	372.44622802734375	244.1341094970703	173.06646728515625	0.0	0.0	438.8994140625	488.24468994140625	0.0	145.91844177246094	209.0660858154297	446.7468566894531	0.0	0.0	0.0	0.0	38.42076873779297	0.0	0.0	47.233638763427734	33.2264404296875	0.0	0.0	0.0	0.0	0.0	0.0	0.0	572.0654296875	580.0049438476562	613.9943237304688	405.48040771484375	192.38494873046875	558.1181640625	511.8652038574219	124.6055679321289	216.39080810546875	410.4505310058594	188.96124267578125	122.13555145263672	174.09664916992188	177.98968505859375	545.9159545898438	568.5343627929688	315.1009521484375	750.6656494140625	812.2925415039062	574.0902709960938	119.61233520507812	531.9843139648438	959.3515625	0.0	0.0	786.2321166992188	278.65008544921875	267.9147644042969	0.0	297.60418701171875	51.51746368408203	506.9658203125	0.0	68.77429962158203	48.57343673706055	42.6110954284668	53.030845642089844	59.39213562011719	65.68281555175781	0.0	3.2674129009246826	71.33840942382812	68.97869110107422	39.05857467651367	0.0	59.305397033691406	0.0	46.68473815917969	309.3465881347656	414.353759765625	401.7193908691406	487.2232971191406	0.0	396.6227111816406	569.7659301757812	303.61163330078125	99.10289001464844	180.0144805908203	470.1883544921875	343.5308837890625	84.37873840332031	620.2049560546875	730.3049926757812	353.59820556640625	0.0	80.12745666503906	104.38806915283203	11.298254013061523	202.359130859375	98.2657241821289	93.3606185913086	95.86618041992188	230.36085510253906	155.67808532714844	117.62052154541016	57.4043083190918	0.0	141.53456115722656	179.9830780029297	29.490310668945312	0.0	0.0	0.0	0.0	0.0	0.0	0.0	0.0	132.09860229492188	0.0	0.0	0.0	0.0	0.0	0.0	0.0	306.270751953125	681.5408325195312	532.5655517578125	160.0579071044922	501.7635803222656	738.4788208007812	681.5160522460938	321.5216369628906	502.61614990234375	729.2537231445312	407.0689697265625	366.56658935546875	470.3394775390625	537.4240112304688	634.5672607421875	193.81570434570312	280.6130676269531	285.8666687011719	257.9900817871094	229.29017639160156	387.359619140625	204.6859893798828	236.40341186523438	182.5010986328125	86.83618927001953	355.0227355957031	81.85572814941406	3.0404725074768066	124.43778228759766	66.02516174316406	69.99537658691406	110.80963897705078	386.3126525878906	215.6167755126953	19.475961685180664	0.0	90.76586151123047	350.02972412109375	84.5809326171875	0.0	266.85614013671875	319.93133544921875	64.75137329101562	0.0	278.821044921875	248.19631958007812	136.74093627929688	0.0	416.0039367675781	584.1827392578125	765.6746826171875	370.84619140625	892.4210815429688	648.7657470703125	243.20123291015625	149.33384704589844	22.779415130615234	612.9453735351562	864.4467163085938	266.6585693359375	307.1044006347656	695.6281127929688	531.2070922851562	430.21820068359375	297.07440185546875	610.6162719726562	885.63818359375	251.375	671.1045532226562	773.2586059570312	59.44325256347656	398.9679870605469	124.7254867553711	432.4584045410156	594.475830078125	110.6552505493164	258.55364990234375	201.8416748046875	702.8709106445312	437.48187255859375	0.0	273.70269775390625	200.58645629882812	221.02267456054688	292.14154052734375	262.4837341308594	492.2151184082031	285.7079162597656	0.0	325.04376220703125	351.7611389160156	45.944942474365234	40.04591369628906	240.87867736816406	0.0	18.5867977142334
650.9666137695312	1319.9295654296875	1136.9661865234375	382.0324401855469	987.7514038085938	1340.492919921875	1286.195556640625	191.5377960205078	902.7445678710938	1067.6259765625	937.5177001953125	100.67001342773438	187.13221740722656	986.59033203125	980.6790771484375	42.341487884521484	44.370792388916016	117.75733184814453	0.0	0.0	0.0	118.45668029785156	0.0	0.0	0.0	0.0	0.0	0.0	0.0	0.0	0.0	2.8251090049743652	130.66146850585938	530.966552734375	490.3231506347656	345.30499267578125	0.0	212.17300415039062	300.8628845214844	130.81002807617188	0.0	0.0	246.57632446289062	88.10652160644531	0.0	47.8050651550293	350.9595642089844	135.2870635986328	0.0	0.0	0.0	0.0	0.0	0.0	0.0	0.0	0.0	0.0	0.0	13.629982948303223	81.16044616699219	34.01899337768555	0.0	0.0	104.16078186035156	467.3850402832031	418.0985412597656	305.11053466796875	215.74832153320312	319.81744384765625	427.1740417480469	220.5189971923828	278.9652099609375	406.9742736816406	398.0799560546875	34.7105827331543	121.37796020507812	243.2274932861328	375.892333984375	243.33482360839844	0.0	909.4724731445312	743.3060913085938	785.85595703125	0.0	790.6724243164062	1032.8212890625	866.827880859375	67.80720520019531	443.63092041015625	784.6470336914062	180.01600646972656	124.5810775756836	102.26097106933594	522.7152709960938	194.2889404296875	0.0	123.7209701538086	111.1959457397461	22.298633575439453	0.0	115.20799255371094	171.71302795410156	80.54181671142578	0.0	68.75667572021484	145.3276824951172	0.0	36.45258712768555	0.0	158.63381958007812	0.0	7.598015785217285	90.93582153320312	553.1571044921875	473.6110534667969	69.16793823242188	299.7543029785156	302.917724609375	396.7790222167969	178.1650848388672	501.71875	348.07879638671875	356.13421630859375	67.81847381591797	255.6399383544922	456.5029296875	317.635986328125	138.9718475341797	123.30350494384766	53.19353485107422	21.173248291015625	105.72019958496094	212.34414672851562	173.85232543945312	89.98011016845703	0.0	27.6422176361084	96.12821960449219	77.01216888427734	141.76206970214844	233.21142578125	131.7978515625	59.276851654052734	116.138671875	0.0	0.0	0.0	0.0	0.0	0.0	0.0	0.0	0.0	0.0	38.773193359375	11.376343727111816	0.0	0.0	5.564239978790283	52.0523567199707	354.4458312988281	245.16317749023438	191.51083374023438	486.5670471191406	545.9672241210938	804.9443359375	150.3834991455078	610.9815673828125	650.05517578125	754.6885986328125	201.7487335205078	556.5170288085938	652.4567260742188	497.8956298828125	159.21400451660156	0.0	30.711746215820312	185.64572143554688	98.722900390625	97.26887512207031	92.2266616821289	75.18009948730469	112.92120361328125	283.6567077636719	325.35870361328125	120.99071502685547	35.102439880371094	300.36456298828125	310.9296875	58.9831428527832	23.56785011291504	383.9499206542969	526.651123046875	157.425537109375	42.28269958496094	499.0931701660156	543.3004150390625	378.8448181152344	0.0	382.02734375	519.42626953125	185.8215789794922	45.74400329589844	135.1548309326172	171.65875244140625	31.121366500854492	0.0	100.34851837158203	263.8104553222656	542.8358764648438	198.93226623535156	0.0	0.0	0.0	140.7618865966797	277.0154113769531	379.1346435546875	30.317848205566406	51.57602310180664	0.0	407.65673828125	271.0338439941406	53.052032470703125	198.39871215820312	286.6628723144531	412.7912292480469	156.26312255859375	145.546875	65.86770629882812	307.0675048828125	178.6260528564453	306.4449768066406	181.11822509765625	0.0	51.029441833496094	273.59490966796875	589.241455078125	289.82818603515625	43.5888671875	0.0	0.0	64.70296478271484	182.6575164794922	0.0	136.36192321777344	130.8301239013672	242.4187774658203	224.64625549316406	412.14501953125	461.82379150390625	273.449951171875	313.0790710449219	332.8974304199219	305.4425964355469	57.139530181884766
516.030029296875	686.0458984375	903.365966796875	70.7314682006836	230.59507751464844	1030.1455078125	1415.6531982421875	20.8772029876709	16.43230628967285	1017.9674072265625	1276.15673828125	20.776988983154297	139.3832550048828	1222.960693359375	1160.6199951171875	42.05025100708008	0.0	0.0	15.199884414672852	0.0	0.0	26.292133331298828	20.459089279174805	0.0	0.0	28.807289123535156	1.6895580291748047	0.0	0.0	0.0	0.0	0.0	197.38027954101562	150.58338928222656	483.8680725097656	243.10379028320312	28.806177139282227	145.59271240234375	478.33917236328125	283.233154296875	114.43545532226562	79.25313568115234	260.1055603027344	124.00921630859375	4.092884540557861	180.9633331298828	265.52056884765625	95.40406036376953	0.0	0.0	0.0	0.0	186.63214111328125	16.47201919555664	0.0	0.0	180.97132873535156	19.521055221557617	0.0	0.0	9.194355964660645	0.0	0.0	16.58449363708496	689.7513427734375	814.2325439453125	315.0118408203125	133.1232452392578	56.110347747802734	322.9625244140625	292.00732421875	204.70059204101562	32.51129150390625	240.5912628173828	207.84625244140625	133.8874969482422	60.086334228515625	326.3879089355469	310.42437744140625	109.41212463378906	378.61767578125	147.8642120361328	379.5422668457031	298.4567565917969	268.0163879394531	0.0	801.0608520507812	432.0230407714844	0.0	0.0	949.1812744140625	411.5609436035156	11.650103569030762	230.0944061279297	1068.4100341796875	235.37246704101562	5.642709732055664	0.0	49.92303466796875	0.0	53.7857551574707	57.87868881225586	135.0248260498047	40.94436264038086	22.029220581054688	23.951496124267578	139.4310760498047	32.917274475097656	0.0	69.88353729248047	157.77224731445312	40.598514556884766	976.6055908203125	959.5226440429688	540.7608642578125	300.5985412597656	88.10356140136719	18.995861053466797	216.83229064941406	291.7041320800781	160.3238983154297	46.308860778808594	379.6660461425781	322.01519775390625	36.4949836730957	18.981369018554688	483.8963623046875	252.5592498779297	56.20970153808594	0.0	45.45487976074219	32.338226318359375	165.24514770507812	263.8334655761719	119.47077941894531	24.512292861938477	179.1696014404297	229.3896484375	207.55796813964844	7.259042263031006	92.10932159423828	36.9203987121582	173.53382873535156	1.28668212890625	0.0	0.0	0.0	0.0	90.18312072753906	157.7587890625	0.0	0.0	410.1255798339844	264.3681335449219	0.0	0.0	80.76378631591797	0.0	0.0	0.0	205.40391540527344	263.3946838378906	296.8906555175781	164.5850830078125	326.95147705078125	559.907470703125	335.926025390625	102.4323501586914	194.58721923828125	635.8056640625	464.3426513671875	112.76062774658203	14.61214828491211	670.9635009765625	399.7943420410156	135.3715362548828	503.217529296875	458.3875427246094	209.7669219970703	16.905597686767578	547.2997436523438	320.2521667480469	88.57170867919922	26.139118194580078	0.0	39.56906509399414	68.7347412109375	5.047231197357178	0.0	70.35131072998047	41.22368240356445	26.249858856201172	48.62781524658203	0.0	26.03399658203125	0.0	0.0	86.79859161376953	68.18092346191406	0.0	127.75040435791016	393.0782470703125	210.2470245361328	35.63240051269531	278.2106018066406	461.8668518066406	218.98902893066406	31.323503494262695	652.5052490234375	845.2948608398438	532.6707153320312	37.315303802490234	25.784217834472656	345.147705078125	440.7394714355469	72.54814910888672	72.7516860961914	0.0	84.55940246582031	43.51942443847656	38.29840087890625	0.0	105.67935943603516	34.185733795166016	292.44677734375	502.0231628417969	279.36962890625	84.87002563476562	869.0328369140625	1268.3936767578125	930.6402587890625	84.2386474609375	0.0	106.69471740722656	0.0	13.819427490234375	60.18620681762695	135.7202911376953	0.0	32.08988952636719	404.6719055175781	415.9871826171875	311.6578369140625	120.11672973632812	622.670166015625	423.0829162597656	53.19260025024414	33.75679397583008	85.72364807128906	0.0	154.23011779785156	63.68186569213867	0.0	0.0	226.90000915527344	57.20833969116211
576.58447265625	1399.1978759765625	1191.325927734375	315.47607421875	1275.751953125	1239.760009765625	1231.89404296875	245.76866149902344	1142.6041259765625	558.7730102539062	1181.5875244140625	262.73419189453125	334.8251953125	431.8783264160156	898.1712646484375	286.6535949707031	65.75953674316406	79.50373840332031	17.30425262451172	0.0	32.5988883972168	72.72742462158203	0.0	0.0	0.0	0.0	0.0	0.0	0.0	0.0	0.0	0.0	133.20327758789062	266.5129699707031	331.4746398925781	222.26507568359375	218.57156372070312	150.6729736328125	475.33941650390625	271.7533874511719	74.48820495605469	0.0	212.97386169433594	189.68173217773438	0.0	0.0	234.92691040039062	265.7939147949219	0.0	0.0	0.0	0.0	0.0	0.0	0.0	0.0	0.0	0.0	0.0	0.0	349.8713073730469	240.33607482910156	0.0	0.0	30.881305694580078	649.9974365234375	541.2009887695312	90.99783325195312	396.7104797363281	563.2362670898438	157.47027587890625	165.7889862060547	621.6072387695312	488.4500732421875	689.5659790039062	257.2531433105469	178.8159942626953	152.33030700683594	457.3690185546875	322.5032043457031	9.333870887756348	790.5880126953125	934.0698852539062	474.5849609375	437.5664978027344	1166.1690673828125	751.3468017578125	767.9907836914062	734.8709716796875	716.4179077148438	686.6544799804688	516.591796875	363.35888671875	65.57679748535156	272.1825256347656	408.0582580566406	23.46412467956543	57.49981689453125	154.99400329589844	30.11402702331543	35.57073974609375	86.2680435180664	147.46804809570312	19.432865142822266	0.0	0.0	61.13385772705078	0.0	67.02001190185547	0.0	25.66916275024414	0.0	0.0	92.83007049560547	330.3563537597656	390.4615783691406	45.56577682495117	94.68830108642578	211.0789031982422	325.99261474609375	655.2822265625	1043.56494140625	422.4589538574219	477.42041015625	0.0	0.0	420.47711181640625	569.489990234375	142.5254669189453	76.24974822998047	11.553112983703613	70.93830871582031	143.88424682617188	132.79612731933594	240.19412231445312	113.60438537597656	0.0	78.62511444091797	94.98018646240234	0.0	193.83926391601562	130.23670959472656	79.26097869873047	21.75429916381836	90.93258666992188	0.0	0.0	0.0	0.0	0.0	0.0	0.0	0.0	0.0	0.0	0.0	0.0	0.0	0.0	0.0	39.3419075012207	481.1027526855469	438.7893371582031	199.68768310546875	498.1726379394531	642.3724365234375	793.968505859375	225.66400146484375	648.7720336914062	739.597412109375	939.6897583007812	266.8099670410156	561.113037109375	588.7031860351562	731.1065673828125	236.4742889404297	0.0	82.66513061523438	144.86135864257812	126.0753173828125	193.5857696533203	262.4651184082031	143.53707885742188	0.0	427.39764404296875	223.4765625	186.44058227539062	85.03756713867188	641.138427734375	586.7846069335938	251.9223175048828	115.72053527832031	310.7499694824219	513.932861328125	188.7034454345703	55.62919998168945	548.256103515625	474.38037109375	237.45407104492188	27.53002166748047	457.0396728515625	317.9300842285156	127.03231811523438	88.64498901367188	0.0	0.0	21.18440818786621	11.452235221862793	91.36551666259766	0.0	131.72010803222656	63.03345489501953	0.0	0.0	88.53827667236328	105.85147857666016	952.884033203125	755.0897216796875	231.311767578125	168.437744140625	536.6067504882812	728.498779296875	784.5438842773438	550.5385131835938	174.5556640625	236.58258056640625	204.02072143554688	90.44054412841797	147.72158813476562	113.61032104492188	356.61993408203125	75.03206634521484	297.47601318359375	0.0	158.28956604003906	66.01376342773438	675.5385131835938	1186.505615234375	1177.385009765625	83.98686218261719	0.0	0.0	301.8868103027344	164.55686950683594	0.0	352.3999328613281	372.3580322265625	54.786659240722656	458.6024475097656	592.5028076171875	434.92047119140625	245.8062286376953	1023.6437377929688	885.8148803710938	484.9022521972656	208.62069702148438
459.87481689453125	424.6122131347656	1141.169189453125	362.4985046386719	1023.3535766601562	769.8561401367188	1168.8753662109375	140.61839294433594	938.167236328125	919.6980590820312	664.261474609375	139.7793426513672	343.0215759277344	849.774658203125	106.57477569580078	112.09805297851562	22.374353408813477	100.9811782836914	62.28804397583008	0.0	1.5987257957458496	79.8413314819336	32.87421798706055	0.0	0.0	0.0	0.0	0.0	0.0	0.0	0.0	18.337047576904297	336.08984375	331.890625	325.2812194824219	170.37472534179688	468.6409606933594	316.3771057128906	264.28033447265625	171.8347930908203	0.0	93.9712905883789	0.0	23.965940475463867	25.678176879882812	238.1877899169922	189.33450317382812	132.95596313476562	36.43678665161133	0.0	0.0	0.0	0.0	0.0	0.0	0.0	0.0	0.0	103.36129760742188	175.31007385253906	143.60104370117188	96.56370544433594	101.82535552978516	119.3592300415039	22.45292091369629	237.7606964111328	265.8481750488281	212.9476776123047	439.41717529296875	592.4431762695312	633.8951416015625	482.3406066894531	644.0447387695312	455.3040466308594	210.21290588378906	0.0	66.48719024658203	319.9620666503906	142.53578186035156	81.32453155517578	3.4702746868133545	357.8145751953125	946.4637451171875	957.0581665039062	581.3886108398438	563.5963134765625	990.9872436523438	510.20037841796875	716.7889404296875	377.24786376953125	759.0439453125	31.903900146484375	290.6563415527344	475.8811340332031	515.9527587890625	0.0	79.89989471435547	40.33992004394531	187.91578674316406	69.08294677734375	73.2603759765625	31.4036808013916	75.6785888671875	9.259909629821777	49.462589263916016	29.491958618164062	49.239036560058594	39.64638137817383	76.90303039550781	89.06706237792969	66.37471008300781	0.0	72.88384246826172	113.2325668334961	0.0	241.5467071533203	470.9912109375	696.097900390625	784.99169921875	832.0451049804688	431.8559875488281	548.8528442382812	321.64111328125	145.230224609375	206.2242889404297	177.19076538085938	366.1253356933594	111.7735366821289	64.00165557861328	159.7346649169922	125.30790710449219	146.3767852783203	117.13037872314453	175.32139587402344	236.10427856445312	156.5293731689453	0.0	0.0	136.2401123046875	111.5995864868164	208.2568817138672	106.99076843261719	116.7119140625	136.41842651367188	0.0	85.2299575805664	0.0	0.0	0.0	0.0	0.0	0.0	0.0	0.0	0.0	0.0	112.79541778564453	196.6813201904297	163.090087890625	235.33753967285156	172.6144561767578	183.98626708984375	523.3319091796875	183.21498107910156	317.213134765625	518.6619262695312	790.7785034179688	338.3057556152344	535.4683227539062	678.2211303710938	643.4005737304688	258.8493347167969	528.7349853515625	574.3994140625	286.7752380371094	211.9508056640625	0.0	0.0	123.26651763916016	108.64459991455078	0.0	166.01414489746094	161.01382446289062	182.0634765625	468.32537841796875	463.0926208496094	401.78997802734375	411.95819091796875	335.91119384765625	214.61387634277344	100.2963638305664	12.573040962219238	111.78520202636719	339.1686096191406	256.47430419921875	61.3259162902832	240.53424072265625	346.28607177734375	219.0916748046875	14.849007606506348	81.51828002929688	227.2232208251953	0.0	0.0	83.99897003173828	0.0	0.0	0.0	102.53109741210938	0.0	0.0	58.51833724975586	224.2029571533203	154.6894989013672	425.5755310058594	480.0287170410156	456.349365234375	400.5899353027344	351.45343017578125	422.4454040527344	0.0	173.91172790527344	219.9762725830078	53.79008865356445	115.49380493164062	139.9558563232422	196.5726776123047	61.79214859008789	311.33245849609375	67.7661361694336	182.26979064941406	0.0	317.24871826171875	520.7062377929688	455.8514099121094	640.20068359375	476.289794921875	698.0143432617188	169.22482299804688	204.23880004882812	0.0	0.0	12.93533992767334	208.891845703125	0.0	0.0	267.9712829589844	339.86181640625	514.5003051757812	599.0562744140625	771.9402465820312	593.1688232421875	416.3421936035156	211.7424774169922	287.4908447265625	0.0
447.3222351074219	345.51416015625	1097.336181640625	264.00531005859375	90.9415512084961	889.4152221679688	1358.8515625	164.0106964111328	277.2940368652344	1353.6036376953125	972.1119995117188	150.12423706054688	674.2348022460938	1288.42431640625	195.80987548828125	168.53721618652344	0.0	0.0	0.0	30.61391258239746	17.94919776916504	27.536989212036133	90.51917266845703	0.0	34.16494369506836	17.984603881835938	66.944091796875	0.0	26.99137306213379	54.069854736328125	0.0	8.118902206420898	0.0	81.10481262207031	547.0439453125	388.463134765625	160.7136688232422	130.32437133789062	332.5382385253906	194.45596313476562	148.22825622558594	211.1297149658203	111.13041687011719	69.23796081542969	36.897010803222656	205.3124237060547	75.15504455566406	79.04801940917969	0.0	0.0	0.0	0.0	153.8673553466797	80.18850708007812	0.0	0.0	48.21965408325195	0.0	0.0	81.97528839111328	0.0	0.0	51.63098907470703	64.81893157958984	385.3704528808594	342.628173828125	178.73635864257812	333.2295837402344	0.0	178.80381774902344	563.7877197265625	402.6319580078125	64.1734390258789	355.29248046875	485.2830810546875	43.11772918701172	191.29434204101562	430.29864501953125	134.7695770263672	28.414348602294922	233.54849243164062	130.23849487304688	285.94708251953125	674.7830810546875	59.74750518798828	0.0	1231.7470703125	809.0279541015625	2.7653117179870605	626.4212646484375	1326.1275634765625	101.28133392333984	0.0	1093.4498291015625	1141.125	10.4313325881958	0.0	6.0529608726501465	53.264312744140625	38.86929702758789	64.99504089355469	80.35333251953125	146.12759399414062	60.034725189208984	22.758071899414062	45.58413314819336	109.9853286743164	0.0	0.0	122.27037048339844	85.07382202148438	0.0	399.78521728515625	668.8033447265625	533.4698486328125	461.8448791503906	145.23541259765625	128.52008056640625	249.19239807128906	389.29693603515625	33.78799819946289	58.40837097167969	436.6773376464844	367.3945007324219	132.25582885742188	238.9515838623047	495.4715270996094	86.68697357177734	0.0	0.0	77.3968276977539	38.832664489746094	176.9697265625	308.5780029296875	229.71624755859375	42.88028335571289	142.58352661132812	146.21847534179688	154.28517150878906	77.74951171875	119.33688354492188	57.56791687011719	130.1818084716797	80.56771850585938	0.0	0.0	0.0	0.0	366.4701843261719	338.2785339355469	0.0	0.0	248.6883544921875	0.0	0.0	66.25894927978516	123.80992126464844	0.0	9.514107704162598	90.54651641845703	280.6593017578125	176.84828186035156	281.00189208984375	255.64462280273438	336.1819763183594	348.7929382324219	676.8975219726562	109.79253387451172	43.76787185668945	617.5704956054688	669.8186645507812	221.47561645507812	178.04039001464844	651.6790771484375	313.2491455078125	189.52529907226562	493.3255310058594	504.6298828125	229.2985382080078	40.561771392822266	184.74600219726562	120.94816589355469	155.3232421875	182.94375610351562	0.0	221.7140655517578	173.05662536621094	114.75342559814453	0.0	227.54110717773438	93.19493865966797	5.016640663146973	0.0	0.0	16.115907669067383	3.2880115509033203	0.0	169.1977081298828	90.17137908935547	0.0	284.0138854980469	465.956787109375	69.5313720703125	25.525741577148438	431.1692810058594	420.89300537109375	32.46967315673828	0.0	1025.529296875	1043.9786376953125	795.989013671875	274.9944763183594	104.89667510986328	16.07733726501465	270.98419189453125	382.1698303222656	155.62245178222656	0.0	28.487567901611328	40.99747085571289	40.05364227294922	0.0	66.30747985839844	41.355464935302734	827.5322265625	1170.0328369140625	1050.4454345703125	126.88935852050781	398.6094970703125	1081.8167724609375	1100.3570556640625	252.7190704345703	123.83759307861328	123.72484588623047	0.0	110.31024932861328	136.86769104003906	120.28280639648438	0.0	66.04055786132812	481.462890625	544.2939453125	250.69290161132812	137.80453491210938	196.99526977539062	15.869256973266602	8.26943302154541	246.26905822753906	0.0	0.0	492.8111267089844	333.9955139160156	0.0	267.0469055175781	464.81964111328125	26.717151641845703
1257.3253173828125	150.5178680419922	540.761474609375	1146.978515625	710.5723266601562	315.0575866699219	1080.06396484375	1298.6175537109375	388.9107360839844	434.5545959472656	1322.7940673828125	752.4736938476562	133.22763061523438	676.8590698242188	1369.896728515625	233.4727783203125	9.78907299041748	0.0	116.06341552734375	54.94709777832031	0.0	4.225089073181152	103.56291198730469	51.42948913574219	0.0	0.0	0.0	0.0	12.830832481384277	18.080171585083008	30.305774688720703	0.0	301.2670593261719	283.0214538574219	253.86886596679688	456.6968688964844	235.36203002929688	328.0291748046875	232.84620666503906	251.11380004882812	0.0	30.02554702758789	335.7721862792969	230.36814880371094	71.78919219970703	0.0	282.86651611328125	76.13200378417969	0.0	0.0	0.0	0.0	0.0	116.8765640258789	0.0	0.0	194.90602111816406	2.8802552223205566	0.0	0.0	161.6814727783203	11.121697425842285	0.0	34.429752349853516	508.46624755859375	277.66839599609375	58.48097229003906	401.35888671875	296.99176025390625	525.194580078125	597.9230346679688	574.6241455078125	187.93777465820312	228.8073272705078	290.79168701171875	269.24853515625	0.0	313.88214111328125	523.3841552734375	259.04827880859375	1085.798095703125	664.8759765625	14.088052749633789	968.9866333007812	784.4464111328125	0.0	0.0	1139.0672607421875	210.81385803222656	3.1635262966156006	545.9228515625	1037.2637939453125	0.0	0.0	977.36572265625	919.0941772460938	128.19625854492188	37.83029556274414	0.0	119.85121154785156	59.544212341308594	0.0	13.28659725189209	115.73834991455078	21.658668518066406	33.55815505981445	111.56327056884766	113.3919448852539	9.162890434265137	0.0	131.44692993164062	66.93270111083984	261.9322509765625	404.4566955566406	49.332420349121094	207.94320678710938	1153.0963134765625	1107.0496826171875	614.9722290039062	319.0365905761719	205.58291625976562	196.05929565429688	108.33716583251953	462.4464111328125	167.59494018554688	234.31817626953125	360.1242980957031	558.09619140625	34.792476654052734	45.89702606201172	193.5290069580078	105.49560546875	120.26705932617188	165.64109802246094	204.5608367919922	85.94380187988281	165.9501190185547	34.163089752197266	75.46119689941406	183.05569458007812	220.4608154296875	233.56369018554688	135.42446899414062	81.4396743774414	0.0	0.0	14.32239818572998	0.0	0.0	0.0	0.0	0.0	0.0	0.0	0.0	0.0	275.2240295410156	255.66615295410156	0.0	10.313514709472656	564.3582153320312	249.63746643066406	131.83580017089844	355.0281677246094	604.771484375	439.14556884765625	510.81011962890625	696.2447509765625	298.4267883300781	224.7974395751953	667.92822265625	577.9601440429688	305.7135314941406	286.81195068359375	682.9584350585938	225.17318725585938	274.72021484375	197.13600158691406	0.0	29.35323715209961	163.79661560058594	0.0	213.41156005859375	280.53631591796875	392.8074035644531	354.46728515625	405.3655700683594	152.8837890625	144.0025634765625	73.39535522460938	228.03196716308594	99.21912384033203	244.4890899658203	0.0	215.52496337890625	201.8838653564453	101.16018676757812	0.0	385.4591979980469	225.8907012939453	0.0	45.704471588134766	236.46661376953125	52.344051361083984	0.0	189.4852294921875	161.43910217285156	0.0	216.3163604736328	199.07601928710938	141.68492126464844	102.59042358398438	881.5339965820312	446.5971984863281	80.95121002197266	56.396270751953125	997.3431396484375	786.9990844726562	346.4866943359375	162.00692749023438	112.6856918334961	56.43169021606445	37.15494155883789	157.35882568359375	286.5329895019531	316.7846984863281	319.7013244628906	315.29803466796875	5.5785746574401855	390.6511535644531	305.609130859375	219.7583770751953	945.1188354492188	1137.4200439453125	995.0630493164062	174.8279571533203	203.98336791992188	575.52734375	509.59600830078125	41.256324768066406	283.49639892578125	402.33074951171875	0.0	0.0	401.99163818359375	186.58828735351562	0.0	371.4515075683594	672.1199951171875	333.6267395019531	319.4894714355469	517.8187255859375	74.90730285644531	0.0	238.47683715820312	404.4152526855469
393.1239929199219	1288.1754150390625	1001.322509765625	1281.8638916015625	1118.7567138671875	1195.9110107421875	1018.3580932617188	1390.493896484375	1249.614013671875	862.9306640625	1030.2861328125	443.1013488769531	882.554443359375	622.2962646484375	163.4552764892578	213.041748046875	43.34920883178711	35.65850067138672	0.0	0.0	30.740854263305664	0.0	0.0	33.933475494384766	53.63566589355469	0.0	0.0	0.0	0.0	0.0	0.0	19.717370986938477	174.01499938964844	350.8791809082031	256.306640625	563.8700561523438	196.41244506835938	58.55678176879883	329.363037109375	397.2201232910156	235.64404296875	273.2676696777344	319.63702392578125	2.9443557262420654	90.52831268310547	0.0	142.64447021484375	212.00592041015625	0.0	0.0	0.0	0.0	0.0	0.0	6.571193218231201	0.0	0.0	0.0	0.0	99.65733337402344	0.0	9.302299499511719	221.80322265625	185.4910888671875	19.303783416748047	682.4219360351562	825.6834716796875	394.67840576171875	590.7078857421875	741.0298461914062	276.5876159667969	966.769775390625	502.1802978515625	755.4290771484375	1141.3524169921875	826.0010375976562	611.141357421875	929.9169921875	145.4078369140625	137.96096801757812	7.509371757507324	683.618896484375	1284.585693359375	215.7299346923828	465.90716552734375	1190.2337646484375	834.0411987304688	1136.072509765625	1079.8018798828125	922.203369140625	762.83740234375	996.07568359375	900.8678588867188	493.98590087890625	493.2778015136719	0.0	28.398296356201172	37.113773345947266	75.82939910888672	70.73313903808594	36.09623718261719	97.32964324951172	115.85094451904297	138.11277770996094	53.101322174072266	92.07821655273438	0.0	0.0	21.00558853149414	0.0	3.944106101989746	0.06298094987869263	24.518491744995117	247.8767547607422	511.90972900390625	472.39056396484375	222.468017578125	253.33168029785156	541.135009765625	436.93695068359375	393.5984191894531	801.9612426757812	686.4430541992188	403.59759521484375	1042.0435791015625	847.0223388671875	151.49192810058594	118.97622680664062	159.30247497558594	166.06661987304688	25.790752410888672	133.0223846435547	161.76699829101562	0.0	374.779296875	338.12896728515625	100.63704681396484	305.39215087890625	296.07781982421875	75.64179229736328	100.5387954711914	0.0	213.1667938232422	248.58786010742188	69.39476013183594	0.0	0.0	0.0	0.0	0.0	0.0	0.0	0.0	0.0	0.0	0.0	0.0	0.0	31.704143524169922	264.5366516113281	50.44234848022461	373.008056640625	402.38812255859375	396.8738708496094	381.10015869140625	646.7002563476562	698.072998046875	870.512939453125	560.406494140625	613.1986083984375	662.073486328125	721.3369140625	547.54541015625	606.47900390625	571.4544067382812	412.46771240234375	0.0	141.3385467529297	473.86065673828125	367.0935974121094	110.95040130615234	389.2292785644531	393.0982971191406	305.5014343261719	326.3770446777344	324.24652099609375	780.1570434570312	567.1942138671875	486.989013671875	671.8370971679688	818.0177001953125	131.10671997070312	233.9286346435547	349.6106262207031	215.8787384033203	10.054970741271973	469.5751953125	400.0503234863281	203.74179077148438	46.52574920654297	513.1656494140625	90.1740951538086	165.69342041015625	0.0	84.81532287597656	62.666419982910156	0.0	0.0	128.37615966796875	123.11495971679688	804.9271240234375	1005.1610107421875	105.81288146972656	252.50778198242188	253.89886474609375	262.0048828125	62.992488861083984	173.91793823242188	163.28343200683594	192.62435913085938	532.86328125	121.02400207519531	197.44129943847656	138.07518005371094	202.527587890625	312.8054504394531	542.1522216796875	1030.5689697265625	250.32493591308594	185.5802764892578	467.3442077636719	921.7550659179688	110.68511199951172	395.8135986328125	465.7148132324219	213.3404083251953	0.0	281.274169921875	497.7959899902344	420.42510986328125	0.0	0.0	371.4776306152344	363.97247314453125	0.0	445.5480041503906	468.39306640625	65.43412780761719	119.78523254394531	439.571044921875	411.4753112792969	876.8909301757812	758.34814453125	820.2294921875	931.5203857421875	721.260009765625
1080.8583984375	504.3403015136719	803.447998046875	1255.5611572265625	804.7683715820312	234.32708740234375	1193.0650634765625	1439.70703125	561.4108276367188	359.1938781738281	1079.2105712890625	1167.28955078125	447.3032531738281	177.37322998046875	1319.730712890625	1335.9287109375	0.0	0.0	0.0	0.0	0.0	0.0	110.80024719238281	114.59004211425781	0.0	0.0	0.0	0.0	0.0	0.0	0.0	0.0	445.94891357421875	71.92440032958984	93.01896667480469	509.0877990722656	323.57012939453125	548.7164916992188	343.20086669921875	469.97296142578125	436.1794128417969	336.9339599609375	13.35968017578125	384.7288818359375	0.0	0.0	200.4110870361328	484.1123962402344	0.0	0.0	0.0	0.0	172.27806091308594	294.7955627441406	86.18487548828125	0.0	0.0	0.0	0.0	0.0	317.6174011230469	277.1411437988281	0.0	0.0	770.2115478515625	860.2477416992188	632.8436279296875	237.30641174316406	429.1788024902344	72.2772445678711	612.459716796875	550.7301635742188	647.6583251953125	864.8262939453125	945.216064453125	302.22674560546875	230.3421630859375	31.516464233398438	507.06915283203125	529.0247192382812	1017.62109375	718.5065307617188	85.7809829711914	636.3796997070312	1161.6661376953125	241.34193420410156	1.8850317001342773	978.10498046875	408.010009765625	19.67140769958496	138.8017578125	625.9439697265625	205.57481384277344	42.870452880859375	0.0	735.4662475585938	52.79515838623047	0.0	0.0	88.59861755371094	58.84087371826172	97.08444213867188	113.08482360839844	167.6200714111328	35.94626998901367	0.0	0.0	62.54421615600586	8.716484069824219	50.257442474365234	47.73549270629883	129.96585083007812	651.6627197265625	894.7828979492188	772.3386840820312	625.39697265625	349.4805603027344	255.38140869140625	305.8769226074219	378.7906188964844	1332.1580810546875	1228.816650390625	767.0179443359375	594.9503784179688	0.0	0.0	229.61773681640625	816.010498046875	192.72689819335938	0.0	0.0	98.52806854248047	67.5788345336914	412.21893310546875	395.8848876953125	234.4694366455078	163.96885681152344	140.57025146484375	0.0	104.35350036621094	123.293212890625	187.0115966796875	227.2127685546875	142.34507751464844	0.0	0.0	0.0	0.0	0.0	280.1874084472656	130.20672607421875	0.0	0.0	9.836902618408203	0.0	0.0	0.0	14.296188354492188	0.0	0.0	344.2782897949219	320.07611083984375	359.39923095703125	362.63250732421875	629.2164306640625	576.436279296875	813.659912109375	668.2546997070312	562.4010620117188	519.5935668945312	765.2156982421875	597.0047607421875	380.7732238769531	326.06805419921875	753.69970703125	531.0653686523438	445.26043701171875	805.4266357421875	644.6543579101562	247.63002014160156	579.5570068359375	560.7088623046875	109.1003646850586	159.1341094970703	214.03976440429688	475.2437438964844	507.8073425292969	189.0095672607422	671.1290283203125	711.9037475585938	369.05230712890625	17.033246994018555	235.3653106689453	0.0	0.0	24.917112350463867	191.3971405029297	0.0	97.03306579589844	0.0	0.0	0.0	159.6010284423828	195.4174346923828	0.0	0.0	65.8058090209961	144.17141723632812	346.22119140625	928.5325927734375	1054.505859375	688.0360107421875	0.0	142.18359375	0.0	212.0561981201172	1274.5955810546875	870.9367065429688	445.0564880371094	186.97679138183594	608.1941528320312	478.69091796875	406.8600158691406	462.97076416015625	353.5433654785156	731.8952026367188	1257.2816162109375	1042.4620361328125	290.1834716796875	993.3363037109375	1222.95703125	998.24560546875	286.1062927246094	64.74070739746094	93.22647857666016	0.0	1086.664306640625	1140.3184814453125	965.0420532226562	410.44921875	214.38955688476562	833.42724609375	717.9873657226562	342.455078125	575.5404052734375	715.871337890625	177.63287353515625	127.16624450683594	431.5207824707031	433.6745910644531	455.5031433105469	494.5703430175781	765.2977294921875	838.9644775390625	517.0499877929688	239.79798889160156
1113.43310546875	373.572998046875	1030.1246337890625	729.7255249023438	940.7576904296875	411.0228271484375	1453.153564453125	916.4310913085938	586.5003051757812	815.1411743164062	1374.0286865234375	331.8283996582031	7.727725028991699	1026.919921875	1516.6629638671875	164.4736328125	0.0	0.0	0.0	40.374603271484375	0.0	0.0	48.323081970214844	0.0	2.8941328525543213	0.0	36.49294662475586	0.0	0.0	0.0	0.0	0.0	346.5027770996094	37.48200225830078	691.136474609375	749.05859375	245.30979919433594	337.2073669433594	321.94500732421875	363.25555419921875	0.0	16.30622100830078	493.79962158203125	318.4007873535156	91.78871154785156	0.0	343.81072998046875	178.49131774902344	0.0	0.0	0.0	0.0	0.0	0.001695160986855626	0.0	0.0	178.37277221679688	10.162699699401855	0.0	10.38528060913086	159.201416015625	27.878957748413086	0.0	0.0	536.4160766601562	431.5470275878906	103.06797790527344	364.4729309082031	255.936767578125	542.1371459960938	740.1091918945312	773.5193481445312	271.84393310546875	298.75750732421875	161.27467346191406	222.01258850097656	0.0	400.68280029296875	569.8369140625	281.4341125488281	894.873291015625	550.4120483398438	0.0	533.2634887695312	318.6976013183594	0.0	644.4161987304688	887.3278198242188	189.63778686523438	0.0	792.2603759765625	771.2482299804688	0.0	0.0	1024.68115234375	645.217041015625	81.30207824707031	0.0	46.355369567871094	54.30617141723633	57.76005935668945	34.924320220947266	69.60791778564453	45.81310272216797	27.723600387573242	1.1027051210403442	173.91148376464844	71.84766387939453	24.622817993164062	0.0	116.80854797363281	7.807270050048828	348.9892272949219	570.3191528320312	583.1270141601562	585.0289306640625	865.9381713867188	1092.9339599609375	611.37158203125	345.84539794921875	39.45158004760742	31.082975387573242	208.72760009765625	400.9508972167969	176.0221405029297	306.6492004394531	553.5138549804688	589.3297729492188	0.0	0.0	127.96295928955078	85.76123046875	43.48898696899414	258.4932861328125	224.78253173828125	2.301436424255371	197.62428283691406	77.09739685058594	210.0496826171875	230.6573944091797	250.93309020996094	311.6869812011719	141.05677795410156	60.87723159790039	0.0	0.0	0.0	0.0	0.0	15.313146591186523	0.0	0.0	0.0	0.0	0.0	93.77091979980469	306.9293212890625	163.29873657226562	96.34156799316406	65.56962585449219	363.0877685546875	390.60504150390625	333.1585998535156	354.41595458984375	485.39617919921875	684.7976684570312	624.878173828125	251.0603790283203	496.7920837402344	384.0180969238281	710.7645874023438	337.6358642578125	374.6377258300781	572.17236328125	671.9216918945312	201.80621337890625	472.54296875	480.71185302734375	201.266357421875	13.961026191711426	205.05288696289062	29.709880828857422	398.3201904296875	370.95855712890625	455.5780029296875	341.4442443847656	348.8022766113281	28.95258331298828	52.64168930053711	59.951316833496094	131.05975341796875	81.382080078125	320.9609375	0.0	27.765600204467773	28.43731117248535	90.35857391357422	0.0	104.43274688720703	0.0	0.0	53.69380569458008	113.30980682373047	36.27153015136719	0.0	204.7640380859375	79.21110534667969	147.7689971923828	499.1173095703125	1154.3360595703125	1101.656005859375	445.3731384277344	1398.2845458984375	816.7007446289062	548.8243408203125	738.433349609375	973.1812133789062	1030.8226318359375	173.22015380859375	101.20751190185547	181.79324340820312	23.532302856445312	139.05368041992188	159.22677612304688	264.901611328125	1431.5445556640625	1408.0684814453125	259.0166320800781	511.22698974609375	846.171142578125	1196.9185791015625	661.7322998046875	942.3794555664062	1203.3115234375	907.5059204101562	257.5955810546875	6.294632434844971	476.7127685546875	409.21832275390625	36.60785675048828	370.91668701171875	600.1900024414062	223.80084228515625	154.7655029296875	385.9933776855469	135.9930877685547	67.4539566040039	310.4040832519531	492.8502197265625	310.481689453125	437.60418701171875	417.26055908203125	93.8232650756836	0.0	235.0180206298828	222.28927612304688
0.7879025936126709	649.71875	1182.52294921875	324.9992370605469	148.80299377441406	1213.3868408203125	1121.318115234375	169.42031860351562	869.8167724609375	1145.8677978515625	146.10438537597656	174.36070251464844	1022.9894409179688	655.4179077148438	187.52426147460938	60.66527557373047	0.0	61.8502311706543	58.61138153076172	0.0	60.51262283325195	8.237831115722656	81.91313171386719	0.0	47.62380599975586	63.07027053833008	0.0	13.447253227233887	0.0	7.587251663208008	0.0	12.178848266601562	16.819622039794922	71.60603332519531	216.11106872558594	45.60017013549805	74.39781188964844	147.1697540283203	159.42276000976562	79.90980529785156	101.52275085449219	135.8258514404297	52.35385513305664	86.23609924316406	0.0	0.0	86.54935455322266	0.0	16.189697265625	0.0	0.0	37.639617919921875	13.78031063079834	0.0	0.0	76.11604309082031	0.0	0.0	83.80980682373047	54.92219924926758	0.0	17.058727264404297	101.84864807128906	13.231348991394043	7.583488941192627	49.84758377075195	435.8847961425781	347.15106201171875	34.025123596191406	337.9917297363281	391.8832092285156	36.261104583740234	112.8547134399414	475.40032958984375	206.5829315185547	39.18492126464844	512.681640625	566.1788940429688	28.554655075073242	34.92207717895508	3.825120687484741	0.0	1138.9429931640625	1071.71435546875	6.388228416442871	378.7674255371094	1197.8714599609375	260.0660705566406	0.0	1203.719970703125	1022.7647094726562	23.99434471130371	533.4536743164062	1009.5161743164062	0.0	32.40327835083008	6.449995994567871	3.1162328720092773	91.82281494140625	99.9366683959961	11.477285385131836	34.05542755126953	100.5627212524414	40.59064865112305	31.093664169311523	85.00263214111328	108.79169464111328	0.0	0.0	94.8854751586914	0.0	0.0	18.097204208374023	0.0	88.663330078125	314.9283752441406	13.427376747131348	18.25138282775879	379.3422546386719	378.5035400390625	42.66166687011719	181.91383361816406	381.027587890625	124.44464874267578	236.75677490234375	355.857177734375	328.7125244140625	17.12981414794922	21.349536895751953	134.14886474609375	75.18800354003906	45.055850982666016	128.42039489746094	140.2006378173828	77.31134033203125	78.22579193115234	137.51036071777344	43.56779098510742	73.1791000366211	88.14212799072266	59.253456115722656	32.97117233276367	105.2752685546875	59.72570037841797	59.43592071533203	111.32660675048828	0.0	0.0	116.90642547607422	0.0	0.0	72.2365951538086	87.23110961914062	0.0	14.926131248474121	78.80689239501953	0.0	0.0	90.64532470703125	54.200592041015625	1.700170636177063	70.9715576171875	466.41558837890625	174.30113220214844	13.822237014770508	530.8319091796875	597.7000732421875	234.34097290039062	139.5709686279297	617.6636962890625	348.6199645996094	222.3106231689453	494.66827392578125	570.58837890625	276.2448425292969	44.89271926879883	0.0	0.0	173.7525634765625	161.62173461914062	0.0	204.2954864501953	222.2046661376953	78.5655746459961	0.0	229.6856231689453	155.532470703125	0.0	350.5767822265625	304.9789733886719	103.1347885131836	16.05722999572754	47.752349853515625	362.24462890625	373.4571533203125	36.75424575805664	203.20700073242188	396.37078857421875	238.89984130859375	38.512916564941406	374.52825927734375	415.15338134765625	30.75298500061035	0.0	388.9671325683594	11.091507911682129	7.7997965812683105	0.0	43.7229118347168	60.92853546142578	0.0	134.84713745117188	63.49922561645508	0.0	47.892398834228516	57.793678283691406	82.98119354248047	2.4231882095336914	86.3304214477539	42.16062545776367	0.0	104.61836242675781	48.386985778808594	51.714290618896484	21.428577423095703	142.3450469970703	178.0406494140625	53.35471725463867	133.3982696533203	136.5373077392578	0.0	78.30355072021484	159.10305786132812	107.81678009033203	25.09104347229004	87.78693389892578	140.7174835205078	0.0	111.389892578125	58.5604362487793	0.0	0.0	55.729557037353516	373.76483154296875	0.0	0.0	468.25567626953125	472.34869384765625	0.0	219.79464721679688	532.9501342773438	96.59923553466797	140.1939239501953	610.2515258789062	465.7315368652344	0.0
693.176513671875	1028.431640625	1181.1312255859375	82.11416625976562	329.7743225097656	1284.3341064453125	1278.1312255859375	46.033573150634766	179.92066955566406	1279.5084228515625	946.4134521484375	171.22760009765625	329.6006774902344	924.9818115234375	526.818115234375	145.90985107421875	0.0	34.409297943115234	0.0	0.0	0.0	0.0	0.0	0.0	0.0	22.146949768066406	0.0	58.30617904663086	0.0	0.0	0.0	0.0	0.0	67.0408706665039	270.44195556640625	206.4706573486328	0.0	307.1372375488281	367.504150390625	77.85359191894531	143.9892578125	266.6544494628906	244.30653381347656	223.05174255371094	156.72213745117188	10.150150299072266	0.0	0.0	0.0	0.0	0.0	0.0	122.45344543457031	3.433530569076538	0.0	21.766700744628906	74.28311157226562	2.3292670249938965	0.0	0.0	5.557098388671875	0.0	0.0	0.0	456.32171630859375	721.4652709960938	318.5693664550781	146.56385803222656	137.11024475097656	207.91558837890625	260.18096923828125	131.62954711914062	19.918102264404297	239.5870819091797	248.8407440185547	418.6915283203125	589.5831298828125	678.7903442382812	605.0887451171875	536.6226806640625	51.20988082885742	649.4329833984375	739.17041015625	412.6860046386719	217.56138610839844	44.23592758178711	960.013427734375	251.541748046875	0.0	444.7181396484375	1099.139404296875	129.2552947998047	174.24807739257812	477.38201904296875	646.87060546875	29.137632369995117	0.0	85.05017852783203	135.5340118408203	50.600704193115234	53.31828308105469	61.37454605102539	137.4350128173828	20.062774658203125	45.3794059753418	72.65894317626953	121.7027816772461	25.505680084228516	6.9347991943359375	45.065528869628906	0.0	0.0	342.78070068359375	227.1605224609375	213.1973876953125	223.7860870361328	0.0	0.0	339.7315368652344	280.20172119140625	58.162872314453125	19.46346092224121	793.8321533203125	562.5482177734375	616.9947509765625	556.7933959960938	1010.5415649414062	680.697265625	122.54499053955078	0.0	183.42701721191406	46.942596435546875	107.24684143066406	228.71688842773438	251.57920837402344	18.426809310913086	198.80531311035156	152.516357421875	291.3620300292969	74.62458801269531	124.84329986572266	36.47789001464844	76.54034423828125	0.0	0.0	0.0	0.0	0.0	18.575244903564453	0.0	128.58489990234375	2.453765392303467	226.1473388671875	0.0	30.797447204589844	0.0	0.0	0.0	0.0	0.0	247.59310913085938	491.3047180175781	553.2740478515625	106.49473571777344	418.7348327636719	736.2422485351562	630.3009033203125	120.32300567626953	170.56173706054688	754.3643798828125	403.49908447265625	349.7996520996094	186.63427734375	763.537841796875	387.197998046875	306.5582275390625	273.6507568359375	343.9771728515625	333.0337829589844	44.48186111450195	388.3952331542969	205.61326599121094	18.938827514648438	5.481447696685791	34.76371383666992	76.07408142089844	32.07518768310547	24.015169143676758	204.7057647705078	474.20465087890625	482.56390380859375	407.4168395996094	244.90496826171875	410.2998962402344	175.5840606689453	0.0	206.85043334960938	319.9857482910156	147.91099548339844	8.039769172668457	274.13671875	404.76861572265625	183.9090118408203	0.0	286.50091552734375	183.140380859375	31.794418334960938	0.0	206.26507568359375	133.93724060058594	194.02490234375	112.52531433105469	0.0	0.0	97.26176452636719	86.7012710571289	76.13163757324219	0.0	146.60899353027344	53.30211639404297	357.7129211425781	434.4487609863281	524.7548217773438	422.87164306640625	200.37054443359375	154.02047729492188	308.6935729980469	132.33189392089844	301.9258728027344	384.27264404296875	155.9194793701172	34.77583694458008	37.6110725402832	160.08653259277344	0.0	131.2967987060547	145.4261016845703	155.03684997558594	244.6839141845703	360.8616638183594	43.91892623901367	359.77996826171875	398.7623596191406	188.25521850585938	214.74879455566406	374.0275573730469	146.7230682373047	121.85559844970703	36.9301872253418	18.463533401489258	167.59432983398438	0.0	4.376677989959717	640.7294921875	820.1692504882812	514.8796997070312
828.5067138671875	627.6055908203125	1631.8895263671875	860.5599365234375	285.7785949707031	1302.625	1405.3450927734375	323.8877868652344	1078.7562255859375	1313.5838623046875	658.4300537109375	377.32928466796875	1248.879638671875	1006.2770385742188	436.71661376953125	348.4122009277344	0.0	0.0	70.59859466552734	24.50439453125	0.0	0.0	34.98831558227539	0.0	19.37656593322754	22.55561065673828	0.0	0.0	0.0	0.0	0.0	0.0	0.0	166.93190002441406	562.5532836914062	611.7579956054688	326.6195983886719	374.5860290527344	100.13114929199219	51.08080291748047	224.62973022460938	213.56365966796875	367.25579833984375	382.7635192871094	0.0	74.45832824707031	193.5318145751953	0.0	19.10027503967285	104.51181030273438	0.0	0.0	216.76895141601562	129.26417541503906	0.0	26.08677864074707	46.109580993652344	0.0	175.56040954589844	107.0457763671875	0.0	0.0	0.0	0.0	762.166748046875	52.6263313293457	616.70947265625	539.62353515625	88.09442138671875	411.9376220703125	691.7939453125	384.8880310058594	241.59849548339844	550.890380859375	347.5211181640625	532.8536987304688	661.3119506835938	684.3574829101562	716.4082641601562	893.9317016601562	896.8449096679688	192.37620544433594	699.9677124023438	1137.0538330078125	137.67034912109375	141.51303100585938	1294.84130859375	1061.36279296875	0.0	1141.39599609375	1301.967041015625	74.79935455322266	549.6249389648438	866.1471557617188	194.61834716796875	117.73406219482422	64.9031753540039	67.76183319091797	144.4369659423828	115.79749298095703	78.91790771484375	11.089763641357422	73.48048400878906	52.23415756225586	18.19745445251465	51.63637924194336	92.11398315429688	14.506805419921875	0.0	0.0	0.0	0.0	270.232177734375	75.86656951904297	85.83110809326172	377.65057373046875	206.1295623779297	159.27191162109375	346.4718322753906	457.46405029296875	123.31768798828125	145.98214721679688	655.3707275390625	619.2408447265625	490.6431884765625	992.48828125	1259.4381103515625	1041.8291015625	12.135650634765625	369.23150634765625	290.461181640625	118.50121307373047	265.5567932128906	357.3774719238281	260.28436279296875	79.23260498046875	273.1377868652344	103.09584045410156	264.646728515625	290.94293212890625	39.01362991333008	10.317697525024414	113.37932586669922	0.0	0.0	0.0	0.0	0.0	337.5647888183594	379.3264465332031	0.0	0.0	189.6307830810547	0.0	0.0	0.0	0.0	0.0	0.0	0.0	428.9478454589844	446.8421325683594	579.8707885742188	183.68206787109375	370.577392578125	467.9161071777344	736.6707763671875	282.31793212890625	242.26454162597656	639.9817504882812	702.4317016601562	487.4680480957031	519.87548828125	633.21875	561.0241088867188	417.0638732910156	656.3626098632812	697.7357788085938	139.78915405273438	130.2627716064453	231.5032958984375	62.84050750732422	312.8893127441406	230.36279296875	0.0	265.3072814941406	366.57501220703125	141.25332641601562	454.64691162109375	495.8409423828125	485.4496154785156	651.6036987304688	68.26426696777344	42.97907638549805	120.09066009521484	0.0	22.108474731445312	396.7635498046875	219.94363403320312	0.0	461.0552978515625	511.2215270996094	103.9615478515625	0.0	467.7001953125	164.2252197265625	0.0	0.0	68.11459350585938	239.60391235351562	523.9970092773438	385.0129699707031	258.1971130371094	164.013916015625	0.0	185.54611206054688	96.85472106933594	0.0	84.6485824584961	163.25897216796875	461.916259765625	909.627685546875	848.0501098632812	603.8549194335938	393.57818603515625	1151.669677734375	1308.6676025390625	452.8907775878906	320.15142822265625	359.24432373046875	87.26385498046875	115.25582122802734	153.6687469482422	150.90574645996094	269.6567687988281	398.8508605957031	312.4210510253906	34.810089111328125	160.04185485839844	378.48028564453125	703.029296875	764.9675903320312	217.81663513183594	114.80035400390625	642.4700317382812	0.0	370.0540771484375	499.8143615722656	0.0	113.5483169555664	617.4111328125	424.71368408203125	223.0809326171875	789.6873779296875	640.9869995117188	727.5476684570312
1077.013671875	224.81837463378906	796.522216796875	1279.8994140625	868.7040405273438	275.2672424316406	872.7034301757812	1381.646728515625	429.21722412109375	279.0916748046875	1080.6478271484375	1110.574462890625	341.02911376953125	255.58624267578125	1218.5977783203125	1033.0966796875	0.0	0.0	25.463455200195312	20.34937286376953	73.67943572998047	54.91531753540039	118.88116455078125	31.993221282958984	0.0	0.0	0.0	0.0	6.375723838806152	0.0	0.0	0.0	316.44927978515625	151.5875244140625	77.4333724975586	415.0863037109375	226.87838745117188	368.3647766113281	155.49830627441406	394.5158996582031	290.2021179199219	179.893798828125	40.44361114501953	249.38937377929688	0.0	0.0	205.34547424316406	298.06451416015625	0.0	0.0	0.0	0.0	34.91447067260742	168.9095458984375	0.0	0.0	0.0	0.0	0.0	0.0	193.98487854003906	155.2255859375	0.0	0.0	571.2913818359375	532.7274780273438	184.8745574951172	126.60536193847656	432.8304443359375	112.6739730834961	390.34893798828125	400.2181396484375	365.17718505859375	688.93701171875	723.1038208007812	477.8876647949219	184.643310546875	76.65618896484375	559.0366821289062	451.6162109375	1032.888916015625	796.128173828125	0.0	813.7555541992188	1001.04833984375	155.78857421875	0.0	1001.2105102539062	358.1854248046875	10.457371711730957	0.0	814.7968139648438	116.58413696289062	16.431591033935547	158.9182586669922	816.3069458007812	41.205787658691406	100.74935150146484	0.0	152.4547119140625	111.00196075439453	57.751617431640625	0.0	150.8936309814453	0.0	0.0	0.0	88.6143798828125	35.06834030151367	63.28790283203125	42.43217086791992	143.98892211914062	284.3724365234375	337.8732604980469	150.0342254638672	242.76492309570312	431.56414794921875	257.1580505371094	120.70283508300781	338.9747619628906	1361.845458984375	1151.8609619140625	710.8515014648438	454.4959716796875	56.93373107910156	0.9669147729873657	96.84709167480469	426.0850524902344	96.99222564697266	0.0	69.30034637451172	101.32421875	83.77731323242188	246.37591552734375	201.5215301513672	176.6053009033203	117.92878723144531	89.067626953125	0.0	98.80718994140625	152.34054565429688	200.0052947998047	94.2785415649414	177.3762969970703	0.0	0.0	0.0	0.0	0.0	0.0	0.0	0.0	0.0	0.0	0.0	0.0	0.0	0.0	0.0	3.84550404548645	332.02752685546875	156.8154754638672	398.42608642578125	339.6278381347656	579.9215698242188	455.0640869140625	772.0579223632812	667.5233764648438	564.3128051757812	551.4221801757812	751.3829956054688	624.1646728515625	274.6552734375	221.3964080810547	713.662841796875	458.61846923828125	245.06060791015625	287.6622314453125	24.32237434387207	46.80184555053711	296.7074890136719	185.5006866455078	1.2726614475250244	64.7322769165039	271.470458984375	363.8016357421875	366.6918640136719	217.74974060058594	535.8221435546875	572.501953125	289.3633728027344	141.9312744140625	298.9430847167969	2.5612127780914307	333.5906677246094	187.6036834716797	194.3304901123047	0.0	276.941650390625	208.65505981445312	0.0	0.0	272.50933837890625	154.40899658203125	0.0	0.0	85.6441879272461	5.567073345184326	116.51432800292969	239.0042266845703	198.93553161621094	183.94248962402344	0.0	58.22224426269531	0.0	80.90672302246094	1235.7802734375	819.7290649414062	457.2297668457031	150.7322235107422	487.07623291015625	396.073974609375	136.55316162109375	201.14532470703125	236.43313598632812	144.08151245117188	419.0944519042969	307.19122314453125	28.40694808959961	379.64105224609375	383.88555908203125	258.8365478515625	370.3393859863281	59.707279205322266	76.79443359375	0.0	1133.503173828125	1048.88525390625	957.2634887695312	311.765380859375	27.1484432220459	338.158203125	41.928871154785156	68.07206726074219	432.8771057128906	424.4761962890625	0.0	171.89393615722656	611.5111083984375	405.81707763671875	366.3563537597656	459.0372619628906	594.9540405273438	613.4324340820312	306.42218017578125	278.07952880859375
614.3363647460938	1265.555908203125	408.1690368652344	286.37005615234375	575.569580078125	1062.2933349609375	324.8077392578125	172.04833984375	115.91627502441406	918.6607666015625	1413.3319091796875	0.0	646.9051513671875	763.5487060546875	1197.7132568359375	175.28884887695312	0.0	0.0	0.0	0.0	0.0	0.0	0.0	81.41202545166016	15.581622123718262	63.14588928222656	22.095937728881836	42.97018814086914	0.0	0.0	0.0	0.0	18.15740394592285	156.51522827148438	0.0	158.0464324951172	0.0	297.0350646972656	545.396728515625	123.89169311523438	131.342041015625	183.09597778320312	702.9364013671875	397.3899841308594	288.7943420410156	156.8381805419922	0.0	108.8346939086914	0.0	0.0	138.20167541503906	178.2107696533203	0.0	0.0	131.43885803222656	166.90855407714844	174.86618041992188	37.855384826660156	0.0	0.0	0.0	0.0	0.0	0.0	199.1600799560547	471.673583984375	445.88189697265625	84.98992156982422	204.64297485351562	234.16146850585938	102.38763427734375	186.15548706054688	79.41031646728516	296.1792907714844	576.2139892578125	477.0406494140625	510.61199951171875	1020.7877197265625	1064.7667236328125	456.59320068359375	0.0	948.2379150390625	1075.2840576171875	0.0	0.0	594.7587890625	316.8712158203125	43.41455841064453	60.210838317871094	194.28677368164062	617.3995361328125	552.4451293945312	145.24951171875	252.9935760498047	673.7852783203125	291.6095886230469	0.0	143.54742431640625	82.54291534423828	51.08672332763672	0.0	92.63763427734375	109.78450775146484	0.0	44.176204681396484	85.78060150146484	71.24478912353516	30.887575149536133	0.0	0.0	0.0	0.0	61.661869049072266	18.061473846435547	187.2825469970703	0.0	71.74935150146484	385.7643737792969	612.409423828125	256.1490173339844	101.2757568359375	99.21666717529297	457.2745361328125	520.6981201171875	802.0448608398438	1079.6785888671875	803.8779907226562	574.7862548828125	79.59480285644531	0.0	121.54254913330078	217.93374633789062	34.66154861450195	0.0	156.79409790039062	232.51571655273438	93.5638656616211	377.04095458984375	198.39588928222656	37.473880767822266	32.9926643371582	199.74171447753906	41.20166778564453	0.0	98.81581115722656	0.0	0.0	30.190170288085938	0.0	0.0	76.2021713256836	177.64926147460938	0.0	0.0	0.0	0.0	0.0	0.0	0.0	0.0	164.30882263183594	484.51983642578125	455.0198059082031	256.2734680175781	432.737548828125	667.7565307617188	559.0147094726562	301.83624267578125	471.6676330566406	759.8766479492188	479.2763977050781	242.73802185058594	331.9956359863281	781.5810546875	686.1586303710938	185.26893615722656	0.0	404.4575500488281	674.4468994140625	575.9841918945312	243.3401336669922	165.9661407470703	0.0	30.834455490112305	254.96360778808594	245.64401245117188	37.072364807128906	72.54505920410156	256.1402893066406	506.6846008300781	597.3310546875	308.6165466308594	441.6166687011719	374.7886047363281	0.0	0.0	365.2549133300781	153.15977478027344	52.41383361816406	0.0	172.79989624023438	35.59696960449219	34.607521057128906	0.0	90.95720672607422	62.96287155151367	0.0	0.0	28.938915252685547	0.0	396.6756591796875	537.0282592773438	10.015132904052734	934.6893310546875	529.9783325195312	63.11924362182617	0.0	875.7680053710938	894.9520874023438	196.77467346191406	1026.7308349609375	785.4998779296875	701.278564453125	481.4056701660156	200.61766052246094	304.9891662597656	838.4286499023438	967.4227294921875	199.68130493164062	355.93994140625	146.43162536621094	315.19342041015625	145.8689727783203	781.0321655273438	980.4036254882812	55.78620529174805	463.9037170410156	0.0	184.56993103027344	235.62449645996094	0.0	251.06072998046875	736.0608520507812	763.5482788085938	77.1361312866211	286.3823547363281	362.7996826171875	28.799976348876953	162.90589904785156	274.1107482910156	113.70600891113281	98.1794662475586	66.04730224609375	540.9449462890625	769.847412109375	532.6456909179688
100.06005096435547	324.33843994140625	1319.752685546875	1168.0091552734375	182.63748168945312	725.3763427734375	1231.1956787109375	299.7701416015625	1023.531494140625	908.670654296875	893.5477905273438	178.862060546875	1066.1383056640625	516.7373657226562	211.98654174804688	106.93891906738281	0.0	19.612350463867188	0.0	47.7725944519043	19.045854568481445	84.47505187988281	60.80115509033203	0.0	64.33393859863281	0.0	42.82277297973633	0.0	0.0	0.0	0.0	20.887758255004883	0.0	26.767749786376953	394.3414001464844	361.6455383300781	360.68487548828125	335.4782409667969	204.94305419921875	39.99414825439453	516.09326171875	286.432861328125	94.25802612304688	126.24606323242188	0.0	0.0	93.75579833984375	101.01441955566406	90.94039154052734	71.31827545166016	70.38717651367188	0.0	98.3547134399414	0.0	13.659687042236328	45.004825592041016	0.0	0.0	0.0	63.03932571411133	0.0	0.0	0.4943334758281708	0.0	124.96746826171875	193.85858154296875	454.96905517578125	540.0303344726562	0.0	236.24928283691406	534.7843017578125	298.0233459472656	454.518310546875	646.0796508789062	428.48004150390625	255.61131286621094	685.0343627929688	701.59521484375	67.8184585571289	22.158727645874023	35.0168571472168	326.2745361328125	258.9180908203125	1078.16064453125	79.84117889404297	36.732208251953125	1261.36767578125	1157.3212890625	520.2896728515625	404.5354919433594	856.9443359375	82.9615249633789	667.779541015625	434.6502990722656	79.72249603271484	0.0	0.0	70.7105712890625	134.52239990234375	132.68331909179688	56.72022247314453	29.93573760986328	91.0970230102539	64.76219177246094	67.8691635131836	17.86557388305664	87.39885711669922	0.0	43.97309494018555	40.87593078613281	4.621445178985596	0.0	10.77849292755127	0.0	119.40612030029297	343.5551452636719	86.69811248779297	66.16133880615234	195.96389770507812	411.7425231933594	672.7565307617188	941.9826049804688	751.6790771484375	411.8259582519531	626.9923095703125	631.8656616210938	578.528564453125	334.424560546875	22.953519821166992	168.9873809814453	284.7918395996094	223.0155029296875	61.121849060058594	295.19927978515625	200.396240234375	164.19764709472656	172.06336975097656	108.1222915649414	66.63323211669922	112.93297576904297	0.0	0.0	13.459342002868652	16.5671329498291	0.0	1.8596692085266113	0.0	93.13259887695312	9.448028564453125	129.81484985351562	0.0	0.0	0.0	0.0	0.0	41.24848937988281	0.0	0.0	2.472266674041748	0.0	80.88716125488281	320.4533996582031	720.920166015625	315.67364501953125	240.88949584960938	350.7486267089844	731.9851684570312	264.7015075683594	265.7491149902344	627.2406005859375	774.0737915039062	323.8058776855469	407.37127685546875	610.9639282226562	490.07366943359375	295.1156005859375	140.09388732910156	385.6239318847656	257.42266845703125	140.62168884277344	69.22209167480469	0.0	204.71018981933594	126.87732696533203	0.0	318.7401123046875	324.13037109375	105.40167999267578	657.7357788085938	667.8812866210938	345.3436584472656	74.26893615722656	155.7108917236328	112.4953842163086	195.15704345703125	0.0	61.296810150146484	303.8789367675781	282.30908203125	50.395442962646484	307.1185302734375	424.24053955078125	121.38227081298828	0.0	192.2028350830078	11.235703468322754	0.0	0.0	0.0	0.0	0.0	315.59002685546875	10.1377534866333	84.28813171386719	0.0	78.84456634521484	509.99200439453125	267.60919189453125	104.77812194824219	111.50088500976562	443.7195739746094	890.0487060546875	743.7046508789062	236.21107482910156	85.14350128173828	432.6386413574219	908.1527099609375	700.2859497070312	92.62468719482422	217.44395446777344	95.30607604980469	0.0	224.9104766845703	0.0	16.251684188842773	168.8308868408203	373.22125244140625	817.476318359375	840.1048583984375	300.1355285644531	78.49093627929688	232.8184356689453	304.6348876953125	111.72712707519531	0.0	0.0	164.65370178222656	490.920654296875	0.0	10.238146781921387	520.7128295898438	520.2302856445312	739.4425659179688	913.6838989257812	780.0484008789062	231.818603515625
586.670654296875	848.609130859375	1404.7564697265625	1309.96728515625	144.9227294921875	751.9374389648438	1665.3985595703125	872.316650390625	688.8229370117188	1063.501220703125	1307.8360595703125	159.357177734375	765.5238647460938	973.89111328125	431.7467041015625	123.45934295654297	0.0	0.0	0.0	0.0	53.336421966552734	51.81153106689453	0.0	0.0	0.0	0.0	3.562248468399048	0.0	0.0	0.0	0.0	0.0	0.0	0.0	308.54656982421875	552.3257446289062	411.97406005859375	271.8025207519531	356.938232421875	170.88589477539062	447.4520568847656	328.13507080078125	81.75408935546875	82.62211608886719	0.0	0.0	41.65564727783203	110.4549560546875	0.0	0.0	0.0	0.0	151.60513305664062	101.1158447265625	0.0	0.0	0.0	0.0	0.0	77.15750885009766	0.0	0.0	0.0	12.529195785522461	418.2384948730469	686.3323364257812	252.68072509765625	561.7581176757812	38.53664016723633	345.9574890136719	556.9771728515625	600.653564453125	466.0831604003906	626.0700073242188	557.9122924804688	89.2206802368164	727.1336059570312	825.8410034179688	387.50836181640625	141.0357208251953	139.76235961914062	434.1977844238281	262.1279602050781	936.2276000976562	231.8018035888672	146.8326873779297	1068.6407470703125	1180.4451904296875	618.9525146484375	290.85626220703125	1124.2978515625	766.802001953125	298.29168701171875	329.4985656738281	377.7509460449219	0.0	0.0	0.0	122.78777313232422	103.51600646972656	88.1675796508789	98.82449340820312	72.6796646118164	54.508827209472656	57.27553939819336	24.328947067260742	40.82238006591797	61.33184814453125	0.0	0.0	0.0	0.0	323.80828857421875	342.0748291015625	164.1488800048828	277.6339416503906	259.1072082519531	216.26275634765625	197.9890594482422	417.0184326171875	647.9525756835938	616.8452758789062	488.16748046875	439.0235595703125	832.8203125	627.7593994140625	710.9635620117188	539.259033203125	93.22710418701172	0.0	248.8922119140625	187.4106903076172	130.54913330078125	345.5218811035156	330.71466064453125	90.86172485351562	61.128963470458984	177.791015625	132.5628662109375	73.98725891113281	0.0	0.0	0.0	37.43473434448242	0.0	0.0	0.0	0.0	0.0	135.31394958496094	0.0	0.0	0.0	44.700225830078125	0.0	7.480792045593262	0.0	0.0	0.0	0.0	290.31121826171875	464.15289306640625	649.6636352539062	567.909423828125	606.1476440429688	696.7703857421875	768.6193237304688	628.340087890625	315.3193664550781	747.5158081054688	862.8275756835938	389.48992919921875	574.6718139648438	599.4580078125	728.95556640625	348.0431213378906	481.5235595703125	605.30078125	346.8609924316406	65.90943145751953	348.0943908691406	219.06532287597656	302.30169677734375	195.6826629638672	91.67351531982422	169.8448944091797	320.7160339355469	147.0775909423828	565.57421875	708.9221801757812	398.1060791015625	51.596012115478516	207.8042755126953	203.00279235839844	333.42694091796875	143.52865600585938	98.57215881347656	126.80343627929688	255.5286407470703	46.92136001586914	43.34722137451172	389.2049865722656	242.3409423828125	0.0	33.92612075805664	6.1411285400390625	0.0	0.0	294.7014465332031	404.72479248046875	311.4996337890625	478.7454528808594	0.0	16.727930068969727	182.33071899414062	122.5111083984375	744.3526611328125	294.8672180175781	0.0	130.27288818359375	500.4853210449219	712.56982421875	805.4183349609375	348.2160339355469	370.1579895019531	670.4000854492188	740.089111328125	793.041015625	333.5484313964844	865.068115234375	771.3244018554688	16.766454696655273	346.8126220703125	154.7070770263672	0.0	141.68666076660156	741.3839111328125	668.642333984375	550.8369140625	52.97725296020508	269.33978271484375	564.5096435546875	423.6275939941406	103.95599365234375	250.8187255859375	351.8500671386719	15.209699630737305	448.14300537109375	0.0	0.0	515.7879638671875	447.4945068359375	692.715087890625	921.199462890625	882.635498046875	353.9473571777344
1246.5360107421875	286.70257568359375	399.541259765625	520.0857543945312	898.6065673828125	229.67710876464844	423.54022216796875	433.2960205078125	621.1495361328125	250.57611083984375	809.8623046875	1482.53466796875	717.2466430664062	269.2405090332031	655.447509765625	1106.5736083984375	0.0	0.0	50.030765533447266	49.32170486450195	0.0	0.0	0.0	0.0	0.0	108.31378936767578	158.8316650390625	23.332494735717773	0.0	0.0	0.0	0.0	259.44427490234375	97.8543472290039	107.8125228881836	279.32073974609375	103.09952545166016	278.2938232421875	258.7501525878906	483.0570373535156	436.71917724609375	226.42945861816406	162.67388916015625	785.9046630859375	469.96514892578125	356.06439208984375	0.0	0.0	0.0	197.48179626464844	289.27020263671875	171.1644287109375	0.0	0.0	0.0	59.40423583984375	89.8786392211914	317.5860290527344	137.37242126464844	0.0	0.0	0.0	0.0	0.0	599.8751831054688	358.06793212890625	479.3907775878906	315.9952392578125	375.3999938964844	427.4660339355469	395.66217041015625	426.2417297363281	265.0498962402344	157.8673858642578	350.1036682128906	774.0729370117188	475.9569396972656	660.0443115234375	1059.56982421875	1186.0924072265625	948.71728515625	922.9435424804688	0.0	55.1307373046875	527.3248901367188	232.04701232910156	0.0	0.0	698.7650146484375	40.363311767578125	0.0	685.1585693359375	235.55450439453125	79.0128402709961	14.401065826416016	742.0234985351562	72.19367980957031	6.850174427032471	89.03799438476562	50.950069427490234	32.678321838378906	19.46232795715332	0.0	0.0	122.25936889648438	59.98986053466797	57.97892379760742	98.80237579345703	52.96015548706055	0.0	0.0	0.0	739.1470947265625	956.1997680664062	367.074951171875	0.0	872.721923828125	1204.150146484375	1223.5594482421875	815.218505859375	680.9235229492188	435.0687255859375	127.31652069091797	323.6150817871094	1299.1566162109375	1282.2940673828125	1226.6728515625	726.9616088867188	0.0	138.6007537841797	175.9265899658203	57.221622467041016	64.63298797607422	14.411426544189453	74.54781341552734	82.3093490600586	225.02410888671875	305.8448486328125	378.781494140625	186.99794006347656	36.99300765991211	150.61814880371094	221.90548706054688	24.954917907714844	0.0	0.0	0.0	0.0	0.0	0.0	19.763145446777344	0.0	80.65376281738281	0.0	0.0	0.0	0.0	0.0	0.0	0.0	497.1138916015625	680.756591796875	774.93115234375	584.4736328125	681.8239135742188	550.5853881835938	634.0155639648438	651.8897094726562	710.0563354492188	633.0509643554688	632.6051635742188	551.1278076171875	468.8482971191406	604.8494262695312	760.4737548828125	764.9618530273438	348.5235900878906	829.4879150390625	746.6822509765625	453.8641357421875	473.65850830078125	467.5971374511719	330.56585693359375	168.5137481689453	406.594970703125	503.4478454589844	470.7799377441406	136.60073852539062	306.9908752441406	362.3697204589844	647.608642578125	658.8556518554688	461.7868347167969	0.0	0.0	0.0	0.0	0.0	0.0	0.0	4.170105934143066	0.0	0.0	0.0	0.0	0.0	0.0	0.0	45.5506706237793	133.21560668945312	796.2091064453125	1007.5720825195312	1048.37109375	1295.107666015625	1499.2982177734375	719.0184326171875	0.0	83.11447143554688	1119.5269775390625	1139.6600341796875	1369.1170654296875	1165.6368408203125	725.8435668945312	516.903564453125	175.31045532226562	893.861328125	1510.234619140625	1329.6328125	883.1442260742188	863.84228515625	647.1884765625	200.8784637451172	618.96337890625	1458.497802734375	1629.0074462890625	1411.41259765625	795.477294921875	220.5063934326172	0.0	166.78294372558594	160.6774139404297	808.8334350585938	908.6332397460938	645.8114013671875	827.0632934570312	618.1417236328125	430.8892822265625	220.788818359375	368.0370788574219	441.74224853515625	361.6914978027344	142.7067413330078	483.7545471191406	439.526123046875	683.5465698242188	865.99072265625
871.5396118164062	707.8719482421875	1333.361572265625	86.14107513427734	920.0919189453125	681.8002319335938	1298.3193359375	228.69229125976562	727.74365234375	716.1981811523438	936.8291625976562	422.88336181640625	42.680030822753906	285.1470031738281	1143.171630859375	789.2943115234375	6.609344005584717	37.82559585571289	73.01815032958984	0.0	0.0	0.0	80.94183349609375	0.0	0.0	0.0	0.0	0.0	14.679685592651367	0.0	0.0	0.0	356.9451599121094	204.48208618164062	476.9598083496094	359.6368713378906	314.4717712402344	262.53228759765625	318.3434753417969	254.65675354003906	0.0	0.0	370.19573974609375	446.4085388183594	93.70585632324219	0.0	284.03460693359375	452.8353271484375	0.0	0.0	0.0	0.0	0.0	0.0	0.0	0.0	103.80695343017578	15.431793212890625	0.0	0.0	199.21592712402344	204.1555633544922	0.0	0.0	128.49810791015625	248.87289428710938	164.15391540527344	164.50328063964844	277.60687255859375	669.484375	574.2455444335938	185.84603881835938	333.5122985839844	386.49810791015625	105.24024963378906	130.33322143554688	0.0	153.66143798828125	348.74249267578125	354.462158203125	460.8322448730469	154.17726135253906	842.5882568359375	685.9536743164062	216.12168884277344	45.749610900878906	820.8645629882812	652.4937744140625	167.7527618408203	161.38619995117188	288.9114990234375	347.4270935058594	61.56171417236328	27.039691925048828	13.67336368560791	361.46942138671875	79.02311706542969	2.3979275226593018	148.53045654296875	40.05918502807617	55.93400192260742	0.0	136.27642822265625	61.6120491027832	36.92144012451172	0.0	105.58772277832031	23.4350643157959	30.230567932128906	13.911728858947754	27.0634765625	33.69466018676758	227.7845916748047	223.85630798339844	187.76309204101562	352.8111572265625	647.3124389648438	941.029541015625	475.812744140625	429.10491943359375	74.91539764404297	192.9044647216797	293.7882080078125	388.4750061035156	96.3608169555664	158.8559112548828	341.18365478515625	582.5033569335938	0.0	47.98908233642578	138.1312255859375	93.72767639160156	95.88371276855469	20.261728286743164	123.62016296386719	55.589839935302734	142.470458984375	0.0	48.61900329589844	42.803768157958984	161.61436462402344	226.73110961914062	216.08058166503906	0.0	0.0	0.0	0.0	0.0	0.0	0.0	0.0	0.0	0.0	0.0	0.0	0.0	203.6851043701172	255.61685180664062	0.0	0.0	247.72781372070312	432.59844970703125	480.05377197265625	185.122802734375	387.8409423828125	702.1510620117188	754.1292724609375	241.8032989501953	465.2431335449219	473.0127258300781	667.6232299804688	300.3778381347656	446.7051086425781	476.76153564453125	562.47216796875	223.0349884033203	67.8636245727539	0.0	31.919811248779297	7.3566508293151855	105.05978393554688	40.24322509765625	138.63226318359375	64.70738220214844	423.0782165527344	549.8963623046875	275.12353515625	0.0	136.18125915527344	217.2970733642578	111.4182357788086	97.72624206542969	169.76544189453125	280.8507385253906	171.1479034423828	41.636985778808594	180.8995819091797	316.528076171875	181.3827667236328	58.585208892822266	0.0	17.43250846862793	199.5523223876953	97.11530303955078	0.0	35.74360275268555	0.0	78.90692901611328	209.3069305419922	176.46517944335938	238.66790771484375	0.0	1151.7286376953125	566.0620727539062	97.7948989868164	106.4962387084961	749.0921630859375	926.68798828125	642.8544311523438	202.83108520507812	131.81903076171875	0.0	716.7621459960938	672.9715576171875	234.07534790039062	468.9112243652344	501.5506286621094	43.44164276123047	534.6033935546875	221.05625915527344	318.0875549316406	50.9196662902832	782.5263671875	1065.1279296875	956.3175048828125	79.12438201904297	0.0	525.3795776367188	824.9183959960938	166.45651245117188	47.47681427001953	0.0	47.89973449707031	71.71746826171875	64.47771453857422	0.0	305.30572509765625	126.5093765258789	397.36962890625	410.1818542480469	521.0765380859375	221.95733642578125	174.41078186035156	208.0513916015625	0.0	37.27478790283203
458.4627990722656	883.083984375	1189.863037109375	746.5924682617188	773.3609619140625	825.7471313476562	1351.790771484375	664.6341552734375	374.4263610839844	1197.609619140625	1245.592041015625	273.7673034667969	736.6224365234375	1043.4097900390625	190.76893615722656	299.8304748535156	105.09923553466797	55.802154541015625	5.692508220672607	0.0	21.54341697692871	17.70724868774414	0.0	0.0	0.0	0.0	0.0	0.0	0.0	0.0	0.0	4.669188499450684	415.4814453125	399.8961486816406	479.4979553222656	389.7862243652344	400.14337158203125	41.2446403503418	356.0943298339844	325.15777587890625	101.9981918334961	156.44332885742188	236.4691925048828	22.904165267944336	215.04647827148438	56.110816955566406	111.74871826171875	155.3663787841797	7.529098033905029	0.0	0.0	0.0	0.0	0.0	0.0	0.0	132.2373809814453	101.12787628173828	0.0	0.0	141.34754943847656	0.0	212.1999969482422	210.88006591796875	81.43363952636719	689.963134765625	603.146728515625	397.7394104003906	992.9376220703125	782.4580688476562	537.4401245117188	511.4996643066406	397.98895263671875	636.3882446289062	866.33447265625	429.0262145996094	533.06640625	917.3651733398438	378.2078552246094	108.54409790039062	17.377840042114258	503.96954345703125	603.8836669921875	798.803955078125	486.3813171386719	580.2188720703125	669.6983642578125	764.193359375	466.09381103515625	218.35777282714844	1047.589599609375	399.5655822753906	0.0	723.909423828125	760.6419067382812	0.0	22.187042236328125	64.28154754638672	144.78118896484375	56.78261184692383	12.493794441223145	0.0	93.2334213256836	94.79828643798828	52.870941162109375	30.740928649902344	84.43128967285156	0.0	17.526649475097656	0.0	15.55273151397705	39.48855209350586	173.6397247314453	339.1018371582031	403.8704528808594	518.0703735351562	933.1796875	585.7153930664062	744.5021362304688	1002.590087890625	274.8238830566406	140.1902313232422	554.8271484375	759.6471557617188	554.3465576171875	601.7210083007812	407.19110107421875	175.92247009277344	211.07481384277344	208.0518035888672	116.10004425048828	12.616555213928223	177.17674255371094	0.0	225.818603515625	164.2783966064453	209.61505126953125	264.423095703125	144.35130310058594	0.0	336.3072509765625	116.1641845703125	113.89158630371094	210.6289520263672	15.143963813781738	0.0	0.0	0.0	0.0	0.0	0.0	0.0	0.0	0.0	0.0	0.0	191.93377685546875	0.0	70.76033020019531	267.4599914550781	227.45945739746094	329.889892578125	380.0729675292969	207.5471649169922	393.3117980957031	559.2601928710938	860.3268432617188	402.3826904296875	576.4932250976562	714.2764282226562	859.559814453125	359.44647216796875	460.9538269042969	698.0321044921875	546.39404296875	427.42230224609375	0.0	0.0	319.8460388183594	208.99996948242188	427.4302673339844	430.5420837402344	298.09246826171875	57.32453918457031	732.4418334960938	320.4100341796875	461.1719665527344	529.6119384765625	262.2070007324219	551.420654296875	487.9027099609375	184.21591186523438	107.2916259765625	393.8469543457031	269.30120849609375	75.99749755859375	227.4585418701172	353.2791748046875	262.06182861328125	88.99844360351562	0.0	163.26559448242188	152.39846801757812	0.0	0.0	90.77687072753906	0.0	0.0	114.42405700683594	140.00485229492188	356.5181579589844	234.75013732910156	379.7671813964844	247.07029724121094	317.1957092285156	445.1829528808594	515.2073974609375	577.2818603515625	756.5841674804688	1008.56103515625	385.8255615234375	270.7138366699219	193.13491821289062	60.42559051513672	313.92205810546875	309.56915283203125	269.0906066894531	204.9318389892578	275.4256591796875	96.14973449707031	420.4535217285156	336.291015625	1014.4475708007812	1007.5660400390625	539.275390625	863.7252197265625	740.0132446289062	297.29638671875	227.29151916503906	707.086181640625	0.0	0.0	119.90228271484375	193.59263610839844	11.859808921813965	326.31976318359375	255.89886474609375	160.0684051513672	782.0250854492188	632.7800903320312	644.685302734375	694.0236206054688	52.336036682128906	569.1383666992188	787.3733520507812	286.1570129394531
213.12496948242188	309.06671142578125	561.7106323242188	700.3614501953125	203.9475555419922	173.48228454589844	1353.4012451171875	1454.8994140625	51.092960357666016	309.19903564453125	1333.5068359375	1060.2490234375	8.801770210266113	1019.1903076171875	1309.1231689453125	156.24496459960938	0.0	0.0	0.0	36.05209732055664	0.0	28.50491714477539	46.248756408691406	59.631805419921875	0.0	10.995762825012207	55.8109245300293	45.871212005615234	11.223335266113281	49.80793380737305	38.914249420166016	0.0	190.494140625	138.8876495361328	223.69871520996094	460.6249084472656	0.0	76.4359130859375	350.029052734375	558.5044555664062	165.79623413085938	116.51993560791016	164.06967163085938	87.3119125366211	54.83625411987305	62.664100646972656	196.8423309326172	70.31527709960938	0.0	0.0	0.0	0.0	284.7057800292969	231.62200927734375	0.0	0.0	235.77333068847656	220.47390747070312	0.0	0.0	10.173036575317383	0.0	0.0	75.86566162109375	707.2433471679688	706.5090942382812	711.849609375	338.604736328125	23.724430084228516	24.60382843017578	321.1824951171875	455.0105285644531	46.47065734863281	117.24018096923828	444.79296875	441.14495849609375	26.671537399291992	150.29762268066406	409.06231689453125	131.0943603515625	291.82232666015625	58.71290588378906	0.0	323.571533203125	57.3796272277832	15.478575706481934	0.0	1006.0125122070312	0.0	0.0	767.5407104492188	1316.1802978515625	2.3834447860717773	0.0	1282.7320556640625	1056.3297119140625	0.0	0.0	0.0	12.402228355407715	62.26715087890625	60.40434646606445	144.06680297851562	178.82803344726562	0.0	0.0	62.458152770996094	96.11862182617188	1.4716155529022217	1.900875210762024	120.37312316894531	75.0491714477539	1072.1500244140625	1035.1217041015625	935.4561767578125	451.0239562988281	0.0	0.0	0.0	292.7941589355469	216.28543090820312	210.61444091796875	77.70291137695312	424.91180419921875	23.675838470458984	0.0	203.73419189453125	414.9015808105469	55.449195861816406	0.0	0.0	20.373727798461914	151.8648223876953	250.78968811035156	299.47802734375	142.28610229492188	166.935302734375	302.6470642089844	223.5291290283203	202.22177124023438	66.0953598022461	131.62875366210938	114.9736328125	119.37718200683594	0.0	0.0	0.0	0.0	0.0	102.49514770507812	0.0	0.0	364.53564453125	449.1539611816406	40.623905181884766	0.0	109.05365753173828	86.68466186523438	0.0	53.84567642211914	371.03558349609375	392.2855224609375	350.2186279296875	317.79425048828125	339.6011657714844	329.8387756347656	483.9458312988281	304.99462890625	222.7515869140625	168.92446899414062	720.6932373046875	341.54443359375	3.8243277072906494	248.83642578125	676.7127685546875	251.19676208496094	402.5976257324219	452.3354187011719	341.1094055175781	165.7952117919922	655.638916015625	624.2826538085938	266.26861572265625	92.2535400390625	23.229900360107422	0.0	167.75750732421875	117.78189086914062	0.0	7.932354927062988	233.2593536376953	99.74369049072266	0.0	0.0	0.0	31.374736785888672	0.0	0.0	43.14350128173828	80.1108627319336	0.0	220.24232482910156	374.939208984375	68.88915252685547	92.23756408691406	480.0111389160156	425.7835388183594	59.74726486206055	895.697021484375	874.7874755859375	893.4811401367188	373.537841796875	478.5655822753906	295.8106689453125	454.060302734375	388.2243347167969	93.99120330810547	115.42584991455078	0.0	136.2201690673828	66.25106811523438	26.899667739868164	0.0	58.54496383666992	45.98711013793945	103.60029602050781	170.38705444335938	0.0	1071.44384765625	990.4683837890625	1134.328857421875	731.6582641601562	130.47052001953125	139.45169067382812	122.53201293945312	0.0	58.96975326538086	123.7337646484375	69.4432601928711	22.355133056640625	462.1763610839844	460.7701721191406	381.45465087890625	241.02906799316406	922.84375	770.8735961914062	420.23114013671875	51.6994514465332	0.0	0.0	0.0	373.3658752441406	0.0	0.0	328.5440979003906	496.4767150878906
850.413818359375	1001.9496459960938	1090.6563720703125	546.2344360351562	1325.472900390625	1208.776611328125	1056.4932861328125	176.73399353027344	1479.0877685546875	1463.0701904296875	610.882080078125	195.81719970703125	1053.239990234375	728.0932006835938	959.1593627929688	63.75166702270508	51.36941909790039	44.674808502197266	0.0	0.0	5.133815288543701	62.63187026977539	0.0	0.0	13.937413215637207	0.0	0.0	0.0	0.0	0.0	0.0	16.762975692749023	216.79708862304688	241.06092834472656	301.931396484375	371.26806640625	247.28057861328125	373.63287353515625	84.46246337890625	60.35712432861328	149.53656005859375	243.406982421875	593.7034301757812	271.2439880371094	36.85309982299805	170.30770874023438	359.4390869140625	105.44001007080078	0.0	0.0	0.0	0.0	0.0	0.0	0.0	106.23312377929688	0.0	0.0	90.52877807617188	181.7526397705078	0.0	0.0	0.0	0.0	214.8256378173828	618.0752563476562	484.7183532714844	817.8828125	276.8797607421875	481.30126953125	763.2058715820312	390.89544677734375	381.2286376953125	451.9544982910156	35.99081802368164	269.45611572265625	318.1806945800781	796.45556640625	769.4972534179688	364.3771667480469	0.0	763.2978515625	557.2957763671875	641.3591918945312	125.77552795410156	678.9605712890625	900.1863403320312	582.390380859375	441.84271240234375	1031.0140380859375	536.0183715820312	183.21376037597656	554.190673828125	753.0250244140625	479.1216125488281	245.45066833496094	56.90991973876953	52.64236831665039	79.96449279785156	0.0	64.69692993164062	82.8140640258789	50.32887268066406	43.218482971191406	114.66693115234375	42.23532485961914	149.9692840576172	0.0	44.681758880615234	60.73820114135742	0.0	9.670339584350586	55.24799728393555	126.35150909423828	502.7323913574219	734.3479614257812	113.01446533203125	463.9110107421875	404.4123229980469	201.323486328125	6.351323127746582	447.10748291015625	479.6584777832031	430.00201416015625	483.1144714355469	977.0530395507812	503.01531982421875	354.9848937988281	96.92987060546875	102.08052062988281	144.2413787841797	64.06904602050781	2.912936210632324	188.24375915527344	143.52626037597656	142.68728637695312	72.78800964355469	56.20235061645508	214.2030792236328	211.61070251464844	41.600650787353516	154.90696716308594	49.803802490234375	0.0	33.41317367553711	0.0	0.0	0.0	0.0	0.0	0.0	0.0	0.0	0.0	119.82699584960938	250.4083251953125	0.0	0.0	16.10394287109375	0.0	225.58084106445312	414.9041748046875	580.9559326171875	284.2908630371094	409.99896240234375	619.7200927734375	734.900634765625	349.4876708984375	716.4238891601562	601.7661743164062	663.8794555664062	365.2571105957031	755.834716796875	742.3748168945312	427.47186279296875	177.3365020751953	0.0	243.02346801757812	303.9016418457031	338.89007568359375	69.78071594238281	115.39716339111328	534.7764892578125	590.9449462890625	213.6350555419922	282.66143798828125	278.54852294921875	42.943477630615234	214.14053344726562	166.7200164794922	358.08624267578125	190.29904174804688	409.205322265625	422.8504333496094	84.46028900146484	0.0	505.717041015625	462.7138671875	103.97672271728516	0.0	498.1605224609375	437.7174377441406	0.0	0.0	357.1292419433594	233.7634735107422	0.0	0.0	96.56908416748047	216.6046600341797	558.341796875	634.198486328125	311.9762268066406	0.0	170.47779846191406	458.1456298828125	181.35032653808594	859.0850830078125	603.483154296875	109.51018524169922	698.0123291015625	341.4073791503906	599.7992553710938	183.10336303710938	176.83831787109375	369.1656799316406	773.1497802734375	439.0408020019531	298.09844970703125	150.1287841796875	448.0135192871094	661.8314819335938	429.95916748046875	419.5215148925781	267.972412109375	378.6487121582031	261.4245300292969	543.4542236328125	701.0494384765625	150.3964080810547	0.0	0.0	237.93161010742188	217.42054748535156	0.0	202.947265625	520.3265991210938	630.0482788085938	80.5433349609375	275.7315368652344	513.7515258789062	233.23818969726562	136.54637145996094	297.0520324707031	226.9235076904297	271.3554992675781
491.7909851074219	511.393310546875	930.537109375	594.8198852539062	568.3076782226562	493.9991760253906	1443.948486328125	585.5130004882812	61.99257278442383	922.753173828125	1323.6689453125	109.86160278320312	98.35447692871094	1147.9561767578125	1114.999755859375	117.61529541015625	39.842140197753906	0.0	0.0	0.0	0.0	0.0	77.55711364746094	0.0	0.0	0.0	55.6392707824707	0.0	12.036133766174316	0.0	23.9523868560791	0.0	331.1001281738281	345.56719970703125	309.5023193359375	384.6531066894531	0.0	51.170475006103516	405.91357421875	325.65228271484375	164.23085021972656	305.3654479980469	246.2045440673828	60.87799072265625	18.620281219482422	145.34176635742188	188.5364532470703	88.55221557617188	33.18841552734375	0.0	0.0	0.0	65.28184509277344	56.91122055053711	23.714059829711914	0.0	257.5970153808594	118.47683715820312	0.0	7.88055419921875	89.61178588867188	0.0	0.0	25.662010192871094	864.1986694335938	1012.0862426757812	813.0484008789062	254.240234375	567.5225219726562	123.73101806640625	470.7094421386719	344.1335144042969	66.50231170654297	198.44021606445312	402.1961975097656	203.34144592285156	65.59896850585938	201.5884552001953	226.47251892089844	52.81132125854492	276.34613037109375	331.10418701171875	195.7606964111328	428.5117492675781	486.4248046875	307.68524169921875	690.8544311523438	1013.2525634765625	43.672908782958984	0.0	1238.678955078125	878.6994018554688	5.769423961639404	155.24456787109375	1106.3533935546875	214.39138793945312	36.508724212646484	37.901763916015625	21.130199432373047	5.898558139801025	0.0	60.18701934814453	169.60836791992188	57.801578521728516	69.50624084472656	42.92451095581055	88.4777603149414	15.0	0.0	39.90329360961914	144.51084899902344	0.0	912.720458984375	823.428466796875	727.481689453125	492.96343994140625	306.3415832519531	148.221435546875	0.0	257.3418884277344	181.3208465576172	84.06401062011719	260.08624267578125	442.11322021484375	69.34629821777344	0.0	414.3433837890625	343.4336242675781	221.30361938476562	175.427001953125	0.0	32.24085998535156	0.0	289.08740234375	256.454345703125	162.6624755859375	204.40908813476562	321.9136962890625	255.17758178710938	123.90579986572266	138.86624145507812	110.86164855957031	153.42578125	58.67238998413086	0.0	0.0	0.0	0.0	0.0	0.0	0.0	4.190296173095703	445.4570007324219	415.71636962890625	76.58683013916016	12.48975944519043	195.69114685058594	0.0	0.0	47.481361389160156	266.43707275390625	294.3174743652344	305.64910888671875	253.99560546875	312.6427307128906	426.5230407714844	639.6301879882812	167.0668487548828	319.4347229003906	302.9053039550781	698.4117431640625	146.88406372070312	62.38009262084961	630.9534912109375	618.3206176757812	206.76983642578125	20.09602165222168	432.2116394042969	384.82012939453125	144.18099975585938	636.4669189453125	747.4692993164062	293.99945068359375	57.56259536743164	222.95188903808594	40.834197998046875	175.60829162597656	74.52471923828125	0.0	175.57498168945312	132.66456604003906	11.273323059082031	82.42382049560547	54.15556716918945	32.366878509521484	56.66111755371094	0.0	0.0	58.734130859375	0.0	0.0	307.7418212890625	191.50308227539062	21.708417892456055	217.94271850585938	477.6461181640625	154.362060546875	54.73349380493164	368.8725280761719	632.7364501953125	714.4778442382812	201.04156494140625	463.5682067871094	192.16981506347656	168.1068115234375	235.36102294921875	153.90463256835938	114.32056427001953	0.0	76.78050231933594	36.15974426269531	0.0	15.06974983215332	60.82390594482422	308.8896484375	296.2975769042969	196.0145721435547	56.76046371459961	744.54345703125	899.951416015625	967.01318359375	451.9739990234375	515.2254638671875	516.504638671875	178.73251342773438	29.6431941986084	49.897552490234375	95.33464050292969	0.0	60.702003479003906	0.0	153.5982208251953	324.66363525390625	221.24722290039062	704.6067504882812	721.8738403320312	526.5494995117188	106.85594177246094	302.4821472167969	0.0	194.84115600585938	327.1263427734375	14.7012939453125	0.0	411.3269958496094	295.77508544921875
205.24081420898438	1051.5992431640625	1133.0606689453125	112.85482788085938	226.24600219726562	909.1181640625	543.2892456054688	639.1296997070312	35.619903564453125	117.48548889160156	846.148193359375	1299.146484375	287.52716064453125	471.9723205566406	611.9605102539062	790.222900390625	0.0	0.0	0.0	0.0	0.0	0.0	0.0	19.331348419189453	0.0	69.78626251220703	84.09658813476562	35.474735260009766	29.920677185058594	9.653956413269043	0.0	0.0	0.0	263.117431640625	479.2297058105469	266.4560241699219	173.62840270996094	0.0	199.7738494873047	511.26470947265625	160.0549774169922	254.81466674804688	247.85165405273438	601.463134765625	358.077392578125	435.43609619140625	153.93087768554688	0.0	77.52600860595703	0.0	0.0	0.0	163.92510986328125	38.52347183227539	0.0	67.83972930908203	128.1392059326172	239.50674438476562	155.53634643554688	0.0	100.20433807373047	58.41059494018555	0.0	0.0	200.04843139648438	687.8370971679688	980.5311279296875	548.3579711914062	218.67535400390625	656.12060546875	441.65411376953125	156.45103454589844	0.0	0.0	332.1734924316406	831.7972412109375	678.9303588867188	963.0411987304688	1060.5740966796875	1150.3392333984375	371.4297790527344	0.0	748.582275390625	601.2783813476562	0.0	253.7467803955078	556.86181640625	23.625457763671875	70.86592864990234	129.32899475097656	0.0	850.0595092773438	37.6947135925293	76.45507049560547	395.1321716308594	703.1188354492188	44.30370330810547	47.276615142822266	54.12615966796875	18.914642333984375	15.06026554107666	0.0	5.036125183105469	31.74124526977539	13.474157333374023	60.098812103271484	40.5911865234375	89.83942413330078	23.072202682495117	46.71895217895508	0.0	20.377382278442383	192.53097534179688	305.195556640625	420.9660339355469	498.4410095214844	277.2247009277344	472.8328857421875	617.7122802734375	463.79693603515625	22.80314064025879	169.3720703125	366.6960144042969	437.3586730957031	1080.026611328125	1077.6268310546875	850.1516723632812	536.4202880859375	204.06179809570312	236.3857421875	126.90092468261719	0.0	188.0859832763672	92.09722900390625	145.50091552734375	117.39169311523438	20.349910736083984	329.5875244140625	481.7813415527344	148.47637939453125	69.39802551269531	290.4361267089844	298.6069641113281	13.39727783203125	0.0	0.0	0.0	0.0	272.09857177734375	0.0	0.0	0.0	0.0	131.02334594726562	117.20803833007812	0.0	0.0	0.0	0.0	0.0	273.8838195800781	435.0233154296875	507.2294616699219	198.7964324951172	248.0356903076172	482.91796875	528.8106689453125	377.19171142578125	188.26856994628906	497.2857971191406	488.9085693359375	555.6151123046875	315.8739013671875	470.6123046875	580.0437622070312	713.1383666992188	549.9999389648438	388.8817443847656	375.03631591796875	391.3960266113281	232.541748046875	646.1343383789062	474.1722717285156	120.9590072631836	207.04913330078125	305.2625732421875	152.34555053710938	152.98426818847656	0.0	159.5570526123047	778.1166381835938	688.7117309570312	0.0	36.43753433227539	7.926438331604004	0.0	6.245436191558838	0.0	0.0	0.0	74.15928649902344	0.0	15.837557792663574	0.0	33.97427749633789	0.0	80.15814971923828	0.0	381.30987548828125	468.8710632324219	565.9769897460938	435.2422790527344	280.33709716796875	468.21038818359375	770.4371337890625	432.06024169921875	65.6663589477539	0.0	666.3452758789062	717.5792846679688	481.9932556152344	468.8081359863281	324.89788818359375	406.1482238769531	1044.7449951171875	1032.64404296875	889.3673706054688	338.2621765136719	494.8348083496094	511.30743408203125	541.06103515625	388.2261047363281	31.332321166992188	477.8336486816406	987.7816162109375	847.0032958984375	206.34356689453125	258.8994140625	98.76596069335938	195.34498596191406	604.9506225585938	474.0166931152344	150.7969512939453	334.7248229980469	108.54935455322266	557.538330078125	688.6919555664062	347.349365234375	73.21293640136719	414.2164001464844	353.69085693359375	0.0	0.0	0.0	547.244140625	891.1032104492188
1314.989501953125	492.3468322753906	680.4750366210938	215.97972106933594	1185.1568603515625	1065.900390625	711.0554809570312	855.3585815429688	1232.315185546875	1087.365966796875	234.63575744628906	1140.3489990234375	895.7474975585938	795.3896484375	232.92047119140625	294.4836730957031	35.79148864746094	16.140352249145508	36.63618850708008	87.35772705078125	3.9175689220428467	0.0	0.0	0.0	0.0	0.0	0.0	34.38434600830078	0.0	0.0	0.0	0.0	276.6597900390625	477.1834716796875	469.8420104980469	390.07379150390625	384.04168701171875	404.6852722167969	178.37399291992188	314.206298828125	119.70211791992188	309.4221496582031	382.19793701171875	398.8758239746094	0.0	0.0	0.0	50.29256057739258	0.0	136.0496368408203	192.1164093017578	21.210281372070312	0.0	0.0	0.0	0.0	0.0	0.0	162.10975646972656	57.13441467285156	94.7172622680664	0.0	0.0	11.158795356750488	371.8384094238281	219.2208709716797	603.2982177734375	770.886474609375	191.39132690429688	558.369140625	894.7161254882812	577.44482421875	336.5709228515625	415.6932373046875	668.0357666015625	1120.540771484375	313.67376708984375	444.4523010253906	645.08251953125	522.9464111328125	1074.3306884765625	1285.2332763671875	281.7756652832031	123.26802825927734	939.8430786132812	692.9801635742188	1041.93115234375	177.8607177734375	319.908203125	872.4776000976562	542.6373901367188	216.5523681640625	222.92190551757812	356.0107421875	70.5844497680664	222.09535217285156	134.85479736328125	134.8832550048828	51.127071380615234	51.75082015991211	170.92703247070312	60.7011833190918	29.24514389038086	20.122997283935547	41.6242561340332	9.708962440490723	75.4740982055664	75.46961212158203	0.0	1.8026291131973267	0.0	31.203126907348633	0.0	621.5712890625	904.8943481445312	943.4960327148438	206.73599243164062	692.4107666015625	708.4485473632812	521.119873046875	486.4792785644531	1089.414794921875	1313.9486083984375	947.720703125	233.44189453125	920.353515625	1055.3736572265625	554.8494873046875	19.096229553222656	311.5565490722656	366.777099609375	126.24226379394531	236.02587890625	309.5088806152344	108.9407730102539	107.05003356933594	102.54246520996094	0.0	261.58905029296875	416.22760009765625	74.20722961425781	0.0	0.0	68.64959716796875	0.0	1.4784554243087769	27.9571475982666	0.0	0.0	0.0	0.0	0.0	0.0	0.0	0.0	0.0	0.0	0.0	0.0	0.0	589.9663696289062	475.7569274902344	502.8309631347656	353.6227722167969	652.9347534179688	446.4051208496094	355.3066711425781	393.0420227050781	526.9956665039062	675.265625	565.2513427734375	750.028564453125	555.8190307617188	591.7577514648438	357.9930114746094	590.3485717773438	277.3207702636719	291.3100891113281	59.64077377319336	54.27465057373047	145.62913513183594	152.15887451171875	685.4505615234375	470.1344909667969	112.39949035644531	268.2489318847656	412.730224609375	368.5195007324219	521.4933471679688	649.2802734375	744.3262939453125	678.7789306640625	431.748046875	16.314420700073242	0.0	0.0	410.51397705078125	382.7317199707031	0.0	0.0	576.6012573242188	539.0439453125	0.0	0.0	129.81698608398438	0.0	0.0	0.0	0.0	267.38641357421875	432.7381896972656	406.68328857421875	20.5696964263916	200.1693115234375	745.0122680664062	919.0499267578125	510.52545166015625	510.2928161621094	504.4064636230469	89.80966186523438	738.72314453125	1268.3154296875	1187.7301025390625	330.81878662109375	154.06883239746094	220.634033203125	510.98114013671875	378.8973693847656	29.950145721435547	302.06646728515625	600.1411743164062	1216.35302734375	344.7204895019531	64.56723022460938	912.4730224609375	1086.23095703125	526.2330322265625	1043.451416015625	1059.4486083984375	838.1544799804688	60.6871452331543	445.4522399902344	197.68179321289062	0.0	120.69499969482422	159.17665100097656	610.0263061523438	581.3297729492188	105.29710388183594	138.19891357421875	417.6217346191406	0.0	596.1073608398438	818.7164916992188	848.4248657226562	867.7850952148438
1414.2041015625	1344.4910888671875	837.5305786132812	1509.8121337890625	1285.2449951171875	412.4010009765625	884.8408813476562	1539.601806640625	1281.963134765625	242.5318145751953	1283.64306640625	1335.659912109375	1008.6845703125	676.0286865234375	858.9910278320312	381.7033386230469	14.189085006713867	24.35346221923828	0.0	17.591800689697266	30.820859909057617	0.0	63.11536407470703	28.07638931274414	0.0	0.0	7.403195858001709	31.762876510620117	0.0	0.0	0.0	0.0	199.3321075439453	153.7491912841797	41.8769645690918	600.0133056640625	300.48675537109375	200.0152587890625	61.400997161865234	308.68798828125	350.5505676269531	382.796142578125	151.0964813232422	261.49481201171875	127.42366790771484	329.6351623535156	0.0	61.9132194519043	0.0	0.0	0.0	0.0	0.0	113.09809112548828	90.1242904663086	0.0	0.0	0.0	0.0	0.0	0.0	0.0	0.0	53.416229248046875	446.7783203125	729.7405395507812	366.1909484863281	232.9371795654297	301.6817321777344	51.71381378173828	301.1304016113281	351.1239013671875	257.797119140625	176.11766052246094	582.4581298828125	604.9112548828125	316.1424255371094	619.2733154296875	938.606201171875	442.5154113769531	337.1136779785156	1315.4608154296875	567.3234252929688	693.518798828125	1053.5777587890625	1266.0205078125	0.0	1183.260498046875	925.5917358398438	709.6443481445312	378.9740295410156	1294.053466796875	406.55609130859375	135.27328491210938	577.116943359375	809.9639282226562	54.544315338134766	82.31759643554688	95.62625885009766	127.32451629638672	154.10792541503906	99.69802856445312	1.8565164804458618	110.86204528808594	170.4600830078125	43.52888870239258	5.22382926940918	122.96865844726562	37.172969818115234	0.0	0.0	18.473112106323242	121.09475708007812	332.729736328125	198.32484436035156	143.6304168701172	9.405655860900879	393.8983459472656	124.7446517944336	280.2969665527344	390.9208984375	590.99951171875	190.61859130859375	482.74920654296875	811.718017578125	1196.7056884765625	748.03515625	471.8745422363281	157.53884887695312	18.15688133239746	211.91725158691406	136.04364013671875	18.07977867126465	200.813232421875	274.03472900390625	228.7252197265625	87.59101867675781	199.60372924804688	221.02188110351562	213.47267150878906	54.190460205078125	26.3981990814209	0.0	72.64891052246094	0.0	0.0	0.0	0.0	0.0	165.69065856933594	289.16021728515625	0.0	0.0	99.6397476196289	0.0	0.0	0.0	0.0	0.0	0.0	437.43829345703125	497.29534912109375	543.7349243164062	407.04620361328125	651.5027465820312	527.4678344726562	625.9177856445312	711.409912109375	666.7858276367188	408.8175048828125	784.8834228515625	737.6903076171875	661.0469360351562	434.5400085449219	825.9136962890625	570.0836181640625	212.9784698486328	467.7940368652344	536.9326171875	142.380859375	325.64520263671875	293.35516357421875	0.0	52.87946319580078	139.7401885986328	0.0	144.65390014648438	170.20619201660156	332.30804443359375	361.34381103515625	667.8142700195312	404.2264709472656	449.64886474609375	313.3667907714844	61.73976135253906	103.01673889160156	506.95782470703125	0.0	272.54083251953125	205.34378051757812	325.37493896484375	181.20620727539062	343.6357727050781	204.0618896484375	69.96175384521484	181.1199493408203	230.8240203857422	0.0	100.96543884277344	55.808650970458984	537.854736328125	580.1344604492188	0.0	111.37518310546875	0.0	133.47799682617188	116.71562194824219	36.73033142089844	0.0	71.75193786621094	1238.6424560546875	1247.861328125	234.94894409179688	246.99876403808594	277.39208984375	243.4346466064453	909.5010375976562	838.76708984375	96.91007995605469	90.56334686279297	414.4727478027344	388.4384765625	130.09095764160156	217.85757446289062	356.5876159667969	0.0	648.1400146484375	469.0987243652344	56.411285400390625	143.6356964111328	0.0	554.47314453125	490.02294921875	228.8363800048828	171.0198974609375	597.3443603515625	96.36712646484375	89.7271957397461	270.09246826171875	286.580078125	0.0	427.5859375	466.62255859375	306.8617248535156	899.6546630859375	930.14697265625
1089.3375244140625	616.6383666992188	146.98397827148438	144.9384307861328	1140.64404296875	141.17489624023438	287.03680419921875	213.23077392578125	336.76080322265625	227.76971435546875	1172.0936279296875	1120.2724609375	175.26577758789062	150.566650390625	1389.4049072265625	1217.3741455078125	0.0	0.0	0.0	29.900651931762695	0.0	0.0	0.0	72.13188171386719	10.511838912963867	0.0	48.84525680541992	42.236942291259766	0.0	65.27855682373047	103.30549621582031	43.700172424316406	339.69830322265625	173.5640869140625	80.75035858154297	148.3952178955078	0.0	168.82635498046875	495.9241638183594	395.49896240234375	0.0	17.978042602539062	420.1077575683594	633.1815185546875	251.72117614746094	241.1873321533203	246.21920776367188	282.1721496582031	0.0	0.0	131.01080322265625	158.30389404296875	0.0	163.7140655517578	250.5662384033203	216.5143280029297	272.08221435546875	266.5470886230469	0.0	0.0	181.21653747558594	228.8592529296875	0.0	0.0	517.4779663085938	952.419677734375	623.4583740234375	15.916783332824707	441.2093811035156	405.5375671386719	486.1597595214844	270.0369567871094	139.17066955566406	142.01162719726562	153.80140686035156	308.0086669921875	384.93707275390625	510.2330627441406	1004.6533203125	658.6253662109375	618.6912231445312	1016.63818359375	486.8683776855469	30.526294708251953	868.5443725585938	629.0593872070312	0.0	53.120079040527344	314.259521484375	45.91659927368164	0.0	684.4682006835938	0.0	0.0	315.8067626953125	791.6289672851562	70.66817474365234	7.760620594024658	24.483537673950195	62.89434814453125	34.60087203979492	20.12207794189453	54.78828811645508	46.52019119262695	104.49514770507812	54.35818862915039	54.92085647583008	107.37488555908203	17.432083129882812	0.0	54.554954528808594	91.36492156982422	484.0477600097656	686.1187133789062	373.0492248535156	1.0451924800872803	625.799560546875	1116.058837890625	853.7529907226562	511.4203796386719	0.0	68.675537109375	111.32186126708984	363.5246276855469	937.136962890625	1068.486328125	890.5629272460938	461.4694519042969	168.38833618164062	40.05177688598633	61.56981658935547	237.03196716308594	0.0	38.727840423583984	115.55880737304688	183.08641052246094	183.13482666015625	104.00762939453125	137.6085205078125	133.6165771484375	213.5557861328125	289.775634765625	341.7029113769531	122.034912109375	0.0	0.0	0.0	0.0	0.0	0.0	63.47581100463867	184.47657775878906	0.0	0.0	0.0	0.0	110.76509094238281	99.27291870117188	0.0	0.0	219.8977813720703	281.6778564453125	425.72357177734375	384.55316162109375	600.8271484375	574.0148315429688	600.4752807617188	462.041015625	580.4905395507812	344.7143249511719	350.36395263671875	230.4229278564453	488.9820251464844	464.54681396484375	845.7587280273438	329.8621826171875	207.61312866210938	673.0443725585938	693.5349731445312	696.0791625976562	372.2507629394531	387.9309997558594	121.619140625	106.48991394042969	482.3360290527344	457.66937255859375	262.0815734863281	118.77662658691406	0.0	34.66859436035156	265.4052734375	293.192626953125	333.93231201171875	74.43174743652344	0.0	0.0	295.2265319824219	0.0	0.0	0.0	0.0	0.0	0.0	17.31551742553711	0.0	0.0	88.68396759033203	0.0	258.5094909667969	347.3057861328125	399.6860046386719	409.23126220703125	843.3668212890625	820.6915893554688	832.95166015625	133.2592010498047	659.048095703125	788.9163818359375	1001.235595703125	533.205078125	726.4332275390625	654.3182983398438	28.399459838867188	368.287353515625	228.25100708007812	416.3165283203125	928.750732421875	1024.7081298828125	339.8040466308594	665.8704223632812	661.1196899414062	302.9810791015625	577.36328125	1184.9122314453125	1402.1265869140625	748.84130859375	0.0	299.4003601074219	747.2117919921875	472.6370544433594	0.0	596.5248413085938	771.198974609375	776.5863037109375	432.42279052734375	543.1251831054688	187.546630859375	92.27543640136719	844.9723510742188	758.0677490234375	259.01934814453125	216.12313842773438	9.115525245666504	0.0	12.420235633850098	309.4347229003906
175.4243927001953	657.2274169921875	904.96923828125	1500.577880859375	613.3388671875	686.406494140625	1275.236083984375	1237.95556640625	894.110107421875	1163.6185302734375	1028.403076171875	637.0470581054688	632.7435913085938	638.050537109375	714.9960327148438	676.1450805664062	1.5117086172103882	9.019034385681152	24.793001174926758	64.20601654052734	54.24453353881836	67.15647888183594	0.0	105.29013061523438	0.0	0.0	0.0	0.0	0.0	0.0	0.0	0.0	2.2945199012756348	0.0	317.08935546875	509.9041748046875	446.0893249511719	481.27911376953125	396.75396728515625	172.67373657226562	295.56549072265625	209.11758422851562	144.8843994140625	277.9434509277344	0.0	0.0	0.0	103.78665161132812	72.01856994628906	77.99835205078125	0.0	0.0	93.82892608642578	87.50875091552734	57.21903610229492	0.0	0.0	0.0	0.0	0.0	0.0	93.63715362548828	170.65843200683594	0.0	141.82330322265625	479.9988098144531	171.91885375976562	617.6060180664062	535.4515380859375	604.650390625	531.0343627929688	649.3560180664062	550.3004150390625	933.9216918945312	739.9921264648438	222.9324188232422	727.8177490234375	961.6185913085938	262.8648986816406	302.85870361328125	11.544739723205566	452.0281066894531	631.2942504882812	1224.988037109375	313.24560546875	216.60055541992188	498.29949951171875	1139.62548828125	804.2272338867188	554.3507690429688	564.9942626953125	507.2458801269531	428.7257080078125	570.6984252929688	53.08854675292969	300.18023681640625	5.817536354064941	27.69070816040039	87.83747863769531	133.88279724121094	42.05982208251953	123.09325408935547	55.8843994140625	66.19728088378906	62.62540054321289	29.13308334350586	42.16734313964844	54.19146728515625	15.249967575073242	0.0	0.0	18.82816505432129	55.51646423339844	103.12379455566406	72.32511901855469	230.31936645507812	646.1471557617188	737.8599243164062	627.6734008789062	367.2001037597656	462.54937744140625	595.00537109375	540.8629760742188	465.3728942871094	908.3048706054688	527.9337158203125	208.971923828125	239.54481506347656	29.839374542236328	0.0	316.0837097167969	387.9723815917969	148.15451049804688	274.27911376953125	342.6861572265625	178.68064880371094	29.9998779296875	71.06199645996094	0.0	129.6733856201172	20.848819732666016	82.86316680908203	171.99481201171875	21.820566177368164	4.359323024749756	0.0	0.0	18.993270874023438	0.0	0.0	1.5780426263809204	0.0	0.0	0.0	0.0	0.0	0.0	0.0	0.0	2.6185595989227295	135.7342987060547	564.6976928710938	614.64013671875	884.3062744140625	337.4979248046875	682.9058837890625	746.0427856445312	849.8876342773438	445.5849914550781	551.0286865234375	662.0358276367188	520.8787841796875	619.5242919921875	707.5538940429688	643.359619140625	285.5097351074219	140.42822265625	480.705078125	545.4368896484375	138.81871032714844	22.73829460144043	51.62068176269531	255.05972290039062	262.3901672363281	297.2256164550781	370.68426513671875	452.5775451660156	175.62588500976562	581.1251220703125	687.9117431640625	558.6091918945312	261.1778869628906	173.2205352783203	170.7691650390625	129.53085327148438	80.4482192993164	124.69420623779297	40.801944732666016	403.66278076171875	34.124515533447266	248.03482055664062	205.8439483642578	307.08245849609375	60.819923400878906	114.79637908935547	0.0	0.0	0.0	27.022714614868164	26.100875854492188	102.36809539794922	222.03172302246094	399.9617004394531	573.1415405273438	0.0	0.0	542.8038330078125	657.4527587890625	727.7930908203125	337.1142272949219	522.267822265625	163.91616821289062	605.318603515625	636.176513671875	146.16238403320312	568.11083984375	710.7652587890625	991.5660400390625	250.55528259277344	297.1248779296875	302.6125183105469	67.11026000976562	597.5538330078125	880.3438110351562	544.2669067382812	1.5536004304885864	221.6053009033203	241.129638671875	759.1400756835938	502.0023193359375	36.05046844482422	424.23956298828125	508.38250732421875	338.4535827636719	0.0	149.3201904296875	36.97798156738281	466.4588317871094	221.29197692871094	281.3404846191406	437.40869140625	505.59637451171875	767.8711547851562	864.681396484375	670.7805786132812	336.0958557128906
958.0257568359375	936.974609375	885.09033203125	463.0595397949219	984.4262084960938	619.3617553710938	946.8597412109375	439.8790588378906	582.105224609375	834.7897338867188	1074.8388671875	107.80455017089844	154.65223693847656	1145.0284423828125	875.4686279296875	132.51641845703125	58.233272552490234	55.36332702636719	0.0	53.2133674621582	0.0	52.586181640625	0.0	4.081852912902832	0.0	0.0	0.0	0.0	34.64364242553711	0.0	35.44000244140625	0.0	188.36410522460938	215.2129669189453	432.28314208984375	391.0546569824219	132.0797576904297	130.1119842529297	334.7824401855469	88.34112548828125	0.0	71.06138610839844	230.30752563476562	121.39971160888672	95.1400375366211	238.15257263183594	196.38026428222656	32.24253463745117	0.0	0.0	0.0	0.0	0.0	0.0	0.0	0.0	43.7233772277832	0.0	0.0	0.0	101.97335815429688	52.59775161743164	0.0	61.832279205322266	261.00347900390625	683.5462036132812	337.0580139160156	421.3440246582031	312.3996887207031	539.9991455078125	642.51513671875	326.4482116699219	220.73231506347656	219.6886749267578	395.0673522949219	169.86248779296875	52.14242935180664	464.19659423828125	479.1512756347656	60.735713958740234	0.0	829.8604125976562	494.85601806640625	547.7031860351562	398.1097106933594	828.7793579101562	615.560791015625	607.885498046875	259.62548828125	232.22470092773438	886.130859375	530.1566162109375	28.533565521240234	431.14019775390625	953.4927978515625	16.923381805419922	64.2074203491211	74.03411102294922	60.45485305786133	72.93946075439453	14.529973983764648	44.917240142822266	104.32805633544922	22.615699768066406	26.942340850830078	90.00892639160156	66.49259185791016	55.23524856567383	25.398080825805664	80.35620880126953	62.78715515136719	0.0	75.54436492919922	204.47640991210938	232.28634643554688	233.4506072998047	345.1901550292969	724.7666625976562	432.45941162109375	377.0696716308594	127.86882781982422	253.82542419433594	177.7626495361328	281.43841552734375	182.8351287841797	240.86026000976562	415.65423583984375	255.01243591308594	111.87065124511719	62.53961181640625	121.86708068847656	107.1397476196289	0.0	227.14450073242188	198.1864013671875	38.015037536621094	42.377044677734375	55.33683395385742	192.35775756835938	115.56697845458984	222.6024932861328	199.72113037109375	148.06378173828125	47.876277923583984	33.35914611816406	0.0	0.0	0.0	0.0	0.0	0.0	0.0	0.0	0.0	0.0	2.773993968963623	217.6027069091797	0.0	53.35176086425781	25.45667839050293	206.3367919921875	337.0932312011719	428.54736328125	240.4489288330078	483.52972412109375	452.1550598144531	599.0575561523438	202.39956665039062	459.49957275390625	520.144287109375	643.2874145507812	131.48495483398438	345.8636474609375	582.7742309570312	559.9754638671875	173.40240478515625	25.78006935119629	228.6392059326172	273.5941162109375	77.96253204345703	181.1303253173828	149.812255859375	285.2254638671875	198.2681121826172	321.7168273925781	265.8058166503906	309.96588134765625	57.80857849121094	88.44218444824219	219.8816375732422	145.546875	97.62705993652344	357.60491943359375	255.60203552246094	0.0	8.32258129119873	463.5797119140625	297.4945983886719	157.77264404296875	0.0	31.15799331665039	239.7782440185547	38.632896423339844	0.0	55.33918762207031	201.18441772460938	0.0	0.0	125.41681671142578	411.7496643066406	661.300537109375	173.75511169433594	246.3434600830078	213.9141387939453	227.52365112304688	182.80221557617188	550.751953125	424.62841796875	90.8742446899414	172.66622924804688	177.32394409179688	0.0	77.50473022460938	58.95334243774414	209.3883514404297	280.8848571777344	828.2158203125	395.565185546875	182.62522888183594	202.32843017578125	454.69256591796875	69.54264831542969	458.0889587402344	678.6546630859375	483.6100769042969	132.32521057128906	243.661865234375	424.4429016113281	150.50613403320312	76.11814880371094	0.0	86.56201171875	273.1806640625	207.87454223632812	0.0	235.77467346191406	155.25051879882812	317.5452575683594	417.3343200683594	433.2466735839844	381.431396484375	235.1800994873047	112.80017852783203	0.0	408.8869934082031	248.7121124267578
30.527935028076172	506.4181213378906	1022.3670043945312	990.6015625	40.51080322265625	425.38055419921875	1347.85205078125	1106.654052734375	251.882568359375	429.43115234375	1025.2017822265625	558.2701416015625	473.3636779785156	371.3901062011719	256.06427001953125	250.14984130859375	27.696657180786133	0.0	0.0	0.0	51.4688720703125	56.518714904785156	27.051088333129883	0.6154236793518066	0.0	24.288705825805664	0.0	0.0	0.0	0.0	0.0	0.0	50.45748519897461	91.08186340332031	422.28509521484375	498.4053039550781	176.2360076904297	27.902307510375977	231.1055908203125	270.42535400390625	288.2825622558594	216.6871337890625	105.36019134521484	82.4030990600586	30.70100975036621	0.0	86.46642303466797	161.0594024658203	0.0	0.0	0.0	0.0	0.0	0.0	0.0	0.0	39.3951301574707	103.808837890625	0.0	0.0	36.850765228271484	0.0	119.572265625	175.12696838378906	39.137550354003906	295.60894775390625	485.96527099609375	321.1200256347656	194.46951293945312	142.755859375	310.9088439941406	571.6029663085938	432.7420654296875	783.3418579101562	929.4605712890625	589.2590942382812	380.9130859375	367.97906494140625	212.21014404296875	130.6833953857422	57.05706787109375	0.0	279.0377197265625	569.6748657226562	404.11669921875	33.69347381591797	392.368408203125	958.6676635742188	264.5379333496094	0.0	583.1549072265625	807.2427368164062	81.02886199951172	54.831581115722656	298.4423522949219	0.0	3.8792691230773926	0.0	42.381282806396484	24.129802703857422	22.740528106689453	10.883659362792969	110.64754486083984	109.7523193359375	0.0	0.0	0.0	54.38123321533203	0.0	0.0	48.59807586669922	0.0	55.64168930053711	352.3407287597656	568.42041015625	664.0894165039062	110.35523986816406	61.49934387207031	124.10652923583984	378.4872741699219	1206.3167724609375	1117.5672607421875	782.2846069335938	554.3258056640625	553.2884521484375	588.8189697265625	312.51220703125	207.79458618164062	48.47490692138672	105.64337158203125	18.843544006347656	0.0	53.61140060424805	103.97704315185547	221.23611450195312	142.68006896972656	0.0	173.81039428710938	142.2244110107422	121.52369689941406	0.0	0.0	127.43701934814453	203.39602661132812	38.44559860229492	5.785891532897949	0.0	0.0	0.0	0.0	0.0	0.0	0.0	0.0	0.0	0.0	0.0	0.0	0.0	174.0599365234375	32.93373489379883	167.0569305419922	178.04269409179688	313.47760009765625	174.1483154296875	455.6064453125	636.0042114257812	527.486572265625	389.56634521484375	635.7388916015625	832.9220581054688	570.5025634765625	203.81982421875	353.0244140625	610.848388671875	327.3670959472656	0.06391964852809906	85.2370376586914	185.63720703125	144.85107421875	58.89376449584961	185.10049438476562	156.53323364257812	228.0690460205078	34.981746673583984	142.9402618408203	433.41644287109375	382.2137145996094	608.281494140625	683.5614013671875	679.4151000976562	288.5645446777344	35.64225387573242	228.87322998046875	191.68418884277344	49.52744674682617	14.549160957336426	214.10592651367188	244.73779296875	74.14865112304688	0.0	120.83702850341797	133.08570861816406	0.0	0.0	0.0	0.0	0.0	86.66381072998047	419.0954895019531	652.92919921875	591.1602172851562	0.0	0.0	0.0	432.109619140625	738.8789672851562	378.3306579589844	325.87481689453125	496.98358154296875	1244.687744140625	850.91748046875	269.7921447753906	169.6343536376953	82.14659118652344	338.7286682128906	469.1049499511719	349.2742919921875	89.47573852539062	398.91241455078125	712.1893920898438	747.437744140625	122.08198547363281	351.1988830566406	376.118896484375	13.638211250305176	1243.5751953125	1153.408447265625	876.8577270507812	503.5982971191406	17.91024398803711	0.0	28.60064697265625	125.45309448242188	32.7903938293457	0.0	169.4032745361328	192.29486083984375	77.4508285522461	0.0	427.9715270996094	528.9319458007812	519.5914916992188	769.8497924804688	871.857177734375	725.9005737304688
199.50401306152344	782.6945190429688	1352.5992431640625	148.18380737304688	254.78233337402344	571.1282348632812	1309.6287841796875	217.40406799316406	1037.9188232421875	1047.178955078125	1147.5909423828125	94.21688079833984	1032.1822509765625	984.0081176757812	372.8398132324219	188.5139617919922	12.134235382080078	47.99421310424805	26.581972122192383	11.096896171569824	12.332657814025879	97.6318130493164	62.92030715942383	0.0	28.991117477416992	17.942808151245117	0.0	0.0	0.0	0.0	0.0	0.0	0.0	61.003135681152344	603.6796875	368.1428527832031	289.32720947265625	249.5198974609375	356.6443176269531	293.4092102050781	466.68218994140625	408.80572509765625	222.3214111328125	95.68852996826172	0.0	0.0	0.0	69.5816879272461	120.5610580444336	70.94457244873047	0.0	0.0	187.4512939453125	73.7655258178711	0.0	0.0	0.0	0.0	0.0	0.0	0.0	0.0	148.3291778564453	124.64449310302734	95.85347747802734	321.1781005859375	221.31605529785156	190.0431671142578	0.0	365.55303955078125	422.34124755859375	209.53599548339844	444.6185302734375	492.6017761230469	570.41015625	311.7020568847656	416.24822998046875	705.2722778320312	568.1672973632812	49.210609436035156	262.9136657714844	0.0	540.7783203125	656.37109375	0.0	44.79574966430664	942.8551025390625	826.4682006835938	177.0546875	519.489501953125	944.3880004882812	507.84771728515625	189.5495147705078	551.289794921875	709.4234008789062	0.0	67.34044647216797	77.36217498779297	115.90111541748047	38.42850875854492	37.67063522338867	15.09888744354248	151.63682556152344	46.954288482666016	115.1643295288086	101.81012725830078	50.5564079284668	0.0	31.399961471557617	21.895488739013672	87.7069320678711	0.0	36.158416748046875	93.25442504882812	105.18636322021484	311.8040466308594	101.1646957397461	143.57872009277344	114.38412475585938	358.4784851074219	218.4447784423828	624.16796875	791.8591918945312	707.4404296875	224.5137481689453	533.512451171875	283.516357421875	166.3384246826172	92.57891845703125	259.55889892578125	129.9997100830078	18.926204681396484	83.03135681152344	257.7900695800781	231.7352752685547	70.05631256103516	114.19750213623047	160.63040161132812	148.79637145996094	21.892980575561523	0.0	0.0	46.13456344604492	88.32508850097656	53.34508514404297	211.5573272705078	0.0	0.0	126.45709991455078	221.9561309814453	0.0	0.0	0.0	0.0	0.0	0.0	0.0	0.0	0.0	19.712923049926758	313.0625305175781	461.8296203613281	283.1474914550781	167.66168212890625	184.69789123535156	567.5633544921875	787.5409545898438	184.8213348388672	232.361083984375	528.2610473632812	868.5443725585938	250.94688415527344	487.8381042480469	665.72607421875	610.7427978515625	258.59942626953125	378.63934326171875	234.24795532226562	92.74922180175781	0.0	0.0	0.0	30.824275970458984	8.389355659484863	0.0	233.31150817871094	200.33865356445312	141.74461364746094	384.2665710449219	543.0225830078125	413.47491455078125	270.3523864746094	60.74068069458008	105.86027526855469	78.79237365722656	3.0053107738494873	58.43218994140625	366.13128662109375	204.8282012939453	45.46452331542969	418.6666564941406	426.9644775390625	182.2457733154297	53.74477005004883	242.2359161376953	345.5937194824219	0.0	0.0	0.0	505.13677978515625	758.4302368164062	50.241153717041016	162.7698974609375	0.0	114.19561767578125	114.68727111816406	249.62362670898438	315.35858154296875	376.8872375488281	348.43756103515625	284.830810546875	253.83395385742188	523.904541015625	488.1569519042969	420.1646423339844	1100.515869140625	919.2937622070312	38.9949836730957	77.55364227294922	221.8707733154297	355.35406494140625	26.795299530029297	247.4536895751953	0.0	0.0	9.195846557617188	388.55462646484375	309.15777587890625	523.7398071289062	609.9431762695312	330.5988464355469	389.53485107421875	0.0	48.808433532714844	15.447749137878418	0.0	88.30618286132812	74.66284942626953	0.0	19.68960952758789	385.4293212890625	337.7122802734375	468.08642578125	648.5838623046875	780.7543334960938	510.2518310546875
278.15155029296875	369.0682067871094	1141.5391845703125	688.1471557617188	174.74830627441406	908.550537109375	1366.2928466796875	244.96975708007812	356.7860412597656	1193.8468017578125	873.9744873046875	155.3572998046875	1167.86572265625	1228.76220703125	198.14443969726562	197.78672790527344	0.0	0.0	0.0	0.0	43.0558967590332	18.994203567504883	47.118099212646484	0.0	24.75289535522461	35.534732818603516	28.849796295166016	0.0	53.267784118652344	25.179391860961914	0.0	8.639894485473633	86.83588409423828	135.8026885986328	225.81216430664062	280.5681457519531	0.0	138.26153564453125	280.4869689941406	65.47665405273438	189.46331787109375	150.03436279296875	89.90709686279297	83.27589416503906	106.21774291992188	140.3193359375	90.01581573486328	92.23333740234375	0.0	0.0	0.0	0.0	55.952842712402344	0.0	0.0	114.41450500488281	32.53681945800781	0.0	0.0	120.40873718261719	0.0	0.0	112.34186553955078	76.77071380615234	228.34951782226562	548.9470825195312	567.0977172851562	504.42474365234375	105.44511413574219	80.35624694824219	541.0625	415.39422607421875	24.404756546020508	527.2099609375	543.9357299804688	60.00639724731445	357.49212646484375	531.5765991210938	53.010948181152344	41.807594299316406	0.0	179.89291381835938	292.4208679199219	790.429931640625	115.897216796875	153.1468048095703	1202.9063720703125	916.4915161132812	0.0	765.5032348632812	1192.5548095703125	10.139644622802734	101.6387710571289	1247.5146484375	723.71533203125	21.728422164916992	0.0	0.0	0.0	16.535221099853516	27.213937759399414	64.73319244384766	126.27107238769531	111.33194732666016	31.874147415161133	25.801109313964844	88.21133422851562	0.0	31.183252334594727	98.42529296875	108.22335815429688	0.0	389.1583251953125	682.4393310546875	654.6222534179688	678.1383666992188	9.594253540039062	95.74268341064453	228.1310577392578	350.6263122558594	9.719560623168945	172.64259338378906	389.00604248046875	436.1242980957031	138.6116485595703	308.4239501953125	378.9796447753906	77.80951690673828	84.46357727050781	54.5914192199707	0.0	0.0	69.7502212524414	208.62081909179688	148.33908081054688	68.7869644165039	156.2460479736328	179.68641662597656	106.7606201171875	128.1250762939453	143.909423828125	0.11180601269006729	115.06224822998047	109.00811767578125	0.0	0.0	0.0	0.0	0.0	0.0	0.0	0.0	188.90162658691406	25.01549530029297	0.0	91.92913055419922	0.0	0.0	79.6960678100586	104.68852996826172	91.39364624023438	164.98826599121094	260.8686828613281	338.59466552734375	241.0670928955078	363.16546630859375	649.85986328125	305.7760925292969	114.94219970703125	614.8247680664062	639.65966796875	246.59210205078125	306.487060546875	590.9364624023438	319.4848327636719	201.82046508789062	122.60618591308594	265.1269226074219	302.89117431640625	257.1649475097656	245.4654083251953	256.6004943847656	300.9183654785156	262.860595703125	0.0	243.6460418701172	225.8020477294922	99.97772979736328	126.57636260986328	294.2829284667969	193.58343505859375	14.975032806396484	64.04301452636719	81.6429443359375	125.97315216064453	56.80611038208008	94.42716217041016	215.4413299560547	224.07672119140625	0.0	224.68458557128906	419.57318115234375	9.910306930541992	0.0	436.92999267578125	421.94488525390625	20.884719848632812	0.0	337.25384521484375	551.5942993164062	487.1576843261719	337.146728515625	0.0	0.0	0.0	212.5509033203125	169.0081329345703	0.0	109.77140045166016	61.1280632019043	93.81745147705078	75.44091796875	67.50394439697266	51.98115539550781	223.90948486328125	264.3642578125	354.6689147949219	257.6314392089844	302.06787109375	796.9254760742188	889.7682495117188	483.7445373535156	125.80860137939453	84.9070816040039	0.0	78.56085205078125	168.28868103027344	52.628902435302734	90.59417724609375	104.42292022705078	40.06907653808594	118.36251068115234	277.4241638183594	358.03643798828125	136.00335693359375	178.13479614257812	190.01507568359375	420.97265625	0.0	0.0	557.9835205078125	427.3587646484375	0.0	442.96881103515625	561.5072631835938	9.97321605682373
452.1600036621094	1059.1705322265625	391.2235107421875	71.23728942871094	190.75050354003906	1184.9696044921875	805.6976318359375	62.506507873535156	51.38766860961914	1145.9278564453125	1039.6297607421875	51.71501159667969	18.135385513305664	801.4415283203125	1100.0919189453125	23.239612579345703	0.0	0.0	0.0	15.24689769744873	0.0	0.0	0.0	28.06577491760254	0.0	0.0	0.0	19.71169090270996	0.0	0.0	0.0	0.0	0.0	381.046630859375	397.5347595214844	62.82927322387695	0.0	258.6752014160156	452.2728576660156	69.01041412353516	0.0	103.04551696777344	419.7940673828125	215.4874725341797	12.222314834594727	0.0	345.1338195800781	218.76300048828125	0.0	0.0	0.0	0.4693202078342438	25.034082412719727	0.0	0.0	0.0	26.414642333984375	0.0	0.0	0.0	30.830238342285156	0.0	0.0	0.0	206.86158752441406	199.10894775390625	119.24542999267578	96.95429229736328	125.4413070678711	218.1778106689453	206.83987426757812	94.79906463623047	41.28902816772461	284.031982421875	120.76618957519531	155.37506103515625	0.0	321.0148620605469	341.6618957519531	281.43511962890625	0.0	465.7937316894531	520.3461303710938	20.839248657226562	10.400014877319336	233.64671325683594	537.2659301757812	82.3194351196289	17.479307174682617	75.62533569335938	471.46734619140625	252.51722717285156	11.284976959228516	0.0	460.9514465332031	311.7166748046875	0.0	131.77891540527344	53.1501579284668	2.119779348373413	1.1357526779174805	87.69329833984375	58.56142807006836	0.0	2.1395554542541504	35.70534896850586	92.88047790527344	0.0	0.14011570811271667	0.0	9.304512977600098	0.0	9.421228408813477	67.77635955810547	341.5220031738281	23.235422134399414	9.620353698730469	40.840789794921875	341.98699951171875	123.70088195800781	11.810002326965332	8.191812515258789	397.7808837890625	295.47515869140625	6.771909713745117	149.61732482910156	504.7656555175781	428.8252868652344	23.317974090576172	41.69806671142578	17.50196075439453	16.291885375976562	24.97170639038086	94.7270278930664	21.931724548339844	15.841063499450684	12.984633445739746	98.14069366455078	32.6412353515625	10.377110481262207	0.0	124.13834381103516	30.44562530517578	0.0	23.389219284057617	0.0	0.0	0.0	0.0	0.0	0.0	0.0	0.0	0.0	0.0	0.0	3.15824556350708	0.0	0.0	0.0	271.526123046875	482.7294006347656	189.39913940429688	84.49876403808594	295.1104431152344	590.0198974609375	196.0706329345703	82.00927734375	138.35601806640625	531.5730590820312	236.57337951660156	182.30972290039062	60.55973815917969	577.8771362304688	324.34368896484375	159.64434814453125	39.73674392700195	86.17577362060547	26.453224182128906	11.193201065063477	60.96943664550781	0.0	32.1910400390625	6.621577739715576	68.0094985961914	76.67455291748047	74.2409439086914	10.134377479553223	74.37921142578125	105.57178497314453	179.9589080810547	76.14563751220703	311.8763122558594	171.6350555419922	98.58702087402344	0.0	297.8272399902344	224.968505859375	202.0392608642578	0.0	233.54779052734375	236.13980102539062	188.75689697265625	0.0	162.6691436767578	203.1130828857422	86.60668182373047	0.0	25.804855346679688	310.2022399902344	137.90455627441406	16.798583984375	0.0	308.8478088378906	238.62301635742188	22.341766357421875	0.0	282.6681823730469	417.6796569824219	26.892230987548828	14.702107429504395	287.9137878417969	579.0667724609375	169.0872344970703	306.4383239746094	432.4149475097656	85.89269256591797	92.917724609375	43.69189453125	280.0461120605469	8.834473609924316	88.13265991210938	8.401566505432129	307.1131286621094	100.8055191040039	90.06764221191406	0.23321253061294556	370.1583251953125	350.0948181152344	7.926888465881348	0.0	70.73550415039062	104.27960205078125	52.7281608581543	0.0	92.17346954345703	42.91371154785156	79.67789459228516	19.42110252380371	0.0	126.68453979492188	74.3912582397461	19.89875602722168	89.57373046875	184.99232482910156	150.81410217285156
244.90940856933594	1148.333251953125	960.869384765625	201.71405029296875	587.1150512695312	1023.0595703125	612.8643798828125	188.41842651367188	297.5105895996094	777.4171142578125	1087.097900390625	54.55226516723633	380.52398681640625	405.1707458496094	398.79058837890625	255.91635131835938	15.141317367553711	56.01670455932617	0.0	0.0	0.0	0.0	0.0	0.0	3.37345290184021	0.0	0.0	0.0	0.0	0.0	0.0	0.0	152.1439208984375	325.5340881347656	312.5713806152344	0.0	5.059417247772217	96.45806884765625	712.9525756835938	495.80535888671875	171.19720458984375	196.2298126220703	576.4049682617188	305.0011901855469	41.31803894042969	0.0	38.43016052246094	130.36671447753906	5.656131267547607	0.0	0.0	0.0	0.0	0.0	37.00965118408203	165.22518920898438	94.07816314697266	0.0	0.0	0.0	0.0	3.010732889175415	109.60735321044922	98.3124771118164	13.699482917785645	531.7899169921875	766.8329467773438	631.6898193359375	336.12469482421875	687.544677734375	269.5585021972656	241.74649047851562	445.8491516113281	937.316162109375	1142.71826171875	528.4268188476562	481.40972900390625	656.5702514648438	334.07354736328125	67.10222625732422	0.0	279.1507263183594	1010.6121215820312	558.7479858398438	33.2186279296875	564.471923828125	726.2282104492188	196.26649475097656	237.29461669921875	277.7293395996094	605.2650756835938	557.4060668945312	229.49754333496094	69.66641235351562	355.1404724121094	0.0	7.400453090667725	25.681976318359375	94.56719207763672	16.121801376342773	0.0	11.717424392700195	92.75456237792969	24.93689727783203	1.3946508169174194	65.17643737792969	74.04914855957031	17.196701049804688	0.0	0.0	0.0	0.0	114.03852844238281	155.2633514404297	526.1439208984375	559.78564453125	438.25811767578125	563.72900390625	626.6506958007812	533.3457641601562	1028.16943359375	974.3092651367188	645.0671997070312	417.7985534667969	990.1677856445312	956.6888427734375	373.9649353027344	224.7711944580078	121.74137878417969	153.58778381347656	67.1579818725586	0.0	114.36927795410156	0.0	163.765869140625	249.1024169921875	69.6112060546875	217.3384552001953	220.00865173339844	57.821903228759766	0.0	0.0	169.18206787109375	145.2955780029297	59.92058181762695	0.0	0.0	0.0	0.0	0.0	78.55595397949219	268.51080322265625	0.0	0.0	5.412025451660156	25.903690338134766	0.0	0.0	0.0	80.08443450927734	67.65592956542969	400.4310302734375	455.3761291503906	314.1076354980469	265.3291320800781	598.259765625	560.6197509765625	552.5272827148438	738.631591796875	809.4121704101562	692.9703979492188	238.86105346679688	360.4967041015625	554.7734985351562	612.3155517578125	180.41941833496094	0.0	69.52689361572266	639.2850952148438	707.41015625	231.49485778808594	413.30682373046875	379.30999755859375	211.63967895507812	403.3750305175781	449.681640625	333.7996520996094	292.3388366699219	685.2500610351562	725.8360595703125	643.1507568359375	177.09580993652344	143.61810302734375	385.1177062988281	177.59506225585938	0.0	215.2732696533203	405.2337341308594	74.8685531616211	0.0	222.11817932128906	0.0	0.0	0.0	0.0	0.0	0.0	0.0	122.92816162109375	92.78572845458984	600.66796875	855.7646484375	314.4265441894531	864.1761474609375	769.9244995117188	68.57233428955078	197.8181610107422	486.9327392578125	657.9214477539062	377.6147155761719	1134.854736328125	582.7565307617188	236.7264404296875	236.44239807128906	150.02984619140625	348.0867919921875	406.90936279296875	1143.9200439453125	399.378173828125	350.861083984375	93.57620239257812	818.4775390625	473.2938537597656	1049.203369140625	998.2930297851562	88.3803482055664	874.2977294921875	779.3671264648438	595.4103393554688	340.2607421875	0.0	0.0	518.949462890625	799.0573120117188	48.076141357421875	406.7434387207031	588.413330078125	335.6673278808594	259.4132385253906	503.5563659667969	317.51617431640625	236.63778686523438	779.7328491210938	880.5162963867188	853.8516235351562	476.6749572753906
1084.7021484375	474.4334411621094	1191.08837890625	313.5023498535156	1056.22900390625	1083.1998291015625	1404.047607421875	408.09698486328125	713.7102661132812	713.7007446289062	1015.9053955078125	261.0157470703125	267.1493225097656	335.01934814453125	1235.166015625	409.3230895996094	0.0	0.0	15.303942680358887	38.37827682495117	58.15694046020508	0.0	90.66899108886719	0.0	0.0	0.0	0.0	0.0	0.0	0.0	0.0	0.0	241.52069091796875	142.74490356445312	592.659912109375	472.86517333984375	240.99241638183594	327.66961669921875	518.7908325195312	154.91351318359375	0.0	0.0	458.6717224121094	415.1550598144531	106.77519989013672	55.48921585083008	469.1201171875	389.8702392578125	0.0	0.0	0.0	0.0	0.0	0.0	0.0	0.0	0.0	0.0	0.0	0.0	224.88140869140625	177.52450561523438	0.0	0.0	542.0155639648438	769.4512329101562	368.1988525390625	449.0398864746094	299.35150146484375	868.5628051757812	884.18798828125	347.55029296875	447.0965576171875	756.8375244140625	208.83998107910156	135.84864807128906	0.0	222.93724060058594	406.7391052246094	390.6309814453125	977.0860595703125	861.8244018554688	485.3280334472656	571.9747314453125	980.2853393554688	125.8908462524414	950.7933349609375	628.2206420898438	251.24212646484375	272.81298828125	312.89556884765625	444.47930908203125	181.25502014160156	0.0	353.0029602050781	537.4269409179688	61.4479866027832	101.063720703125	61.73011779785156	27.334796905517578	76.4441909790039	48.264183044433594	177.1006317138672	3.104090690612793	32.49589157104492	0.0	86.75606536865234	9.975610733032227	20.153806686401367	24.615001678466797	110.77449798583984	26.370779037475586	327.5314636230469	330.2086181640625	362.79937744140625	425.9158630371094	796.6104736328125	985.7330932617188	411.0150146484375	363.17791748046875	985.39990234375	920.4650268554688	422.44525146484375	394.4006652832031	158.1825408935547	250.0472869873047	360.9501037597656	560.012939453125	118.19905090332031	13.751302719116211	166.65261840820312	43.67096710205078	177.9330596923828	300.9644775390625	225.699462890625	16.487863540649414	24.442169189453125	0.0	95.75520324707031	114.09809112548828	146.70252990722656	272.800537109375	209.34092712402344	4.243436336517334	0.0	0.0	0.0	0.0	0.0	0.0	0.0	0.0	0.0	0.0	0.0	0.0	191.45530700683594	279.4521789550781	0.24316717684268951	27.238861083984375	308.7781677246094	293.1596374511719	447.5843505859375	250.36935424804688	554.0775756835938	717.9603271484375	747.386962890625	217.2295684814453	433.9582824707031	624.0667724609375	625.3184204101562	426.5716247558594	347.5148620605469	553.3097534179688	684.389892578125	187.16053771972656	312.5588073730469	348.4953308105469	229.0293426513672	80.78815460205078	274.3173828125	45.92587661743164	317.200927734375	254.56118774414062	581.431640625	660.992919921875	375.4406433105469	0.0	465.888916015625	370.4216003417969	82.63507080078125	58.11019515991211	346.4123840332031	74.59744262695312	62.42563247680664	29.56012725830078	431.9023742675781	267.82354736328125	183.1073455810547	0.0	72.40821838378906	177.2727813720703	116.769287109375	0.0	0.0	49.72156524658203	30.001890182495117	0.0	127.66114044189453	794.9888305664062	762.8980102539062	480.614990234375	208.60775756835938	62.65139389038086	287.0030822753906	574.2413940429688	867.169189453125	414.2571716308594	580.1690673828125	141.08726501464844	0.0	9.666521072387695	476.03472900390625	312.1767272949219	242.74130249023438	758.2254638671875	1077.8353271484375	253.7974395751953	72.7298812866211	664.9923095703125	614.5460205078125	426.4450988769531	584.05224609375	528.6480712890625	557.4219360351562	258.5933837890625	736.5910034179688	964.6487426757812	909.4824829101562	62.52064514160156	0.0	290.5795593261719	159.73402404785156	118.64617156982422	227.8166046142578	285.0728759765625	274.63043212890625	257.52935791015625	693.9515991210938	655.2330322265625	632.1782836914062	233.91456604003906	430.9137268066406	384.98553466796875	25.905803680419922	36.55427932739258
1004.8844604492188	513.9367065429688	515.1751098632812	217.19839477539062	1020.9183959960938	475.684814453125	658.0602416992188	471.2271728515625	582.9442138671875	128.04763793945312	1416.796630859375	1157.7406005859375	394.05218505859375	343.55126953125	1238.6336669921875	821.39794921875	0.0	0.0	0.0	37.2740592956543	0.0	0.0	0.0	60.62689208984375	0.0	0.0	121.7752914428711	41.415157318115234	0.0	0.0	62.28913879394531	0.0	367.0711364746094	149.96749877929688	150.33871459960938	185.850341796875	37.64968490600586	67.29200744628906	329.0854187011719	423.4202575683594	0.0	248.62991333007812	339.130615234375	575.15234375	297.04644775390625	424.4634704589844	173.2969970703125	26.40660858154297	0.0	0.0	17.41664695739746	106.95059204101562	0.0	0.0	0.0	0.0	198.10031127929688	188.78211975097656	0.0	0.0	237.60797119140625	216.0387725830078	0.0	0.0	476.5582275390625	645.936279296875	267.2043762207031	217.347900390625	393.709228515625	647.9595947265625	579.9058227539062	145.73263549804688	332.8140869140625	0.0	285.5870056152344	377.6993408203125	313.787353515625	675.6495361328125	951.2092895507812	657.8871459960938	620.5131225585938	687.8948974609375	407.08758544921875	38.370826721191406	474.1195983886719	571.4808349609375	0.0	266.99322509765625	496.21923828125	392.2451477050781	65.23472595214844	797.4192504882812	0.0	41.41875457763672	572.5192260742188	1056.4151611328125	76.21395111083984	0.0	53.63418960571289	0.0	101.62613677978516	17.78493881225586	53.422420501708984	0.0	54.13381576538086	67.16200256347656	29.247562408447266	83.94889831542969	79.0980453491211	0.0	21.42853355407715	64.57669830322266	415.6923522949219	504.9582214355469	239.14894104003906	108.14590454101562	418.3961486816406	805.2446899414062	573.8519897460938	368.4918212890625	32.32316207885742	102.3903579711914	0.0	365.7652282714844	853.3482666015625	1115.9698486328125	797.417724609375	432.61248779296875	67.77840423583984	0.0	75.44243621826172	66.72296905517578	23.716716766357422	55.949153900146484	0.8191541433334351	54.958805084228516	21.248348236083984	248.03932189941406	362.5881042480469	160.399658203125	191.8882293701172	295.4980773925781	267.18756103515625	151.56576538085938	0.0	0.0	0.0	0.0	0.0	0.0	0.0	0.0	0.0	212.0654754638672	28.97638702392578	0.0	100.70619201660156	220.80673217773438	0.0	0.0	194.69081115722656	390.778564453125	547.7191162109375	279.979736328125	614.9714965820312	511.0476989746094	480.4713439941406	381.39776611328125	613.6265869140625	451.2359924316406	524.88818359375	161.0059051513672	476.2632141113281	416.5823669433594	795.4257202148438	325.93017578125	236.17984008789062	420.640380859375	538.77294921875	322.8689270019531	242.94874572753906	411.6051025390625	326.7235412597656	55.335365295410156	491.4796142578125	549.7447509765625	57.63585662841797	76.35559844970703	15.30837631225586	6.444820880889893	352.44207763671875	320.8684387207031	289.541259765625	54.347599029541016	0.0	0.0	147.69219970703125	0.0	0.0	0.0	2.1632649898529053	0.0	0.0	0.0	0.0	32.372074127197266	121.05093383789062	0.0	240.73780822753906	265.2906799316406	413.6466979980469	307.20257568359375	457.01397705078125	607.6128540039062	1038.6474609375	227.25341796875	232.4402618408203	218.67654418945312	699.791748046875	467.4920654296875	627.2006225585938	479.19305419921875	18.86139678955078	264.0491027832031	295.40789794921875	594.6323852539062	634.5068359375	617.4284057617188	495.4693908691406	600.5463256835938	468.7876892089844	211.69520568847656	300.8273620605469	644.2645874023438	1016.2379760742188	471.77618408203125	133.26126098632812	302.3448486328125	335.9250793457031	0.0	18.327350616455078	350.58465576171875	543.2918701171875	580.8064575195312	367.0650634765625	480.1055908203125	325.7304992675781	106.97425842285156	539.0610961914062	620.0505981445312	236.68385314941406	0.0	122.0996322631836	23.02268409729004	194.4136962890625	452.5750427246094
1291.98291015625	798.0720825195312	761.9705200195312	152.38470458984375	1108.3323974609375	305.1641845703125	873.9318237304688	897.9228515625	1008.4434814453125	273.4247131347656	676.6826171875	1366.0220947265625	901.5751953125	754.085693359375	540.5646362304688	1137.0726318359375	30.835390090942383	0.0	0.0	24.24852752685547	0.0	0.0	0.0	22.138751983642578	0.0	0.0	138.79226684570312	37.352787017822266	0.0	0.0	0.0	0.0	114.95620727539062	192.26805114746094	450.9290466308594	445.51025390625	284.1551208496094	162.41090393066406	239.89341735839844	570.9107666015625	262.7969665527344	426.0899658203125	73.63523864746094	526.2913818359375	21.389652252197266	427.13531494140625	137.58631896972656	20.410663604736328	0.0	0.0	0.0	0.0	0.0	8.371716499328613	0.0	0.0	0.0	16.562515258789062	0.0	0.0	0.0	0.0	0.0	0.0	447.36767578125	419.0773620605469	289.7813720703125	139.15194702148438	152.09214782714844	295.4755859375	274.4779357910156	136.7783203125	212.614990234375	108.56269073486328	239.40020751953125	332.17559814453125	273.73077392578125	380.0614929199219	673.7440795898438	828.5224609375	874.5921020507812	1015.1644897460938	0.0	64.26546478271484	871.9437255859375	819.4655151367188	0.0	201.26278686523438	620.355712890625	461.70050048828125	0.0	785.076904296875	116.7884750366211	73.58281707763672	0.0	864.0148315429688	191.03659057617188	104.2124252319336	21.040441513061523	20.63532829284668	181.64453125	85.58244323730469	0.0	72.74932098388672	137.49923706054688	0.0	0.0	104.36614990234375	21.536975860595703	0.0	0.0	44.9970817565918	0.0	688.9068603515625	547.7282104492188	399.9136657714844	83.15525817871094	470.6730651855469	122.27411651611328	310.7809143066406	348.09210205078125	566.8815307617188	38.00714111328125	229.54188537597656	485.3210144042969	929.8115844726562	902.8978881835938	463.2783508300781	74.02400207519531	168.33448791503906	0.0	0.0	152.73695373535156	273.8575439453125	202.32180786132812	0.0	40.26874923706055	41.754661560058594	303.36474609375	257.30010986328125	106.4714126586914	0.0	86.1014633178711	86.82847595214844	0.0	0.0	0.0	0.0	0.0	30.55419921875	0.0	0.0	0.0	0.0	13.606319427490234	0.0	0.0	0.0	0.0	0.0	572.8740234375	396.1276550292969	351.1480407714844	283.3909912109375	655.0386352539062	523.3374633789062	427.9033203125	230.72610473632812	647.875244140625	443.9703369140625	611.3510131835938	514.4205322265625	625.484130859375	364.40460205078125	659.8384399414062	797.2130737304688	267.9780578613281	278.202880859375	142.5834197998047	71.80274963378906	145.73074340820312	141.23385620117188	202.77313232421875	112.2527847290039	61.89054870605469	34.86823654174805	0.0	40.24824142456055	265.1395568847656	270.2481689453125	324.30322265625	410.1578674316406	377.4503173828125	39.0699577331543	21.907821655273438	0.0	320.4012756347656	83.43107604980469	0.0	41.11360168457031	272.381103515625	177.26695251464844	117.71419525146484	76.85050201416016	0.0	13.59373950958252	150.99815368652344	58.56890869140625	0.0	1137.446044921875	1146.2593994140625	68.08084869384766	0.0	0.0	1056.6876220703125	776.9566650390625	482.365478515625	198.8355255126953	94.52242279052734	530.2118530273438	1060.8258056640625	1437.79443359375	559.620849609375	244.2690887451172	398.2990417480469	981.2601318359375	883.9774780273438	115.07906341552734	63.32063293457031	581.9503784179688	1004.3963623046875	647.7559814453125	273.6820373535156	0.0	478.0070495605469	622.8670043945312	687.56005859375	779.1510009765625	158.30921936035156	225.04238891601562	154.3949737548828	411.0461730957031	119.47186279296875	151.50808715820312	216.51719665527344	370.4222717285156	37.03858184814453	104.94388580322266	228.4276885986328	211.7823028564453	72.99345397949219	0.0	315.6785583496094	181.88417053222656	282.5442199707031	593.0016479492188
1049.705810546875	1351.1387939453125	842.8461303710938	387.21783447265625	1507.2547607421875	1274.9044189453125	769.3411254882812	1024.8251953125	1406.4141845703125	907.6182861328125	949.1644897460938	1226.352294921875	894.3076782226562	501.3477783203125	337.0880432128906	213.7109375	33.774253845214844	39.93730545043945	0.0	28.04526710510254	11.829798698425293	19.49532699584961	0.0	0.0	0.0	0.0	0.0	0.0	0.0	0.0	0.0	0.0	276.96630859375	267.7724609375	436.9405517578125	486.5710144042969	234.61985778808594	221.42994689941406	371.35845947265625	546.081298828125	151.7036895751953	108.60131072998047	94.5208969116211	280.0881652832031	0.0	0.0	0.0	133.3839111328125	0.0	0.0	40.41813659667969	92.6752700805664	0.0	0.0	0.0	0.0	0.0	0.0	0.0	0.0	0.0	0.0	72.20712280273438	174.09432983398438	220.76390075683594	588.2032470703125	496.0746765136719	357.7830505371094	359.7682800292969	396.3428039550781	566.2826538085938	470.869873046875	424.6128234863281	461.0633239746094	1140.285400390625	1102.66748046875	430.5960693359375	602.3846435546875	735.7581787109375	15.859580993652344	0.0	1095.5028076171875	1178.7147216796875	107.37535095214844	704.11376953125	1062.1397705078125	439.7264709472656	440.4087219238281	788.04931640625	974.9312744140625	228.31423950195312	779.1710815429688	533.3921508789062	460.7468566894531	293.3034362792969	296.83489990234375	41.21805191040039	46.52322006225586	128.53988647460938	50.811641693115234	85.50678253173828	80.19108581542969	48.737972259521484	32.18815994262695	88.44287872314453	60.27935028076172	75.62154388427734	61.52692413330078	0.0	0.0	0.0	29.64226722717285	67.34835815429688	176.28346252441406	668.9595947265625	477.1876525878906	13.651001930236816	571.7724609375	892.001708984375	604.012451171875	623.1466064453125	1008.658447265625	928.1483764648438	541.0476684570312	584.219970703125	957.2818603515625	688.1903686523438	250.40594482421875	158.69610595703125	125.95864868164062	195.50711059570312	182.43624877929688	61.94834899902344	83.38462829589844	149.16102600097656	60.791526794433594	38.021697998046875	133.18374633789062	154.95855712890625	130.58558654785156	40.27302551269531	0.0	0.0	225.63673400878906	44.928348541259766	0.0	0.0	0.0	0.0	0.0	0.0	0.0	0.0	0.0	0.0	0.0	0.0	0.0	0.0	40.7390251159668	200.34158325195312	600.0119018554688	610.3423461914062	527.456298828125	538.98388671875	594.5436401367188	497.9842529296875	391.5049133300781	685.9133911132812	650.4901733398438	710.7049560546875	622.5235595703125	712.2863159179688	568.4898071289062	697.6876831054688	621.0494384765625	0.0	224.12530517578125	368.7132568359375	258.4101867675781	143.4807586669922	166.181396484375	178.90489196777344	195.89389038085938	132.7097930908203	207.14280700683594	188.67138671875	462.89990234375	640.1102905273438	679.0831298828125	720.3726806640625	622.7288818359375	478.04296875	575.7451171875	214.6842803955078	25.389026641845703	615.6633911132812	387.5821228027344	169.64990234375	0.0	528.7114868164062	360.7705078125	29.519575119018555	0.0	65.24795532226562	0.0	0.0	0.0	126.89311981201172	0.0	34.663475036621094	58.572357177734375	0.0	268.3435363769531	718.1351318359375	736.259033203125	241.40306091308594	275.6368408203125	58.58677673339844	558.8682250976562	862.7759399414062	960.5811767578125	446.6930236816406	215.83999633789062	186.41830444335938	147.97579956054688	113.32274627685547	546.5575561523438	171.478271484375	35.616153717041016	495.45794677734375	543.94677734375	186.94725036621094	256.1841735839844	1017.4172973632812	1019.6131591796875	591.481689453125	728.5324096679688	690.5220336914062	558.2764282226562	0.0	0.0	488.4998779296875	458.48565673828125	0.0	404.7804870605469	230.0138397216797	167.3130645751953	177.16793823242188	385.44140625	136.84259033203125	326.40911865234375	920.6442260742188	932.7515869140625	922.325439453125	833.46435546875
1130.200439453125	732.1925048828125	1200.74609375	1179.12548828125	1183.9747314453125	690.7885131835938	1406.44189453125	1072.9593505859375	681.9387817382812	694.352294921875	1407.4635009765625	383.0475769042969	216.27145385742188	1250.46240234375	1547.182861328125	137.68544006347656	20.01075553894043	0.0	0.0	5.9611430168151855	19.98781394958496	0.0	42.47541427612305	78.92594909667969	0.0	0.0	0.0	0.0	0.0	0.0	33.11515426635742	0.0	330.6483154296875	236.85572814941406	384.8582458496094	534.62890625	128.51625061035156	240.11351013183594	462.706787109375	242.41415405273438	0.0	7.251887321472168	346.43719482421875	204.02066040039062	139.9300994873047	207.22547912597656	400.04913330078125	53.93190383911133	0.0	0.0	0.0	0.0	0.0	9.709240913391113	0.0	0.0	0.0	0.0	0.0	0.0	233.07225036621094	58.1081657409668	0.0	37.337005615234375	686.7575073242188	988.58740234375	624.0509033203125	477.29248046875	451.498779296875	849.4050903320312	920.8396606445312	630.9718627929688	330.7255554199219	549.8321533203125	388.86199951171875	316.97308349609375	13.678590774536133	586.7305908203125	707.0989379882812	203.98220825195312	683.0767211914062	1166.42333984375	313.6890563964844	813.823486328125	1066.2803955078125	657.2073974609375	614.2022094726562	1002.0433349609375	363.2747497558594	13.66061019897461	928.7594604492188	898.259765625	131.62950134277344	0.0	1281.8336181640625	586.7307739257812	65.30187225341797	58.35895538330078	44.35954284667969	104.80181884765625	31.08905601501465	97.10155487060547	150.0012969970703	161.92105102539062	20.56772804260254	0.0	118.47119140625	74.36375427246094	51.58591842651367	76.34099578857422	101.8895492553711	19.929882049560547	450.4168701171875	619.1077880859375	364.220458984375	436.9849853515625	900.5632934570312	1153.93603515625	420.3651428222656	455.1330261230469	791.8927001953125	712.57470703125	243.30482482910156	387.494140625	325.4315490722656	414.8457946777344	488.16473388671875	444.99786376953125	194.60350036621094	51.974403381347656	144.71176147460938	183.12498474121094	12.45457649230957	237.12088012695312	400.24090576171875	133.6639862060547	0.0	47.70763397216797	245.77113342285156	152.78770446777344	323.11846923828125	256.8349914550781	241.54177856445312	39.14397048950195	0.0	0.0	0.0	0.0	0.0	0.0	0.0	0.0	0.0	0.0	0.0	6.1360392570495605	400.52093505859375	109.54730224609375	37.93144226074219	0.0	308.7933654785156	274.2993469238281	525.2034912109375	364.4119873046875	585.5541381835938	593.548583984375	727.3566284179688	448.6101379394531	520.5343017578125	515.83984375	756.3817749023438	305.5472106933594	400.79486083984375	601.3792724609375	834.4561767578125	211.6339111328125	154.42881774902344	583.4537353515625	431.22076416015625	222.48170471191406	427.14599609375	420.7121276855469	338.93109130859375	214.91116333007812	552.0352783203125	447.79425048828125	470.5357360839844	14.456591606140137	263.387939453125	158.24766540527344	260.8821105957031	129.18722534179688	311.841796875	89.40967559814453	0.0	5.7059102058410645	538.477783203125	21.170679092407227	170.2071533203125	0.0	0.0	149.14218139648438	76.79524230957031	11.825859069824219	0.0	194.89036560058594	104.57762908935547	0.0	214.57284545898438	609.9105834960938	888.678955078125	501.4376525878906	288.1626892089844	311.5743713378906	122.03136444091797	216.92337036132812	886.3392944335938	559.4676513671875	160.3440704345703	203.32501220703125	176.54563903808594	0.0	83.04901123046875	166.91513061523438	318.998046875	488.0433349609375	1226.134033203125	915.1512451171875	116.08808898925781	801.0037231445312	851.4662475585938	271.48046875	761.4549560546875	828.199462890625	745.0191040039062	0.0	697.5770874023438	933.4071655273438	479.04742431640625	79.27874755859375	0.0	460.00396728515625	486.888427734375	225.32652282714844	256.68218994140625	430.130859375	12.311551094055176	307.6787109375	722.7857666015625	440.83819580078125	494.0758972167969	415.72021484375	285.3647766113281	0.0	350.48626708984375	339.31353759765625
1123.7852783203125	1058.4215087890625	1192.0877685546875	151.5920867919922	1090.3109130859375	777.646240234375	1462.9581298828125	129.27545166015625	596.0228881835938	875.310302734375	866.4358520507812	160.2315673828125	19.42571258544922	912.289794921875	923.2171020507812	32.88370895385742	61.28274917602539	9.701319694519043	0.0	0.0	0.0	10.936046600341797	0.0	0.0	0.0	0.0	0.0	0.0	0.0	0.0	0.0	0.0	255.55250549316406	359.9952087402344	598.0872192382812	417.6485900878906	58.09074401855469	67.36810302734375	308.8581237792969	183.939697265625	0.0	40.797401428222656	323.9344482421875	165.30938720703125	55.72834396362305	109.76293182373047	317.76434326171875	155.84938049316406	0.0	0.0	0.0	0.0	0.0	0.0	0.0	0.0	86.07190704345703	0.0	0.0	30.927677154541016	74.92695617675781	40.32325744628906	0.0	0.0	298.06927490234375	625.390625	341.3095703125	343.1841125488281	301.19189453125	493.0126037597656	658.901123046875	361.6246643066406	179.9997100830078	170.6875457763672	27.07193946838379	101.04170227050781	0.0	297.3817138671875	278.2772521972656	300.52459716796875	38.45708084106445	895.6743774414062	591.1359252929688	743.0803833007812	219.50941467285156	725.7313232421875	926.5946655273438	704.3665771484375	196.92234802246094	177.00172424316406	672.9785766601562	157.5874481201172	36.31393814086914	0.0	469.53118896484375	167.42691040039062	66.26018524169922	72.89083862304688	92.28643798828125	34.510257720947266	19.89508819580078	124.96533966064453	144.7752227783203	68.34183502197266	19.461719512939453	0.0	149.46478271484375	0.0	32.89683532714844	0.0	117.21517944335938	0.0	148.63865661621094	422.2469482421875	481.1505126953125	480.9878845214844	257.73486328125	679.3487548828125	326.0520324707031	349.7153015136719	0.0	161.00230407714844	342.678466796875	338.9201354980469	93.5348129272461	267.4427185058594	599.3903198242188	406.4360656738281	137.09652709960938	70.18388366699219	133.10072326660156	58.186439514160156	0.0	191.04627990722656	164.1692657470703	0.36032697558403015	106.99034118652344	25.45502281188965	177.85093688964844	112.74870300292969	168.77346801757812	191.52923583984375	100.1061019897461	38.78236770629883	0.0	0.0	0.0	0.0	0.0	0.0	0.0	0.0	0.0	0.0	0.0	39.64274978637695	154.25521850585938	111.47330474853516	41.19696044921875	0.0	257.9068603515625	267.2385559082031	330.7687072753906	187.7950439453125	576.8350830078125	734.4990234375	881.5301513671875	126.1894302368164	523.2592163085938	683.8325805664062	796.7896118164062	212.2511444091797	376.4151611328125	617.1831665039062	391.25341796875	183.23614501953125	74.46832275390625	210.6763916015625	244.99864196777344	38.958290100097656	159.42520141601562	112.57000732421875	261.0276794433594	168.03512573242188	304.96441650390625	292.0065612792969	197.82916259765625	0.0	96.00199127197266	92.16093444824219	36.991275787353516	15.427960395812988	390.9851989746094	361.8772888183594	104.4601058959961	0.0	434.4532165527344	438.3518981933594	156.38235473632812	0.0	135.169189453125	279.8216247558594	105.24909973144531	0.0	0.0	192.59559631347656	43.30466079711914	0.0	177.2281494140625	682.2213745117188	635.0767822265625	221.10182189941406	449.9947509765625	177.65794372558594	331.187255859375	384.0852355957031	442.82025146484375	582.6635131835938	151.8650665283203	23.502681732177734	112.59471130371094	256.2526550292969	284.1087951660156	41.84379959106445	258.2700500488281	518.6517333984375	815.8186645507812	44.84291458129883	188.63429260253906	444.8663330078125	816.5601806640625	218.18824768066406	354.9181213378906	653.2466430664062	317.6916809082031	165.33547973632812	36.564273834228516	410.1310729980469	205.5370635986328	69.86998748779297	0.0	0.0	154.6818084716797	139.6222381591797	0.0	156.00765991210938	221.6134033203125	255.5527801513672	376.7198486328125	379.1868591308594	517.6563110351562	251.1080780029297	82.21737670898438	10.478744506835938	116.63050842285156	44.920433044433594
27.13882064819336	953.9179077148438	1384.4583740234375	822.7911376953125	505.44415283203125	1396.1817626953125	1189.888427734375	166.6483917236328	1221.1044921875	1481.3564453125	320.5869140625	153.891357421875	1262.63134765625	977.3344116210938	127.10736846923828	111.72064208984375	21.1074275970459	27.906030654907227	11.32187271118164	0.0	32.41181945800781	0.0	0.0	0.0	5.343141555786133	0.0	0.0	13.125924110412598	0.0	0.0	0.0	22.65981101989746	83.65580749511719	173.1820526123047	252.60716247558594	212.50279235839844	103.53377532958984	197.04180908203125	89.28340148925781	76.62236022949219	139.57188415527344	150.74497985839844	108.82368469238281	90.16089630126953	0.0	11.905275344848633	43.78076934814453	33.80769729614258	7.779049396514893	0.0	0.0	0.0	0.0	0.0	0.0	61.534244537353516	0.0	0.0	60.178401947021484	112.0390396118164	0.0	0.0	113.45074462890625	77.20681762695312	12.706282615661621	163.52401733398438	548.3941040039062	428.5643005371094	52.665103912353516	450.61505126953125	522.5549926757812	152.87875366210938	253.58950805664062	391.7919616699219	224.27415466308594	75.76394653320312	540.4352416992188	564.021728515625	175.43702697753906	88.9453353881836	0.0	0.0	1156.1380615234375	1106.2154541015625	0.0	784.19677734375	1294.50634765625	591.910888671875	0.0	1243.13330078125	1144.8663330078125	0.0	396.8326416015625	994.0081176757812	258.3909606933594	0.0	4.799667835235596	36.20380783081055	106.56706237792969	109.59857177734375	7.303293704986572	44.75312423706055	65.44673919677734	54.27379608154297	26.995330810546875	95.611083984375	65.0875473022461	1.0904053449630737	0.0	9.307500839233398	8.657279968261719	0.0	15.024036407470703	43.964820861816406	265.8362731933594	414.1913757324219	16.154592514038086	80.24787139892578	387.4145202636719	450.0226745605469	0.0	206.99794006347656	407.7957458496094	174.86306762695312	328.41204833984375	623.9400024414062	470.5149230957031	22.110395431518555	71.52430725097656	149.89895629882812	108.1429672241211	73.265380859375	123.3258285522461	104.64659881591797	68.7186279296875	84.60257720947266	118.42542266845703	76.56592559814453	113.51764678955078	113.36186981201172	0.0	20.53812026977539	55.601226806640625	68.6950454711914	82.21882629394531	74.34014892578125	0.0	0.0	96.47233581542969	0.0	0.0	62.20305252075195	0.0	0.0	84.9338607788086	134.54049682617188	0.0	0.0	71.08702850341797	111.72052001953125	23.554813385009766	222.880615234375	588.2337646484375	340.1745300292969	39.006290435791016	564.54736328125	623.864501953125	338.2662353515625	419.5714111328125	621.4835205078125	533.9149780273438	247.89453125	589.926025390625	679.9364013671875	341.93878173828125	116.34672546386719	0.0	0.0	235.42543029785156	219.60145568847656	0.0	171.4413299560547	319.7598876953125	207.8973846435547	50.65455627441406	283.39959716796875	253.72755432128906	43.58264923095703	365.4414978027344	377.81085205078125	87.2765121459961	21.824195861816406	108.01676940917969	472.44683837890625	462.0522766113281	64.43860626220703	317.7454833984375	535.2625732421875	298.8514404296875	0.0	542.1353149414062	502.8511657714844	0.0	0.0	415.59454345703125	155.22747802734375	0.0	0.0	76.49560546875	54.459659576416016	0.0	216.83255004882812	86.00765228271484	0.0	114.82268524169922	125.3413314819336	0.0	0.0	104.1512680053711	105.61436462402344	340.0233459472656	438.4193420410156	87.49329376220703	70.57154083251953	86.48907470703125	178.1742706298828	295.5176696777344	110.47907257080078	168.52969360351562	153.88308715820312	0.0	151.49822998046875	182.60806274414062	128.71246337890625	59.93174743652344	171.0050048828125	289.3144226074219	0.0	105.00796508789062	100.2037124633789	0.0	0.0	100.42216491699219	395.6982421875	0.0	0.0	562.3200073242188	522.1098022460938	0.0	428.2439270019531	503.552001953125	275.7223815917969	219.5337371826172	667.2324829101562	393.96173095703125	0.0
433.657470703125	1139.7847900390625	714.7962646484375	147.9410400390625	902.7291259765625	986.3349609375	222.28628540039062	96.32157897949219	690.1393432617188	575.6078491210938	299.2772521972656	128.8331298828125	349.10845947265625	714.1729736328125	854.2922973632812	25.279096603393555	42.18376159667969	0.0	0.0	0.0	7.396854400634766	0.0	0.0	7.282422065734863	0.0	0.0	37.55825424194336	49.97438049316406	0.0	0.0	56.36445617675781	15.797225952148438	103.32715606689453	201.447509765625	40.23204040527344	4.198756217956543	0.0	105.45024871826172	240.48202514648438	242.25189208984375	0.0	420.2059326171875	514.1669311523438	141.25595092773438	141.34181213378906	303.4849853515625	550.8848266601562	298.5843505859375	0.0	0.0	0.0	172.13140869140625	0.0	0.0	184.68406677246094	161.15359497070312	42.27101516723633	0.0	60.70627212524414	10.081730842590332	69.64410400390625	0.0	0.0	0.0	29.49776840209961	684.3671264648438	723.0403442382812	199.39341735839844	238.84304809570312	423.9893493652344	90.50914001464844	134.01748657226562	153.34307861328125	84.75414276123047	177.30734252929688	132.74826049804688	332.9032287597656	783.783447265625	898.7425537109375	397.8734130859375	0.0	803.7195434570312	987.3431396484375	173.88491821289062	0.0	1065.6512451171875	415.4195861816406	0.0	159.39431762695312	246.4425506591797	117.48277282714844	178.54786682128906	98.89920043945312	73.61894226074219	297.4088134765625	379.7645568847656	17.12431526184082	24.210180282592773	100.56548309326172	66.57069396972656	0.0	69.6615219116211	47.512447357177734	1.8358092308044434	5.885416030883789	49.188167572021484	16.773916244506836	0.0	50.651058197021484	0.0	31.265363693237305	14.278528213500977	112.58148193359375	257.2304992675781	304.9037170410156	127.4742202758789	71.53883361816406	213.86297607421875	233.52542114257812	156.14903259277344	124.77008056640625	611.5869750976562	430.2141418457031	194.75572204589844	996.40185546875	1106.6104736328125	712.4461669921875	499.21533203125	118.3332748413086	95.26022338867188	0.0	163.89593505859375	101.57350158691406	49.84413528442383	153.8004913330078	218.9208221435547	0.0	52.85327911376953	140.11732482910156	68.58464813232422	102.59639739990234	160.30477905273438	69.71537017822266	5.695583343505859	68.83769989013672	0.0	0.0	0.0	0.0	0.0	188.31387329101562	307.2851257324219	0.0	0.0	19.4295654296875	0.0	0.0	0.0	0.0	0.0	62.636146545410156	479.3477478027344	356.1783447265625	372.2979431152344	309.76483154296875	530.3875732421875	356.7594909667969	294.8170166015625	639.616455078125	411.7809753417969	482.2489013671875	184.75372314453125	715.41064453125	602.3093872070312	420.81549072265625	232.74795532226562	0.0	262.2713317871094	560.1248168945312	686.8965454101562	185.46966552734375	445.20050048828125	352.1571044921875	0.0	250.07083129882812	92.63275146484375	6.305757999420166	42.78561782836914	124.41609191894531	160.21340942382812	266.6475524902344	254.08775329589844	242.7329864501953	379.6932067871094	41.95558166503906	0.0	370.4447937011719	362.8153381347656	0.0	0.0	290.9552917480469	45.16740417480469	16.59180450439453	0.0	146.43478393554688	0.0	0.0	0.0	136.66839599609375	31.409631729125977	202.7509765625	482.13665771484375	72.14610290527344	0.6113994121551514	299.8376770019531	195.56935119628906	352.72540283203125	835.796875	162.353271484375	63.393985748291016	720.2435913085938	891.107421875	725.9466552734375	358.572509765625	169.79249572753906	376.76171875	366.0768127441406	875.9898071289062	164.830810546875	0.0	325.65618896484375	235.26637268066406	372.6239013671875	369.48077392578125	126.13522338867188	139.14996337890625	219.9853973388672	863.1260986328125	676.6148071289062	0.0	0.0	0.0	598.3040161132812	691.6397094726562	0.0	492.9997863769531	732.3785400390625	95.27034759521484	230.9805145263672	292.5931396484375	72.2955322265625	45.466697692871094	199.3181610107422	238.5102996826172	54.265716552734375	238.66038513183594
680.4059448242188	1209.88232421875	831.3317260742188	801.5535278320312	691.9124145507812	985.42138671875	1377.306396484375	806.559814453125	599.07861328125	1097.268798828125	843.3873291015625	249.30210876464844	932.138671875	711.5380859375	194.72254943847656	182.9012908935547	18.354297637939453	0.0	0.0	19.083818435668945	0.0	18.246896743774414	0.0	0.0	37.43484878540039	0.0	0.0	0.0	0.0	0.0	0.0	17.881309509277344	93.3224105834961	419.4299011230469	553.6242065429688	630.09521484375	0.0	100.80847930908203	336.81292724609375	368.9966125488281	185.80294799804688	167.22999572753906	0.0	120.96482849121094	243.32861328125	0.0	158.37095642089844	145.3436279296875	0.0	0.0	0.0	0.0	0.0	0.0	0.0	0.0	34.11579513549805	0.0	0.0	156.65359497070312	0.0	26.642107009887695	169.86399841308594	115.2861099243164	229.29910278320312	448.06695556640625	409.6110534667969	386.87799072265625	216.4720001220703	344.60113525390625	866.4580688476562	756.3357543945312	31.354175567626953	824.31201171875	872.8737182617188	30.843446731567383	842.17724609375	832.7908325195312	42.58182144165039	95.2206039428711	0.0	949.726318359375	525.7849731445312	536.3530883789062	0.0	688.1122436523438	762.1911010742188	907.6075439453125	0.0	883.2473754882812	981.898193359375	312.40374755859375	836.5204467773438	952.8632202148438	172.94497680664062	0.0	0.0	86.0400161743164	60.33699035644531	17.96331024169922	0.0	163.01431274414062	72.50643157958984	68.87450408935547	35.85679244995117	109.98345184326172	38.344215393066406	13.370933532714844	39.35292434692383	23.319480895996094	26.64937973022461	0.0	21.477705001831055	485.2588195800781	766.85693359375	588.208984375	79.4100341796875	335.785400390625	630.7332763671875	323.6372375488281	162.50062561035156	477.4415283203125	460.5933837890625	322.427490234375	437.3660583496094	301.6526184082031	234.8026580810547	64.84130859375	111.0701904296875	30.048551559448242	37.303653717041016	40.01923370361328	55.30419921875	276.3768615722656	301.5721740722656	0.0	180.6424102783203	274.61737060546875	35.68270492553711	184.2942352294922	129.51898193359375	0.0	201.5593719482422	200.7269744873047	123.4632339477539	0.0	0.0	0.0	0.0	0.0	0.0	0.0	0.0	0.0	0.0	119.69116973876953	0.0	0.0	167.18931579589844	155.05714416503906	157.66641235351562	436.5291748046875	215.2108154296875	364.5530700683594	506.9261779785156	597.9503173828125	709.9478149414062	246.3538818359375	526.8832397460938	560.3475952148438	704.8646850585938	354.1707458496094	450.2750244140625	549.02587890625	483.500732421875	231.11044311523438	0.0	206.84303283691406	105.3106689453125	3.7139368057250977	212.33486938476562	215.41116333007812	177.93190002441406	435.56927490234375	141.51112365722656	325.3902893066406	523.8900756835938	375.94146728515625	387.7967224121094	563.7963256835938	429.60980224609375	25.21460723876953	391.54669189453125	312.4831237792969	98.3816146850586	50.97835159301758	352.1448059082031	247.31021118164062	321.15771484375	0.0	296.5098876953125	290.2651062011719	223.3925018310547	0.0	301.3401184082031	153.32415771484375	0.0	0.0	136.24822998046875	598.1206665039062	1098.3946533203125	273.46990966796875	0.0	269.1074523925781	519.0051879882812	622.6900024414062	44.884033203125	136.1483154296875	205.8790283203125	70.90803527832031	36.08648681640625	128.11883544921875	161.19126892089844	83.8470687866211	246.5951690673828	390.06402587890625	558.983642578125	125.3067398071289	177.4629669189453	308.3955078125	1048.20361328125	629.2822875976562	261.73114013671875	321.550048828125	14.133489608764648	255.8153533935547	210.22109985351562	70.57947540283203	307.59033203125	225.0467071533203	0.0	10.395088195800781	105.07130432128906	65.95979309082031	43.133399963378906	201.5211944580078	108.8657455444336	441.65301513671875	0.0	175.08482360839844	715.9514770507812	623.1100463867188	71.78628540039062	726.8046264648438	677.9891967773438	92.69670867919922
1009.1080322265625	576.9699096679688	1354.9791259765625	676.0895385742188	913.7685546875	1236.2142333984375	1490.033935546875	236.9311981201172	954.99853515625	1499.98046875	526.2965698242188	217.33143615722656	849.3917846679688	1137.7293701171875	818.1810302734375	446.70684814453125	0.0	0.0	0.0	0.0	0.0	0.0	93.80207824707031	0.0	0.0	0.0	0.0	0.0	0.0	0.0	0.0	36.15494918823242	201.03399658203125	0.0	495.06573486328125	548.423828125	296.09381103515625	520.0201416015625	286.629150390625	60.67205810546875	71.08103942871094	311.87933349609375	531.97021484375	413.928955078125	0.0	0.0	425.6240539550781	448.00140380859375	0.0	0.0	0.0	0.0	0.0	0.0	0.0	92.5252456665039	0.0	0.0	6.114385604858398	138.26902770996094	0.0	0.0	0.0	0.0	544.646728515625	881.9337158203125	592.8255004882812	774.3435668945312	216.73130798339844	410.90252685546875	825.6713256835938	285.8770751953125	220.7178955078125	418.92864990234375	201.07510375976562	162.3818817138672	363.4876708984375	460.7378845214844	456.398681640625	462.466064453125	786.6991577148438	848.4962768554688	483.6651306152344	917.3525390625	548.1160278320312	143.93414306640625	1130.2337646484375	834.3910522460938	55.231605529785156	834.7735595703125	1044.7384033203125	125.22332763671875	35.35081481933594	673.6597900390625	104.62850952148438	198.33177185058594	67.03083038330078	63.01300048828125	100.63147735595703	45.03486251831055	91.17243194580078	85.31474304199219	96.14045715332031	73.95610809326172	13.716107368469238	35.75439453125	113.54878997802734	6.025632858276367	0.0	15.239953994750977	0.0	7.732322692871094	412.7272644042969	478.6852722167969	369.1048278808594	443.2804260253906	334.17669677734375	571.5567016601562	200.66390991210938	305.8128967285156	47.38767623901367	356.215576171875	510.9974365234375	348.92730712890625	322.5671691894531	668.5277709960938	811.2413940429688	597.6071166992188	95.67228698730469	67.55766296386719	249.2030487060547	81.69900512695312	78.7827377319336	278.6241455078125	282.6238708496094	123.5865707397461	218.89537048339844	0.0	74.5569839477539	141.8379669189453	172.40907287597656	97.99332427978516	36.994285583496094	19.49407196044922	0.0	0.0	0.0	0.0	0.0	47.49811553955078	0.0	0.0	0.0	0.0	0.0	52.08876037597656	0.0	0.0	0.0	0.0	341.0698547363281	352.0321044921875	557.2718505859375	216.87890625	586.9185180664062	715.320556640625	765.7987670898438	252.60093688964844	538.6927490234375	702.7053833007812	607.2921752929688	406.8947448730469	615.3040161132812	678.0182495117188	495.624755859375	373.0381164550781	451.7933349609375	531.7171630859375	337.72467041015625	182.32034301757812	320.1999206542969	67.47459411621094	341.6500549316406	339.4787292480469	123.2070541381836	292.1037292480469	197.46304321289062	0.0	312.4134216308594	282.8140563964844	73.43241882324219	126.20293426513672	380.06011962890625	18.31903839111328	0.0	10.93847942352295	206.24954223632812	372.7672119140625	123.09342956542969	0.0	294.55157470703125	414.99468994140625	107.12612915039062	0.0	248.4362335205078	238.21414184570312	4.975161552429199	0.0	183.13992309570312	647.4144287109375	781.6795043945312	534.9898681640625	777.2669677734375	112.71607208251953	0.0	315.25604248046875	793.5979614257812	545.7797241210938	612.5216064453125	77.92977142333984	195.4669952392578	527.3575439453125	776.091552734375	600.638916015625	275.0953674316406	889.9268188476562	1248.89208984375	492.257080078125	358.44390869140625	697.070556640625	605.9515991210938	305.6534118652344	540.815185546875	571.36181640625	0.0	256.37786865234375	147.95614624023438	156.89418029785156	432.5688781738281	202.45314025878906	146.38818359375	502.1546325683594	359.2292785644531	153.71009826660156	237.90985107421875	349.5433654785156	380.01953125	578.7220458984375	197.10189819335938	32.70523452758789	552.9031982421875	276.181640625	163.7943572998047	432.2259521484375	299.2227478027344	104.48395538330078
1397.69384765625	808.2074584960938	800.363525390625	405.81591796875	1113.70361328125	986.9531860351562	1375.400146484375	1295.5477294921875	988.6539306640625	1132.8291015625	1189.2113037109375	1278.4796142578125	797.4459228515625	837.564697265625	591.9742431640625	205.86505126953125	0.0	0.0	39.07546615600586	70.54332733154297	0.0	0.0	61.15614318847656	0.0	0.0	0.0	122.97395324707031	0.0	0.0	0.0	0.0	0.0	205.04290771484375	249.07879638671875	459.3847961425781	408.6895751953125	284.87322998046875	254.8090057373047	348.6458435058594	475.86541748046875	221.69972229003906	207.81126403808594	240.0295867919922	181.60935974121094	0.0	0.0	0.0	85.14480590820312	0.0	0.0	105.87149810791016	14.647163391113281	0.0	0.0	0.0	0.0	0.0	0.0	0.0	0.0	92.86041259765625	6.196805477142334	0.0	140.8063507080078	282.01702880859375	253.5102996826172	291.2916259765625	621.30419921875	187.67379760742188	256.4356689453125	712.2786865234375	535.8650512695312	261.0184326171875	517.373779296875	652.6985473632812	936.3458251953125	234.50576782226562	453.43865966796875	426.3763427734375	141.68905639648438	751.6627807617188	1141.2183837890625	141.53424072265625	346.64697265625	916.9830322265625	860.8080444335938	1146.2149658203125	639.9940795898438	460.8630065917969	273.46722412109375	782.8984985351562	718.3265380859375	165.14437866210938	310.4653015136719	371.5335998535156	339.02813720703125	136.8740997314453	124.62966918945312	59.061893463134766	63.99485397338867	181.3205108642578	25.00428581237793	99.01044464111328	71.78024291992188	44.99703598022461	0.0	138.47341918945312	98.99513244628906	38.58625793457031	0.5995749831199646	0.0	53.57509994506836	0.0	412.1833801269531	641.662109375	737.8063354492188	77.65357971191406	354.6357421875	275.5960693359375	480.69305419921875	576.114501953125	883.4740600585938	1082.222412109375	739.7975463867188	172.4905548095703	530.9334716796875	705.3914794921875	248.297119140625	100.53980255126953	216.4254913330078	198.4990997314453	93.08637237548828	118.46697998046875	288.6882629394531	139.72906494140625	115.80052947998047	99.00013732910156	85.77831268310547	335.3248291015625	257.3768615722656	147.48245239257812	0.0	0.0	144.73275756835938	0.0	65.4808349609375	0.0	0.0	0.0	61.00559616088867	0.0	0.0	0.0	0.0	0.0	0.0	0.0	0.0	0.0	0.0	665.178466796875	278.3954772949219	260.5882568359375	304.943603515625	659.0115356445312	375.9193115234375	505.60784912109375	427.4474792480469	657.4195556640625	915.2184448242188	730.970947265625	819.9982299804688	613.4223022460938	755.3076782226562	503.7156677246094	726.508056640625	136.36062622070312	64.99398803710938	0.0	0.0	134.82395935058594	0.0	266.0558166503906	242.3831024169922	137.69174194335938	103.73805236816406	189.11166381835938	404.9903259277344	420.641845703125	650.578857421875	682.8423461914062	537.0160522460938	411.8714904785156	219.03994750976562	86.97809600830078	76.41565704345703	361.8629150390625	362.5576477050781	395.9898376464844	0.0	333.19659423828125	579.34375	261.416015625	206.88519287109375	32.96651077270508	64.06458282470703	87.38642883300781	0.0	0.0	308.21728515625	343.3790588378906	324.06829833984375	0.0	107.25921630859375	511.05047607421875	951.4559936523438	847.9395751953125	344.4156799316406	294.9176940917969	78.80697631835938	720.1256713867188	919.018310546875	587.2413330078125	222.04461669921875	228.36256408691406	100.46636962890625	279.94775390625	161.9423065185547	60.3995361328125	249.10690307617188	443.368408203125	1044.222900390625	410.4655456542969	94.89472961425781	161.18431091308594	626.8187255859375	582.2633666992188	952.2050170898438	790.194091796875	587.9318237304688	81.70897674560547	219.8487091064453	0.0	0.0	173.72865295410156	170.38946533203125	29.0828857421875	245.73008728027344	136.65309143066406	0.0	257.1072998046875	205.1195831298828	413.299072265625	777.4703369140625	929.2714233398438	873.2506713867188
980.4093627929688	791.8251342773438	209.2518310546875	663.4324340820312	1104.082763671875	485.6177673339844	152.57664489746094	368.6435546875	874.1624755859375	783.1246948242188	851.1598510742188	56.979854583740234	739.8841552734375	1099.0562744140625	1058.7803955078125	98.1968994140625	51.239166259765625	0.0	0.0	0.0	0.0	6.298463821411133	32.72200393676758	64.69270324707031	0.0	0.0	0.6379508972167969	0.0	0.0	0.0	0.0	19.454843521118164	333.73663330078125	373.9456481933594	0.0	0.0	190.8067626953125	354.2739562988281	445.2984313964844	76.2216796875	64.19831848144531	413.27215576171875	480.9125061035156	150.6183319091797	129.75656127929688	226.6539764404297	383.0163879394531	132.961181640625	0.0	0.0	0.0	0.0	0.0	202.13790893554688	258.0895080566406	203.8721466064453	0.0	0.0	0.0	114.1867446899414	160.46133422851562	0.0	0.0	0.0	319.642822265625	731.5048828125	853.0406494140625	518.0046997070312	537.607421875	351.885009765625	212.72930908203125	148.01101684570312	388.58624267578125	308.87396240234375	275.4886474609375	169.6731719970703	313.8612060546875	952.2321166992188	717.0940551757812	228.10665893554688	110.54399108886719	891.1890869140625	438.6104736328125	38.30762481689453	884.1759643554688	1120.8731689453125	0.0	82.87531280517578	439.857421875	111.5150375366211	541.1351928710938	248.60292053222656	19.788667678833008	287.0321350097656	761.8394165039062	139.9925079345703	37.22960662841797	55.34984588623047	0.0	0.0	74.67539978027344	66.43683624267578	78.2561264038086	65.15933227539062	42.326263427734375	31.72079849243164	35.84840393066406	0.0	55.63405990600586	88.92036437988281	84.89569854736328	30.446035385131836	268.4903259277344	739.3524169921875	829.7765502929688	662.7946166992188	456.6314697265625	571.931640625	224.15475463867188	125.86377716064453	719.0576171875	991.3496704101562	543.8289794921875	376.2519226074219	565.0031127929688	722.716064453125	340.2333984375	241.10122680664062	155.9927520751953	203.59523010253906	0.0	0.0	22.868919372558594	50.732826232910156	200.89073181152344	218.0129852294922	0.0	89.42961120605469	21.565906524658203	149.84458923339844	267.4542236328125	205.97430419921875	73.5636978149414	10.221611022949219	6.027299880981445	0.0	0.0	0.0	0.0	0.0	129.08782958984375	203.29806518554688	0.0	0.0	103.0884780883789	79.86859893798828	56.48023223876953	0.0	0.0	0.0	250.11241149902344	259.5736389160156	210.79190063476562	320.58221435546875	529.5924072265625	569.949462890625	535.9577026367188	511.39874267578125	494.443115234375	475.17645263671875	382.5274963378906	299.67803955078125	513.8635864257812	646.1441040039062	311.16314697265625	170.3489990234375	0.0	457.0626220703125	676.333251953125	591.9383544921875	270.95703125	549.8474731445312	415.888671875	372.9855651855469	446.895751953125	136.09556579589844	109.14722442626953	32.37275695800781	180.0899658203125	234.79345703125	329.9906005859375	106.28486633300781	218.7543182373047	141.3618621826172	0.0	0.0	434.34588623046875	0.0	0.0	0.0	7.545707702636719	52.823158264160156	0.0	0.0	69.21025848388672	108.39458465576172	0.0	0.0	218.20645141601562	358.95697021484375	826.62109375	915.6860961914062	0.0	11.113112449645996	0.0	34.338661193847656	757.7823486328125	836.055908203125	454.0732116699219	88.09164428710938	72.26252746582031	295.8155517578125	402.8050231933594	114.61137390136719	289.9779052734375	206.16355895996094	716.7412109375	1002.9882202148438	163.40020751953125	470.07806396484375	927.3073120117188	986.8489379882812	601.832275390625	589.3466186523438	109.25164031982422	0.0	829.1436767578125	1125.06689453125	828.6558227539062	157.2771759033203	0.0	259.5674133300781	711.2935791015625	715.763916015625	65.28202056884766	575.9616088867188	589.759521484375	330.2931823730469	675.13623046875	328.2185363769531	141.4401092529297	166.91004943847656	269.8168640136719	0.0	296.22271728515625	205.63121032714844
832.9133911132812	649.4611206054688	1111.12744140625	624.477294921875	1139.0662841796875	753.6046752929688	988.3108520507812	232.29190063476562	569.1477661132812	740.6504516601562	1095.183349609375	135.73313903808594	0.0	804.962646484375	1107.6636962890625	66.98522186279297	44.369876861572266	65.26850128173828	102.7872543334961	19.66582679748535	0.0	0.0	50.29627990722656	0.0	0.0	0.0	0.0	0.0	0.5431031584739685	0.0	0.0	0.0	374.77301025390625	470.00885009765625	234.4229736328125	135.97689819335938	262.0273742675781	345.45770263671875	224.781005859375	84.2878189086914	0.0	0.0	313.3830261230469	177.674072265625	111.88782501220703	108.1240234375	233.1618194580078	115.2912826538086	0.0	0.0	0.0	0.0	0.0	0.0	0.0	15.959819793701172	80.11579132080078	103.09290313720703	0.0	0.0	132.10169982910156	110.22392272949219	0.0	0.0	102.61603546142578	274.01959228515625	294.1686096191406	281.4844665527344	542.7662353515625	604.1815795898438	391.14117431640625	136.26858520507812	404.3553466796875	123.12796783447266	129.46942138671875	166.11920166015625	0.0	292.1658935546875	338.95721435546875	186.3420867919922	0.0	556.6192626953125	548.5357055664062	925.589111328125	335.643798828125	715.4890747070312	684.3251342773438	778.8402099609375	531.1152954101562	490.5157470703125	715.4734497070312	418.55804443359375	52.3547248840332	0.0	687.4443359375	313.8230895996094	52.46440124511719	117.76670837402344	102.40433502197266	74.43421936035156	60.410892486572266	33.4666862487793	112.60783386230469	61.91944885253906	64.81586456298828	20.99016761779785	125.41197967529297	7.728875160217285	58.327850341796875	0.0	110.02422332763672	6.062342166900635	87.5371322631836	210.01193237304688	54.25940704345703	295.3219299316406	439.3042297363281	732.8603515625	366.03759765625	417.7881164550781	29.695520401000977	90.12206268310547	123.15814208984375	362.2192077636719	171.6845703125	256.1831970214844	446.5908203125	355.4303894042969	99.54186248779297	146.18580627441406	42.583648681640625	138.3046417236328	39.5133171081543	130.11361694335938	58.31459045410156	138.7578125	36.53791046142578	149.59825134277344	162.60385131835938	95.23242950439453	166.511962890625	274.2833557128906	163.50050354003906	19.269969940185547	0.0	76.50038146972656	0.0	0.0	0.0	0.0	0.0	13.557287216186523	0.0	0.0	6.256354331970215	0.0	302.3545837402344	238.54502868652344	26.103139877319336	0.0	198.45314025878906	179.77687072753906	493.6731872558594	226.0221405029297	523.0473022460938	229.86715698242188	766.5567626953125	254.26922607421875	538.0521240234375	501.3273620605469	650.0556030273438	177.5845947265625	386.6929931640625	607.129150390625	503.18341064453125	141.29083251953125	0.0	0.0	177.2682647705078	136.9074249267578	143.5253143310547	120.97246551513672	213.88404846191406	76.4009780883789	449.8705139160156	394.1299133300781	224.70010375976562	0.0	156.7122344970703	59.84147262573242	82.25135040283203	16.122821807861328	218.80618286132812	250.1862030029297	246.6677703857422	48.7524528503418	320.6009216308594	352.89569091796875	182.68527221679688	48.272071838378906	164.32203674316406	174.22915649414062	87.2638931274414	38.90748596191406	0.0	180.1503143310547	33.28072738647461	0.0	157.57919311523438	34.797969818115234	0.0	101.36675262451172	350.72918701171875	564.160888671875	0.0	63.53998565673828	196.06967163085938	528.541748046875	175.87246704101562	86.14620971679688	155.14598083496094	58.08156204223633	138.89486694335938	71.19078826904297	185.8980255126953	54.31954574584961	221.3827362060547	54.28044509887695	354.46337890625	80.81017303466797	127.8470230102539	0.0	361.3843994140625	900.3245849609375	700.3782958984375	40.08006286621094	122.00932312011719	388.4724426269531	204.228515625	27.450788497924805	0.0	0.0	20.352514266967773	264.9693298339844	0.0	64.13168334960938	255.59983825683594	296.7225341796875	513.4059448242188	580.1812133789062	380.7005615234375	296.9964904785156	238.51768493652344	19.557477951049805	173.28782653808594	100.9822006225586
147.6444091796875	1503.5809326171875	1465.71044921875	82.01423645019531	505.4991149902344	1541.9412841796875	1205.9852294921875	55.53947448730469	990.4340209960938	1469.4981689453125	591.0686645507812	94.69635772705078	1080.199951171875	1317.5748291015625	210.43307495117188	101.62952423095703	7.296524524688721	26.222917556762695	0.8976682424545288	0.0	16.94966697692871	13.6261625289917	0.0	0.0	0.0	0.0	0.0	0.0	0.0	0.0	0.0	15.132108688354492	0.0	268.7350769042969	489.9775695800781	311.39105224609375	35.92005920410156	157.9777069091797	221.20057678222656	97.83719635009766	10.193450927734375	200.11343383789062	164.677978515625	49.19773864746094	0.0	149.47630310058594	114.38555145263672	13.502900123596191	8.827500343322754	0.0	0.0	0.0	0.0	0.0	0.0	0.0	0.0	0.0	0.0	27.115711212158203	0.0	0.0	0.0	27.86847496032715	62.88193130493164	275.0247802734375	311.3601989746094	171.77490234375	43.10660934448242	354.46514892578125	414.5067443847656	199.18405151367188	134.7163543701172	298.2212219238281	233.43417358398438	51.2170295715332	362.8580017089844	389.217529296875	195.63876342773438	59.98729705810547	0.0	144.08251953125	1028.0860595703125	512.25048828125	0.0	834.22021484375	1216.887451171875	363.99700927734375	0.0	1129.2740478515625	1125.9649658203125	11.388427734375	0.0	981.696533203125	616.049560546875	0.0	0.0	116.46036529541016	169.1922607421875	42.68597412109375	0.0	117.88081359863281	124.74136352539062	45.35911178588867	0.0	97.05602264404297	73.84207153320312	1.5003718137741089	0.0	76.78282165527344	8.227328300476074	0.0	19.32331085205078	0.0	377.33770751953125	407.5396728515625	16.870378494262695	22.498193740844727	516.087158203125	359.95611572265625	0.0	192.445556640625	432.1031188964844	115.30896759033203	179.09996032714844	643.0023193359375	558.7207641601562	64.11080169677734	92.55078125	61.481319427490234	115.5283203125	58.55819320678711	105.7003173828125	136.73416137695312	189.42152404785156	11.454934120178223	112.28446197509766	134.09585571289062	136.83071899414062	38.610557556152344	24.786344528198242	85.18506622314453	54.377750396728516	40.905128479003906	99.82813262939453	0.0	0.0	0.0	98.05978393554688	0.0	0.0	0.0	32.45206832885742	0.0	0.0	30.61227798461914	0.0	0.0	3.7001888751983643	32.72124099731445	8.154601097106934	546.9320068359375	421.6341552734375	127.8292465209961	69.08844757080078	750.6541748046875	556.662353515625	151.86936950683594	399.1439208984375	678.6066284179688	489.8354187011719	136.579833984375	601.4111328125	657.4140625	325.3848876953125	125.51543426513672	0.0	48.90534973144531	78.249755859375	82.573974609375	0.0	91.06547546386719	118.85896301269531	49.5122184753418	13.662161827087402	163.65487670898438	122.35275268554688	28.99907875061035	196.259033203125	221.2620849609375	13.193342208862305	23.643112182617188	326.2793273925781	463.78173828125	240.2366180419922	0.0	438.3831481933594	539.997314453125	230.51475524902344	10.402871131896973	493.12322998046875	518.6654052734375	115.64580535888672	0.0	424.3010559082031	328.0308837890625	13.029987335205078	0.0	11.52127742767334	119.28398895263672	292.3878173828125	106.93086242675781	49.906490325927734	0.0	163.712646484375	111.74545288085938	0.0	0.0	70.2739028930664	104.15621185302734	234.74720764160156	309.6177673339844	155.34628295898438	39.52158737182617	67.24712371826172	422.5775146484375	329.1575012207031	162.02035522460938	122.64013671875	125.78351593017578	0.0	52.08834457397461	146.90194702148438	49.54197311401367	24.346769332885742	124.71977996826172	227.56369018554688	0.0	0.0	42.04262161254883	0.0	0.0	144.67929077148438	132.59385681152344	0.0	0.0	332.5719299316406	168.12994384765625	0.0	277.3547058105469	424.4823303222656	163.2964630126953	0.0	462.2179870605469	344.0086669921875	8.514927864074707
920.3179321289062	635.4716796875	1377.246826171875	741.2462768554688	874.6056518554688	966.0121459960938	1291.598388671875	290.4940185546875	810.1990356445312	1410.9296875	895.913330078125	340.2608337402344	903.9080810546875	1192.1160888671875	1218.745361328125	211.66744995117188	18.071468353271484	0.0	0.0	0.0	0.0	0.0	0.0	0.0	67.60157012939453	0.0	20.886751174926758	13.922528266906738	0.0	121.08746337890625	0.0	0.0	284.9324951171875	195.84664916992188	385.1138610839844	347.01312255859375	100.5082778930664	297.5696105957031	157.60516357421875	154.67701721191406	0.0	241.06138610839844	582.431396484375	469.85870361328125	18.59476661682129	173.87376403808594	389.6799621582031	247.99729919433594	0.0	0.0	0.0	0.0	0.0	0.0	0.0	144.623046875	7.751707553863525	0.0	0.0	36.44910430908203	11.362890243530273	0.0	0.0	0.0	413.1723937988281	694.7625732421875	375.7197265625	732.0719604492188	306.09393310546875	275.8065185546875	662.0262451171875	230.67227172851562	172.97682189941406	475.37176513671875	329.34619140625	293.5943298339844	245.28370666503906	450.8859558105469	927.5369873046875	582.4793701171875	340.9954528808594	874.6388549804688	362.9294128417969	928.0098876953125	473.41253662109375	450.33563232421875	915.84130859375	910.9954833984375	141.9429168701172	873.6971435546875	751.7515258789062	489.8455810546875	0.0	771.821533203125	814.986572265625	800.1839599609375	58.783809661865234	17.17287826538086	36.66402816772461	52.1147346496582	74.1606674194336	92.36571502685547	118.99488830566406	117.83063507080078	43.42073059082031	35.77766036987305	133.6201171875	15.4993896484375	22.827939987182617	95.54286193847656	91.22928619384766	21.24033546447754	296.003173828125	420.7778015136719	575.7854614257812	818.4447631835938	276.34979248046875	656.2374267578125	371.49078369140625	368.8511657714844	0.0	228.61166381835938	535.2955932617188	578.5418701171875	210.72584533691406	902.1923828125	710.4310913085938	398.794677734375	118.72362518310547	26.114473342895508	133.6479034423828	0.0	0.0	147.89486694335938	176.91761779785156	123.2308578491211	229.8367462158203	54.80342102050781	126.90090942382812	166.87147521972656	162.3456573486328	299.5159606933594	179.36566162109375	5.6167802810668945	0.0	0.0	0.0	0.0	0.0	0.0	0.0	0.0	0.0	0.0	0.0	142.92323303222656	79.63448333740234	0.0	0.0	0.0	245.1776580810547	263.002197265625	413.0228271484375	256.684814453125	479.8330078125	631.10205078125	916.2389526367188	436.5787353515625	533.73779296875	558.7839965820312	631.582763671875	448.3315734863281	554.7608032226562	635.6963500976562	779.595458984375	152.5625457763672	150.07859802246094	341.4306640625	320.1337585449219	417.3236083984375	259.4622802734375	198.90216064453125	385.878173828125	494.0713195800781	235.79629516601562	295.592041015625	147.7216796875	0.0	97.12450408935547	191.39456176757812	212.09388732910156	346.1589660644531	373.0701599121094	103.02088928222656	71.31800842285156	85.81082916259766	238.88185119628906	366.7679138183594	276.8169860839844	0.0	194.47264099121094	312.7647705078125	8.156952857971191	0.0	353.659912109375	351.70587158203125	89.28926849365234	0.0	159.73521423339844	663.251708984375	874.4873657226562	402.9381408691406	857.9631958007812	567.7527465820312	0.0	227.26625061035156	532.1234130859375	644.204833984375	757.485595703125	213.91099548339844	131.1494903564453	123.39332580566406	320.6246032714844	438.30059814453125	200.24685668945312	573.6143188476562	1034.802734375	533.8561401367188	337.5122375488281	459.95806884765625	756.8323364257812	647.5770874023438	595.7027587890625	750.4976196289062	548.28173828125	116.56033325195312	102.70301055908203	138.32742309570312	648.1409912109375	119.24835205078125	0.0	254.32350158691406	276.4274597167969	387.24072265625	157.4005584716797	194.79762268066406	268.6104431152344	594.2070922851562	266.1365051269531	179.931396484375	493.6073303222656	269.5595397949219	0.0	137.45535278320312	155.94140625	264.223876953125
1171.1142578125	1304.15234375	677.195556640625	471.29058837890625	1342.2664794921875	949.3621215820312	1396.354248046875	700.306884765625	889.7651977539062	1096.205322265625	1633.6317138671875	635.6126098632812	782.7311401367188	807.9321899414062	533.2037963867188	200.2974395751953	21.705698013305664	61.06465530395508	0.0	84.25861358642578	0.0	4.347443580627441	12.2149076461792	37.057125091552734	0.0	0.0	15.158357620239258	0.0	0.0	0.0	0.0	0.0	90.79975891113281	262.6138610839844	484.51385498046875	459.8934020996094	156.97372436523438	224.8703155517578	594.9990234375	502.57830810546875	189.74400329589844	252.95166015625	280.8254089355469	238.3129425048828	0.0	0.0	0.0	61.02179718017578	0.0	0.0	44.49039077758789	36.57828903198242	0.0	0.0	0.0	0.0	0.0	0.0	0.0	0.0	0.0	0.0	45.375247955322266	68.16458129882812	168.57736206054688	374.927001953125	195.5261993408203	281.4847106933594	274.2492980957031	292.7152404785156	416.9507141113281	406.9178771972656	167.28651428222656	666.6777954101562	823.5123291015625	559.4838256835938	268.70269775390625	674.03759765625	580.8236083984375	52.70811462402344	0.0	1197.3936767578125	619.465087890625	474.5089416503906	524.399658203125	1206.4390869140625	788.7158813476562	980.825927734375	482.8711242675781	483.9247741699219	1012.3068237304688	902.5731811523438	194.55523681640625	393.143798828125	595.8428955078125	160.87962341308594	37.47566604614258	152.99354553222656	78.02413940429688	53.22555923461914	100.02981567382812	127.43163299560547	76.79273986816406	119.95673370361328	106.37326049804688	35.42333221435547	126.02378845214844	71.69815063476562	0.0	0.0	0.0	6.389768123626709	0.0	341.300537109375	443.3863220214844	241.8119659423828	0.0	405.7206726074219	339.99786376953125	419.8574523925781	435.13397216796875	864.4715576171875	707.9348754882812	650.4246215820312	386.8175964355469	695.8984375	650.1130981445312	324.882080078125	128.9753875732422	225.3889923095703	189.85641479492188	113.90172576904297	5.808490753173828	255.1610107421875	177.44378662109375	66.09017181396484	121.78417205810547	247.92849731445312	121.05944061279297	98.49171447753906	88.38147735595703	0.0	19.487899780273438	94.31452941894531	4.731988906860352	23.84480857849121	0.0	0.0	0.0	0.0	0.0	0.0	0.0	0.0	0.0	0.0	0.0	0.0	0.0	0.0	401.6739501953125	684.0489501953125	361.45440673828125	292.3049621582031	632.0870361328125	542.0349731445312	453.44793701171875	219.12075805664062	643.9742431640625	795.7401733398438	787.715576171875	338.372802734375	582.5870971679688	738.4551391601562	710.7009887695312	375.6708068847656	59.125938415527344	121.65077209472656	1.1073472499847412	19.418296813964844	232.2976837158203	55.64930725097656	7.368161201477051	105.44206237792969	152.8486328125	0.0	276.2213439941406	176.0173797607422	445.9141845703125	725.32568359375	659.9586181640625	307.9446105957031	452.1509094238281	265.4065856933594	160.38497924804688	59.813968658447266	493.8118896484375	356.2325134277344	517.8314208984375	107.2635269165039	348.4377136230469	527.6888427734375	514.177001953125	86.38975524902344	35.93878173828125	190.2211456298828	0.0	0.0	0.0	24.203832626342773	159.10714721679688	0.0	0.0	132.4720458984375	73.24665069580078	134.2058868408203	484.6866149902344	94.61532592773438	262.1463928222656	329.7391357421875	771.4512939453125	679.6229248046875	436.3031005859375	359.8253479003906	137.854248046875	146.23287963867188	179.6596221923828	170.34359741210938	142.33541870117188	116.34972381591797	308.8717041015625	0.0	222.0738983154297	168.95867919921875	292.09625244140625	25.493694305419922	520.8699340820312	678.0680541992188	503.1292419433594	465.77862548828125	0.0	146.5204315185547	171.2355499267578	0.0	29.19526481628418	193.07333374023438	0.0	152.83984375	126.57947540283203	202.1475067138672	303.1940002441406	334.68487548828125	453.3685607910156	882.3234252929688	1109.07958984375	668.2496948242188
31.050792694091797	949.0172729492188	1003.8863525390625	182.58094787597656	117.10858917236328	517.92822265625	1126.1282958984375	472.755615234375	616.9515991210938	438.83599853515625	1325.343505859375	633.7992553710938	707.8277587890625	397.0997619628906	378.6320495605469	276.83245849609375	0.0	0.0	0.0	0.0	25.32678985595703	46.6789436340332	17.383535385131836	0.0	15.623859405517578	114.0817642211914	91.10136413574219	0.0	0.0	0.0	0.0	0.0	0.06482595205307007	0.0	417.11224365234375	296.5391540527344	201.32806396484375	0.0	521.7400512695312	607.9558715820312	375.9091796875	194.00750732421875	419.2298583984375	436.97216796875	0.0	0.0	0.0	138.68870544433594	0.0	0.0	0.0	10.895359992980957	61.54129409790039	0.0	0.0	0.0	0.0	51.73150634765625	0.0	0.0	0.0	0.0	0.0	58.494117736816406	16.455759048461914	209.4963836669922	72.75324249267578	137.2869110107422	30.82562255859375	212.0987091064453	130.88674926757812	221.60745239257812	485.6911315917969	760.7410278320312	1034.050537109375	581.420654296875	539.31494140625	617.2672119140625	639.05859375	0.0	0.1920856237411499	0.0	686.5245971679688	181.41934204101562	171.84510803222656	126.28313446044922	281.7875671386719	544.2161865234375	232.67758178710938	40.2156982421875	567.3948974609375	769.2977294921875	279.46978759765625	64.42134094238281	352.9170837402344	96.85218811035156	0.07977041602134705	0.0	139.56729125976562	0.0	46.918418884277344	25.649213790893555	63.494117736816406	53.714839935302734	51.986236572265625	12.821085929870605	73.57878875732422	56.059146881103516	15.433564186096191	0.0	26.260038375854492	0.0	27.23858642578125	17.233489990234375	453.3092346191406	447.4632568359375	0.0	19.874608993530273	346.989990234375	447.4957275390625	1149.32373046875	1155.0714111328125	855.4629516601562	509.8447570800781	923.5540771484375	1001.0204467773438	667.305908203125	347.55169677734375	38.76643753051758	0.0	90.05692291259766	129.1149139404297	30.702831268310547	134.26641845703125	188.66636657714844	60.9844970703125	27.6468563079834	244.96875	307.6662902832031	46.65877151489258	0.0	0.0	65.85792541503906	134.9669647216797	17.16175079345703	0.0	7.929608345031738	0.0	0.0	0.0	0.0	0.0	0.0	0.0	0.0	0.0	0.0	0.0	0.0	7.5994873046875	0.40342459082603455	598.693115234375	570.0281372070312	362.5064697265625	148.64097595214844	612.7335205078125	489.49090576171875	315.9057312011719	273.61968994140625	711.4252319335938	854.0841674804688	239.4204559326172	201.08450317382812	348.5639953613281	636.9867553710938	276.6982727050781	16.685527801513672	165.89425659179688	247.57980346679688	2.019026517868042	41.74469757080078	102.70010375976562	36.4447021484375	0.0	2.052164077758789	33.19535827636719	253.00445556640625	308.3321533203125	727.8981323242188	830.2826538085938	691.7163696289062	357.35040283203125	133.8126678466797	413.3550109863281	208.76995849609375	0.0	86.11598205566406	237.78248596191406	136.15786743164062	49.824222564697266	162.04820251464844	120.79041290283203	61.352291107177734	0.0	0.0	0.0	0.0	0.0	0.0	215.09710693359375	327.7830810546875	78.95976257324219	0.0	287.2877197265625	647.8719482421875	209.0730438232422	631.9507446289062	363.7876892089844	389.5587463378906	433.27313232421875	1228.1890869140625	897.02294921875	383.09088134765625	263.14691162109375	31.165348052978516	209.30235290527344	52.356048583984375	453.7885437011719	120.63809967041016	362.2674560546875	596.2923583984375	119.99436950683594	30.105031967163086	374.7645568847656	637.930908203125	223.07777404785156	1146.6832275390625	1120.69189453125	787.803955078125	414.4695739746094	0.0	0.0	395.4498291015625	302.3393859863281	9.884675979614258	60.11925506591797	154.98802185058594	66.18879699707031	0.0	7.54050350189209	83.01091766357422	195.84068298339844	802.444091796875	950.8125	998.8131103515625	703.2665405273438
1400.4647216796875	1332.88232421875	1013.4983520507812	1458.84619140625	1359.4290771484375	699.363037109375	1252.021728515625	1202.144287109375	1191.5416259765625	1185.27099609375	1242.264892578125	243.32351684570312	377.804931640625	1315.46875	1053.208740234375	125.2525634765625	26.92352867126465	25.706192016601562	0.0	0.0	13.538064002990723	0.0	0.0	18.50157928466797	0.0	0.0	0.0	0.0	0.0	0.0	0.0	0.0	247.2098388671875	161.0308074951172	393.3778381347656	656.15234375	249.60696411132812	471.9056396484375	517.37841796875	21.843210220336914	32.769798278808594	159.6630401611328	302.8430480957031	276.14739990234375	0.0	32.958011627197266	217.0078582763672	105.9759521484375	0.0	0.0	0.0	0.0	0.0	0.0	16.215635299682617	0.0	0.0	0.0	0.0	107.1769790649414	193.2353973388672	0.0	0.0	0.0	392.9212646484375	712.763427734375	338.164794921875	776.5773315429688	342.5212097167969	261.3278503417969	623.4820556640625	819.1769409179688	411.9757385253906	504.4646301269531	395.9906311035156	293.3139343261719	70.80663299560547	649.1419677734375	714.6680908203125	620.77294921875	248.20872497558594	1275.8128662109375	855.7117309570312	1016.902587890625	882.0576171875	1211.9508056640625	766.2880249023438	1090.1787109375	649.9713745117188	263.2508850097656	832.9883422851562	617.5774536132812	303.7344665527344	104.3609848022461	585.8419799804688	220.30441284179688	35.84880828857422	94.46678161621094	152.07484436035156	70.70738220214844	64.71548461914062	109.26219177246094	54.42005920410156	64.22968292236328	18.07992172241211	43.86586380004883	8.322077751159668	43.897220611572266	61.30636215209961	7.824030876159668	28.869956970214844	0.0	28.07938003540039	172.2480926513672	227.70462036132812	337.21685791015625	278.6624755859375	672.0298461914062	463.8586120605469	310.2270812988281	694.0346069335938	846.2232666015625	398.1204833984375	525.0070190429688	185.07504272460938	307.7479553222656	849.3060302734375	723.69775390625	142.93307495117188	74.49353790283203	391.66436767578125	264.7726745605469	4.097082138061523	216.19253540039062	416.7730712890625	91.82070922851562	16.52907371520996	0.0	104.68450927734375	188.60430908203125	275.9273681640625	206.78334045410156	54.50404739379883	0.0	0.0	0.0	0.0	0.0	0.0	0.0	0.0	0.0	0.0	0.0	0.0	13.282136917114258	39.79521179199219	0.0	0.0	0.0	420.2130432128906	540.9901733398438	446.1775207519531	522.3470458984375	648.2445068359375	584.8845825195312	631.7654418945312	645.568115234375	664.203369140625	534.0130615234375	649.6007080078125	490.3085632324219	613.0844116210938	668.31689453125	618.919189453125	360.8879699707031	98.45134735107422	422.5667724609375	503.7032165527344	185.3838348388672	206.12477111816406	217.5703582763672	374.3905029296875	479.8501892089844	458.7976989746094	267.9172058105469	404.3235168457031	256.7619934082031	458.24945068359375	337.0696716308594	366.1554260253906	326.8331604003906	506.02972412109375	391.9845275878906	110.7105941772461	145.7147979736328	571.0677490234375	274.2250671386719	384.3476257324219	77.26841735839844	217.905517578125	463.4672546386719	338.49237060546875	0.0	0.0	15.697932243347168	0.0	0.0	53.895687103271484	0.0	443.9479675292969	386.0057678222656	0.0	170.35238647460938	0.0	77.54473876953125	719.6444091796875	642.2171630859375	69.56680297851562	45.01170349121094	190.82057189941406	590.3737182617188	809.5628051757812	427.34716796875	253.85780334472656	233.32925415039062	883.7617797851562	820.386474609375	89.84599304199219	55.319610595703125	318.3793640136719	164.55238342285156	416.16839599609375	400.31060791015625	171.3312225341797	205.68829345703125	681.0247802734375	971.0507202148438	387.8743591308594	135.05787658691406	0.0	354.02679443359375	411.00994873046875	127.3815689086914	28.164304733276367	373.3917236328125	0.0	613.9767456054688	599.4701538085938	313.5837097167969	359.606689453125	586.7737426757812	572.5065307617188	251.85430908203125	528.3325805664062	494.2612609863281
977.7272338867188	657.4384765625	445.47869873046875	963.71044921875	979.1787719726562	125.52739715576172	188.21498107910156	1181.4967041015625	127.1371841430664	200.7484893798828	1047.587158203125	1036.6756591796875	378.3218078613281	352.47265625	918.2158813476562	514.537109375	0.0	0.0	0.0	0.0	24.93562126159668	0.0	88.5436782836914	66.5528564453125	0.0	116.16167449951172	99.23607635498047	84.52534484863281	0.0	0.0	0.0	0.0	155.62254333496094	0.0	0.0	476.1660461425781	9.351434707641602	214.39688110351562	148.85401916503906	175.10496520996094	271.2936706542969	234.55870056152344	218.60667419433594	298.86859130859375	211.4217529296875	85.51441192626953	0.0	35.37651443481445	0.0	64.81097412109375	204.43984985351562	0.0	0.0	223.2915802001953	240.65235900878906	16.336511611938477	127.93547821044922	139.1925048828125	0.0	0.0	0.0	0.0	0.0	54.74991989135742	651.2376708984375	849.1669311523438	225.89837646484375	271.9154968261719	449.5007019042969	44.50341033935547	215.1172637939453	387.0415344238281	302.785888671875	295.2000732421875	389.2070007324219	624.6619262695312	412.53533935546875	525.9127807617188	895.8603515625	575.060546875	868.7099609375	936.4453735351562	173.89773559570312	0.0	1075.28369140625	257.3921813964844	0.0	601.724853515625	737.1714477539062	124.32351684570312	0.0	1085.1639404296875	64.39806365966797	0.0	403.4050598144531	818.2783813476562	44.22239685058594	84.1352767944336	49.811676025390625	63.80929183959961	89.42588806152344	93.2327651977539	0.0	69.01820373535156	105.75423431396484	0.0	12.687536239624023	97.11264038085938	0.0	0.0	0.0	24.381256103515625	320.89349365234375	248.6986846923828	88.83289337158203	252.4783935546875	241.9432373046875	241.81797790527344	194.92160034179688	131.3085479736328	798.1001586914062	286.7696838378906	220.1400146484375	355.25732421875	1145.110595703125	1115.622314453125	847.5855712890625	366.0668640136719	104.71635437011719	0.0	226.07952880859375	86.82052612304688	30.562896728515625	150.4622039794922	346.2964782714844	267.1383972167969	106.76166534423828	158.82225036621094	178.33970642089844	168.12448120117188	0.0	0.0	0.0	61.50181198120117	0.0	0.0	0.0	0.0	0.0	290.5838928222656	365.05340576171875	0.0	0.0	110.63912963867188	34.7462043762207	0.0	0.0	0.0	0.0	0.0	405.1176452636719	405.16131591796875	455.2781982421875	295.09136962890625	461.2157897949219	359.3909912109375	388.62701416015625	513.8251953125	470.3828430175781	448.8799133300781	424.86102294921875	647.8790893554688	387.2552795410156	359.5549621582031	599.5701293945312	561.8653564453125	323.04052734375	664.4089965820312	759.5917358398438	225.56768798828125	384.9986877441406	281.5797424316406	0.0	128.25885009765625	153.34410095214844	9.651277542114258	31.485702514648438	145.1945343017578	460.55072021484375	351.1189880371094	609.9352416992188	385.2769775390625	346.7885437011719	78.6001205444336	0.0	0.0	295.5126953125	0.0	90.16478729248047	84.15560150146484	64.97764587402344	12.05152702331543	286.1201477050781	212.47486877441406	0.0	0.0	198.22584533691406	0.0	22.244897842407227	190.03265380859375	1074.3187255859375	1196.9969482421875	154.47869873046875	155.13461303710938	211.17616271972656	228.89801025390625	88.06548309326172	91.50370788574219	139.82916259765625	48.10332107543945	1098.3424072265625	1112.0184326171875	235.57269287109375	184.46250915527344	275.8743896484375	432.0574035644531	1189.6077880859375	1387.316162109375	90.43111419677734	215.80087280273438	294.6162414550781	657.5918579101562	129.15594482421875	248.5904083251953	264.7550048828125	105.762939453125	800.2373046875	473.5914001464844	40.527801513671875	142.83517456054688	40.441070556640625	703.58251953125	769.6011962890625	301.6497497558594	558.98828125	632.5204467773438	0.0	0.0	422.4842224121094	24.637611389160156	0.0	221.8795166015625	517.850341796875	458.0021667480469	655.59375	838.156982421875
1162.7388916015625	784.0975952148438	991.4273071289062	58.503910064697266	1044.197021484375	1037.792724609375	1120.4737548828125	139.9980010986328	561.8250732421875	375.6624755859375	1198.1256103515625	587.6887817382812	15.982604026794434	211.6121826171875	1355.8734130859375	915.8677978515625	9.283652305603027	0.0	100.91126251220703	21.26676368713379	0.0	0.0	0.0	1.6389062404632568	0.0	0.0	0.0	0.0	0.0	0.0	42.16862487792969	0.0	301.526611328125	395.60101318359375	720.2410888671875	264.1180419921875	96.44837951660156	218.80145263671875	354.1021423339844	266.6065368652344	0.0	0.0	514.1472778320312	558.8231201171875	95.35838317871094	45.33197021484375	263.8951110839844	482.4973449707031	0.0	0.0	0.0	0.0	0.0	0.0	0.0	0.0	241.2996368408203	208.9499053955078	0.0	0.0	195.0255126953125	173.13311767578125	0.0	0.0	498.05401611328125	581.315185546875	264.2863464355469	230.13626098632812	276.9253845214844	888.7618408203125	820.3059692382812	179.20118713378906	199.80621337890625	243.5778045654297	219.76138305664062	165.44229125976562	3.810884952545166	173.12838745117188	400.3042297363281	455.6292419433594	991.2545776367188	901.0576171875	543.79248046875	328.96441650390625	706.5112915039062	254.8096923828125	512.7807006835938	203.2953338623047	268.74078369140625	214.97654724121094	0.0	428.55694580078125	0.0	0.0	155.94606018066406	671.5311279296875	122.75048065185547	64.3416976928711	72.07424926757812	33.769920349121094	131.6055908203125	58.705528259277344	60.14926528930664	20.157732009887695	41.36454391479492	41.95088577270508	59.16567611694336	49.56081771850586	28.395917892456055	23.118871688842773	24.36575698852539	56.6057014465332	169.01861572265625	462.5682678222656	378.505859375	261.9028015136719	693.07080078125	1050.073486328125	392.6040344238281	318.0012512207031	14.582173347473145	18.651424407958984	169.06399536132812	320.1372985839844	146.5850067138672	188.60243225097656	309.9261779785156	558.4247436523438	64.89691925048828	66.0916748046875	130.37384033203125	25.084367752075195	161.75892639160156	256.2121887207031	7.337437152862549	0.0	116.82652282714844	135.538330078125	215.4894561767578	47.84706497192383	146.69874572753906	255.78890991210938	195.8132781982422	21.964174270629883	0.0	0.0	0.0	0.0	0.0	0.0	0.0	0.0	0.0	0.0	0.0	30.093029022216797	263.2633056640625	277.75579833984375	0.0	0.0	423.4021301269531	270.13720703125	329.1406555175781	171.0751953125	643.4935913085938	709.5471801757812	383.3144226074219	239.6842498779297	577.8662109375	629.6253662109375	539.6712646484375	287.880126953125	348.40728759765625	324.2054443359375	518.1660766601562	150.8738250732422	313.1903076171875	289.1513366699219	188.76858520507812	20.715579986572266	235.75160217285156	103.92973327636719	323.8902282714844	124.85516357421875	463.8367614746094	619.9395141601562	256.47454833984375	0.0	54.60053634643555	24.472402572631836	56.542991638183594	79.73773956298828	423.0383605957031	0.0	57.57862854003906	0.0	309.5452880859375	166.75718688964844	23.404550552368164	6.525521755218506	0.0	0.0	69.94252014160156	41.802738189697266	0.0	131.1452178955078	120.64027404785156	68.9263916015625	273.3027648925781	808.8422241210938	465.54168701171875	42.662513732910156	728.406982421875	315.0087585449219	505.1506042480469	15.256794929504395	505.0155029296875	490.6391296386719	662.92431640625	304.4140930175781	160.80850219726562	50.282466888427734	425.540771484375	364.2859802246094	296.849609375	954.3529052734375	718.1032104492188	112.95710754394531	309.1084899902344	703.6959228515625	535.0015869140625	149.58529663085938	492.5968933105469	961.5748291015625	984.3082885742188	74.72592163085938	13.078103065490723	270.36920166015625	552.4437255859375	117.51890563964844	37.40953063964844	207.5457000732422	249.1609344482422	100.51061248779297	385.54339599609375	247.15354919433594	312.7234191894531	159.1158447265625	712.0570678710938	667.7164916992188	580.0451049804688	37.533233642578125	104.13662719726562	83.85520935058594	0.0	1.6131306886672974
1246.335205078125	1300.398193359375	488.1075439453125	380.2998352050781	1327.7127685546875	668.9867553710938	407.2960205078125	384.9494934082031	1072.9820556640625	550.0517578125	433.695068359375	593.634521484375	478.2446594238281	651.5653686523438	409.3445129394531	779.1441650390625	58.597469329833984	42.107696533203125	0.0	0.0	24.507274627685547	0.0	43.64921951293945	59.100772857666016	0.0	0.0	0.0	66.65767669677734	0.0	0.0	0.0	0.0	94.24188232421875	76.88308715820312	35.075435638427734	241.84548950195312	316.3710021972656	354.3470764160156	265.9261169433594	80.53060150146484	109.37091064453125	176.28407287597656	254.1508026123047	556.995849609375	0.0	193.52517700195312	153.4206085205078	404.9571533203125	0.0	0.0	0.0	0.0	0.0	47.01150131225586	311.58038330078125	122.75943756103516	0.0	0.0	0.0	0.0	111.9355697631836	0.0	0.0	0.0	284.48480224609375	807.2520141601562	503.9207763671875	269.6753234863281	238.66583251953125	255.1184844970703	377.8504943847656	277.8370056152344	496.3230895996094	325.10528564453125	182.98471069335938	144.72975158691406	184.5038299560547	318.65301513671875	602.43408203125	654.9307250976562	21.16390037536621	1226.578857421875	740.4268188476562	10.140915870666504	684.98193359375	1190.936767578125	0.0	0.0	744.4351196289062	709.0105590820312	0.0	59.9831428527832	329.8100280761719	0.0	0.0	150.50357055664062	64.76171112060547	123.93643188476562	85.12641906738281	10.372015953063965	83.0009765625	143.7518310546875	62.661399841308594	37.4884033203125	49.44180679321289	64.39326477050781	0.0	27.888193130493164	47.49656295776367	7.163105487823486	9.620978355407715	0.0	57.564613342285156	283.1075744628906	689.7135620117188	619.7608642578125	196.72015380859375	1107.91796875	824.2343139648438	378.05645751953125	325.5429382324219	639.0296630859375	578.05126953125	563.3453369140625	263.04132080078125	714.7116088867188	942.467041015625	804.471923828125	144.91624450683594	22.373199462890625	44.41663360595703	0.0	1.9091449975967407	209.79954528808594	258.0509033203125	157.2484893798828	0.0	0.0	0.0	62.02858352661133	154.96194458007812	118.60526275634766	72.08036804199219	28.267005920410156	8.759952545166016	0.0	0.0	0.0	0.0	0.0	110.34829711914062	0.0	0.0	0.0	0.0	0.0	0.0	0.0	0.0	0.0	323.83319091796875	622.6510620117188	404.43316650390625	258.4461669921875	719.9296875	667.3350219726562	686.7406616210938	469.64825439453125	614.8306274414062	464.6486511230469	337.788330078125	391.00592041015625	575.79248046875	470.2752685546875	510.772705078125	397.8690185546875	143.70729064941406	507.2370910644531	513.1697998046875	359.2030334472656	204.86386108398438	268.5278015136719	222.38134765625	227.9359588623047	305.89300537109375	280.5253601074219	263.5521240234375	69.62503051757812	423.6947326660156	216.51315307617188	178.7347869873047	325.43115234375	516.1636352539062	363.2379150390625	0.0	0.0	504.0284423828125	91.8995590209961	0.0	0.0	350.2806701660156	141.11788940429688	0.0	11.625997543334961	17.73003578186035	0.0	0.0	0.0	77.2743911743164	376.8748779296875	1282.1854248046875	927.8469848632812	97.46733856201172	417.47479248046875	171.33348083496094	319.68792724609375	335.25628662109375	908.7781372070312	935.6868896484375	739.9498291015625	587.568359375	1303.6856689453125	737.3757934570312	796.3624267578125	223.302734375	441.8794250488281	1306.8939208984375	1154.00048828125	145.2365264892578	0.0	833.491455078125	972.7718505859375	123.32969665527344	604.59619140625	926.3124389648438	470.94537353515625	516.9707641601562	685.5388793945312	898.0143432617188	954.8717041015625	0.0	533.794189453125	825.8978271484375	412.46282958984375	0.0	541.2462158203125	330.8338928222656	153.6265106201172	388.5144958496094	552.882080078125	250.799560546875	198.87655639648438	484.8293151855469	228.81570434570312	150.6219940185547	197.17886352539062
1021.939208984375	1420.954833984375	755.5792236328125	1234.16796875	1416.6412353515625	1304.5394287109375	1331.2763671875	1582.5113525390625	1325.540771484375	846.7932739257812	1286.18408203125	822.6334838867188	1101.096923828125	989.7364501953125	886.5013427734375	216.02838134765625	30.956384658813477	0.0	0.0	62.162479400634766	0.0	6.3461151123046875	11.82885456085205	84.147216796875	0.0	0.0	51.83583450317383	20.42877960205078	0.0	0.0	0.0	0.0	186.57357788085938	275.5264587402344	96.61860656738281	566.1285400390625	180.1660919189453	305.0027770996094	296.9598388671875	486.7646179199219	295.0352783203125	334.8750305175781	282.7981262207031	88.72391510009766	185.46896362304688	167.51516723632812	0.0	110.04524993896484	0.0	0.0	0.0	0.0	0.0	0.0	23.81298828125	0.0	0.0	0.0	0.0	0.0	0.0	0.0	0.0	97.40496826171875	191.03428649902344	644.3406982421875	749.6353149414062	189.05796813964844	243.43714904785156	264.8102722167969	377.902099609375	540.2733154296875	285.23101806640625	217.86012268066406	723.7428588867188	535.9142456054688	355.8366394042969	681.1279907226562	748.5230102539062	0.0	0.0	1278.18896484375	856.1375122070312	514.0921020507812	303.50177001953125	1278.8682861328125	123.49634552001953	1073.3155517578125	689.7733764648438	1181.93310546875	1020.5151977539062	1271.7655029296875	507.694091796875	551.8401489257812	788.33056640625	329.28863525390625	13.9705228805542	68.38504791259766	80.87714385986328	94.08792877197266	55.30033493041992	151.8895721435547	142.02806091308594	124.95660400390625	126.00159454345703	115.54497528076172	10.392338752746582	106.08827209472656	87.92247772216797	0.0	0.0	0.0	38.413204193115234	433.3853759765625	553.3251953125	403.6293029785156	0.0	410.6334228515625	293.62255859375	394.4757385253906	13.178101539611816	634.0590209960938	364.5506896972656	476.3255920410156	440.533935546875	906.06494140625	461.58233642578125	399.92279052734375	126.29425811767578	71.150146484375	0.0	124.91936492919922	77.40220642089844	217.91744995117188	317.37872314453125	295.9547119140625	89.27294921875	306.16986083984375	222.48297119140625	238.32830810546875	124.42703247070312	128.8126678466797	0.0	114.1683120727539	62.221038818359375	0.0	0.0	0.0	0.0	134.54660034179688	96.69147491455078	0.0	0.0	11.382741928100586	0.0	0.0	0.0	0.0	0.0	71.47858428955078	214.3607940673828	422.6550598144531	363.8031311035156	296.2393493652344	649.2840576171875	615.288818359375	803.9337768554688	487.8159484863281	726.2411499023438	476.5536193847656	837.9010009765625	537.1243286132812	691.4130859375	590.3660888671875	678.6241455078125	352.8286437988281	0.0	483.9223937988281	435.4158020019531	267.0856628417969	163.64060974121094	267.55322265625	80.47344207763672	132.14883422851562	156.98135375976562	31.549177169799805	286.2254333496094	249.55238342285156	233.04466247558594	424.452880859375	579.2174072265625	296.3926086425781	408.4154968261719	349.89862060546875	0.0	17.573253631591797	495.6036071777344	277.6757507324219	249.08653259277344	30.079673767089844	509.1303405761719	427.6383972167969	425.33319091796875	24.634977340698242	242.29005432128906	409.94012451171875	128.03842163085938	0.0	119.60846710205078	268.6339416503906	1008.277099609375	620.7869262695312	0.0	169.70835876464844	0.0	352.1742248535156	0.0	65.38435363769531	0.0	117.25324249267578	738.205078125	472.7872619628906	194.22308349609375	170.61846923828125	261.0210266113281	284.4195861816406	1078.0848388671875	920.5335693359375	185.59945678710938	76.79769897460938	872.5194702148438	787.0694580078125	99.11774444580078	106.05840301513672	182.01673889160156	0.0	424.5735168457031	92.69259643554688	82.73475646972656	237.94309997558594	0.0	299.71270751953125	489.0218505859375	304.3533020019531	0.0	353.420654296875	296.8289489746094	55.07807540893555	59.9005012512207	229.5647430419922	81.2062759399414	466.3269348144531	299.46343994140625	373.82635498046875	895.8822021484375	699.4953002929688
947.3009033203125	360.8066711425781	971.7867431640625	446.7474670410156	1117.0439453125	153.3209686279297	1303.2332763671875	1022.946533203125	809.74560546875	468.94012451171875	1154.7139892578125	1019.7565307617188	357.5125427246094	386.0868225097656	707.792724609375	882.5345458984375	0.0	0.0	0.0	0.0	0.0	0.0	100.5612564086914	22.5756778717041	0.0	0.0	0.0	0.0	32.22067642211914	19.045976638793945	0.0	0.0	423.085205078125	176.53726196289062	332.68060302734375	424.3481140136719	358.4827575683594	243.5845489501953	400.83160400390625	551.097412109375	18.911476135253906	213.02114868164062	99.30927276611328	245.4253387451172	0.0	0.0	0.0	254.86546325683594	0.0	0.0	0.0	0.0	0.0	0.0	0.0	0.0	0.0	0.0	0.0	0.0	179.81866455078125	191.86317443847656	91.29740905761719	0.0	172.37574768066406	319.6669616699219	143.9453125	141.4442596435547	313.7270202636719	167.9147491455078	284.6548767089844	210.76002502441406	326.1251525878906	375.0611877441406	772.3008422851562	569.3251342773438	130.1248321533203	247.4027099609375	306.1650390625	357.05450439453125	492.5921325683594	534.8418579101562	284.62060546875	433.4501953125	605.8973388671875	611.5422973632812	157.77581787109375	660.56298828125	358.8879089355469	130.32940673828125	57.27203369140625	533.0654907226562	166.87513732910156	83.47036743164062	0.0	293.1452331542969	102.03426361083984	6.074646949768066	106.14202117919922	58.896705627441406	139.8910369873047	21.72541046142578	66.72750091552734	97.48744201660156	16.712007522583008	0.0	0.0	42.811161041259766	56.36017990112305	21.640161514282227	25.187877655029297	28.05089569091797	331.5289611816406	338.8453674316406	72.20808410644531	296.42138671875	327.9446105957031	484.9839172363281	17.263025283813477	396.33319091796875	732.0365600585938	1165.7457275390625	729.0960083007812	455.64892578125	118.64701843261719	49.838356018066406	63.66380310058594	471.5531311035156	0.0	42.76689529418945	95.66809844970703	20.303369522094727	53.11176300048828	11.618597030639648	165.53062438964844	121.40746307373047	52.41019821166992	0.0	28.231103897094727	0.0	214.51048278808594	163.9579620361328	95.95729064941406	59.12790298461914	0.0	0.0	0.0	0.0	0.0	0.0	0.0	0.0	0.0	0.0	0.0	0.0	24.05525779724121	0.0	0.0	0.1433902531862259	195.3350830078125	355.2508544921875	464.1686096191406	197.2292938232422	553.915283203125	473.03094482421875	707.8306884765625	293.3365478515625	634.2167358398438	502.5470275878906	778.5892944335938	360.4693298339844	512.4182739257812	271.0758361816406	667.5902099609375	364.6308288574219	103.16154479980469	69.03801727294922	93.83240509033203	6.508265972137451	102.09464263916016	103.86837005615234	0.0	26.794326782226562	338.19915771484375	292.53076171875	322.4361267089844	211.73818969726562	364.5773620605469	602.06201171875	594.1886596679688	198.5718536376953	134.04458618164062	167.4688720703125	144.12429809570312	96.53221130371094	222.74342346191406	232.59950256347656	141.2741241455078	154.13836669921875	0.0	124.41008758544922	153.5949249267578	95.61669921875	0.0	0.0	0.0	9.233530044555664	420.79534912109375	26.274259567260742	371.2836608886719	155.0873565673828	89.79495239257812	0.0	363.557861328125	273.6361999511719	1041.090087890625	1346.305908203125	472.74322509765625	341.5757141113281	0.0	530.0712280273438	630.8768310546875	695.2244873046875	364.06976318359375	293.0433044433594	447.73126220703125	91.02745056152344	481.263916015625	153.45993041992188	465.3599548339844	111.13488006591797	602.2800903320312	534.0698852539062	215.87913513183594	0.0	671.7474975585938	1146.3411865234375	1054.841064453125	680.7417602539062	63.80442810058594	83.67076110839844	79.75096130371094	81.67142486572266	39.706607818603516	60.63557434082031	24.405792236328125	28.47947883605957	497.83544921875	399.631591796875	348.3649597167969	474.91839599609375	487.05194091796875	472.96881103515625	509.0396423339844	515.1788330078125
1410.344482421875	707.2649536132812	768.6592407226562	205.69049072265625	1306.0281982421875	1271.5941162109375	770.3866577148438	1328.9295654296875	1130.3564453125	1290.2169189453125	392.98394775390625	1594.026611328125	911.825439453125	762.6028442382812	392.5682373046875	440.52362060546875	53.18030548095703	0.0	71.35151672363281	82.81343841552734	65.49949645996094	0.0	0.0	0.0	0.0	0.0	0.0	70.73092651367188	0.0	0.0	0.0	0.0	304.71502685546875	453.29522705078125	486.2245788574219	397.2393493652344	317.898193359375	389.43487548828125	122.83976745605469	572.2020874023438	100.03108215332031	255.14263916015625	339.393798828125	456.8800354003906	0.0	0.0	0.0	0.0	0.0	0.0	70.43256378173828	13.341334342956543	0.0	0.0	0.0	0.0	0.0	0.0	105.8841323852539	19.742143630981445	65.45073699951172	0.0	0.0	21.757448196411133	342.8162536621094	245.14395141601562	737.813720703125	759.6224365234375	215.35679626464844	513.2494506835938	800.6898803710938	378.66790771484375	364.56988525390625	439.4916076660156	650.0960083007812	1126.849609375	377.5589599609375	436.7713317871094	673.0631713867188	661.6988525390625	1046.9615478515625	1222.201171875	318.5229187011719	163.81219482421875	1036.5123291015625	850.3099975585938	1243.6400146484375	0.0	417.8723449707031	980.844970703125	736.768310546875	632.2919921875	199.48333740234375	454.27685546875	60.06697082519531	453.2492370605469	159.89785766601562	140.82879638671875	48.81747055053711	47.98876953125	136.35728454589844	74.9560775756836	47.05801773071289	29.978805541992188	58.99135208129883	76.2525405883789	93.07202911376953	142.9036102294922	0.0	13.636520385742188	0.0	21.444637298583984	0.0	704.1455688476562	977.689453125	918.1289672851562	105.88533782958984	575.2903442382812	652.603759765625	576.5537109375	657.18212890625	1038.8935546875	1309.4073486328125	819.4345703125	341.47442626953125	982.0032348632812	1141.7276611328125	573.6353759765625	185.757080078125	302.27703857421875	249.46897888183594	84.7389907836914	286.08563232421875	287.915283203125	19.6293888092041	132.9110107421875	133.46725463867188	39.34068298339844	342.6319274902344	402.29150390625	65.19499969482422	0.0	0.0	58.92787551879883	0.0	0.0	0.0	0.0	0.0	0.0	0.0	0.0	0.0	0.0	0.0	0.0	0.0	0.0	0.0	0.0	647.9028930664062	308.86639404296875	391.43914794921875	375.7366027832031	684.9064331054688	506.3351745605469	386.77398681640625	364.1622009277344	589.36572265625	845.1449584960938	609.9868774414062	827.6149291992188	526.9500122070312	753.4484252929688	444.32916259765625	696.8983764648438	125.99842834472656	46.305381774902344	0.0	107.29246520996094	132.75888061523438	243.73370361328125	600.8439331054688	350.7424011230469	106.10563659667969	258.36798095703125	316.0469970703125	359.7326965332031	609.24853515625	616.4498901367188	770.2987060546875	710.1176147460938	450.2445373535156	237.95660400390625	59.07408142089844	20.431102752685547	478.7992248535156	461.4896240234375	15.163997650146484	0.0	681.5984497070312	552.3726196289062	0.0	16.523653030395508	115.23066711425781	0.0	0.0	0.0	0.0	319.3949890136719	463.39654541015625	381.2218322753906	0.0	179.31454467773438	1036.234619140625	1153.4453125	457.2333068847656	511.0836181640625	490.1744079589844	176.91851806640625	803.8984985351562	1210.9429931640625	1050.5360107421875	322.8014831542969	158.9044189453125	113.92669677734375	289.4769592285156	185.54872131347656	43.13088607788086	260.2396240234375	899.037353515625	1355.4228515625	169.41253662109375	36.92594528198242	823.4718627929688	1225.590087890625	637.93505859375	956.3438720703125	931.9132690429688	679.0941772460938	24.51190185546875	150.7555694580078	0.0	1.7243934869766235	65.67535400390625	136.30604553222656	624.3281860351562	417.7793273925781	102.5207748413086	192.9947052001953	407.8514404296875	0.0	695.3429565429688	931.0549926757812	862.0958862304688	995.407958984375
1268.339111328125	1309.289794921875	865.8665161132812	816.4083862304688	1487.10888671875	989.9931640625	1036.7938232421875	1454.34033203125	1227.216796875	418.0014343261719	1302.3853759765625	1367.47900390625	1144.728515625	945.4827270507812	982.8479614257812	314.0406799316406	34.33097839355469	0.0	0.0	0.0	0.0	0.0	0.0	32.24831771850586	0.0	0.0	29.97605323791504	99.44220733642578	0.0	0.0	0.0	0.0	352.8774108886719	421.7127990722656	271.3484191894531	441.7723083496094	91.32381439208984	0.0	163.6730194091797	466.65765380859375	388.08233642578125	527.0884399414062	341.575439453125	356.0726623535156	255.29591369628906	411.015380859375	0.0	37.70669937133789	0.0	0.0	0.0	0.0	0.0	0.0	80.37425994873047	0.0	0.0	90.924072265625	61.968013763427734	0.0	0.0	0.0	0.0	53.56183624267578	300.8592224121094	703.5835571289062	639.157958984375	264.8903503417969	414.0856628417969	528.0703125	279.19488525390625	417.0152893066406	180.66893005371094	97.0208740234375	757.9644775390625	692.28173828125	367.06903076171875	685.2831420898438	809.10595703125	418.81524658203125	8.17916488647461	910.4507446289062	631.6051025390625	244.54409790039062	821.8392944335938	1285.01611328125	157.9091796875	878.2498168945312	912.9558715820312	934.5309448242188	546.5928955078125	1107.333251953125	423.5048522949219	417.4415588378906	796.6190185546875	756.8330688476562	72.47257995605469	44.22063446044922	10.819324493408203	23.947158813476562	96.39335632324219	75.23404693603516	81.59950256347656	144.82325744628906	124.17684173583984	94.12013244628906	39.63950729370117	70.83592224121094	60.111915588378906	6.2052001953125	0.0	0.0	139.0680694580078	626.1181030273438	607.9898071289062	558.68408203125	0.0	299.0128479003906	87.97295379638672	163.4247589111328	202.5755157470703	598.923583984375	417.6466064453125	559.4929809570312	496.4472351074219	917.4646606445312	655.5411987304688	476.23736572265625	135.5054473876953	126.80199432373047	0.0	0.0	41.478572845458984	119.26885223388672	214.6500701904297	214.63137817382812	84.3553237915039	283.3445129394531	395.37255859375	239.63018798828125	115.52891540527344	113.13882446289062	0.0	81.74251556396484	0.0	0.0	0.0	0.0	0.0	0.0	0.0	0.0	0.0	57.8541374206543	73.09266662597656	0.0	0.0	0.0	0.0	0.0	275.6085510253906	349.1894836425781	361.59375	246.92906188964844	630.9631958007812	578.3413696289062	597.4866333007812	543.6455078125	708.5791015625	508.80010986328125	815.485107421875	668.6053466796875	706.7486572265625	440.7922668457031	691.8253173828125	502.0931701660156	0.0	281.2266540527344	309.89837646484375	149.45655822753906	294.70550537109375	489.9312438964844	485.74688720703125	84.66512298583984	195.12208557128906	70.595703125	133.9670867919922	244.8211669921875	173.0143585205078	325.4405212402344	637.0993041992188	447.7472229003906	415.8047790527344	333.0038146972656	176.02525329589844	39.02978515625	495.8685607910156	187.55941772460938	0.0	39.75075149536133	466.9461364746094	130.37396240234375	201.9430389404297	31.866788864135742	191.723876953125	282.4489440917969	234.03330993652344	0.0	170.5535888671875	353.05279541015625	630.4887084960938	514.1116333007812	0.0	157.17352294921875	536.5422973632812	439.232177734375	110.0315170288086	126.0806655883789	0.0	181.44720458984375	928.599365234375	710.0831909179688	227.33348083496094	226.5081024169922	292.0871887207031	230.79217529296875	426.2912292480469	325.12353515625	227.67713928222656	315.92291259765625	842.5855102539062	759.7706909179688	99.06990814208984	216.1296844482422	461.04888916015625	252.4107666015625	457.65228271484375	203.1640625	43.21288299560547	229.2998046875	0.0	5.522155284881592	234.58981323242188	189.0489044189453	118.618896484375	593.5012817382812	607.6470947265625	197.9573516845703	220.76385498046875	381.99200439453125	0.0	317.8624267578125	179.68812561035156	172.59754943847656	859.80224609375	896.6621704101562
200.95211791992188	1002.4347534179688	486.5583801269531	53.040809631347656	159.2682342529297	1132.256103515625	610.7470703125	26.580570220947266	176.80465698242188	1134.873046875	690.4176025390625	49.813636779785156	151.61727905273438	1121.1307373046875	737.7642822265625	81.2125473022461	0.0	35.33478927612305	0.0	11.34692668914795	0.0	21.902250289916992	10.203646659851074	9.278148651123047	0.0	8.322370529174805	0.0	28.77118492126465	0.0	0.0	0.0	35.047950744628906	0.0	269.7177429199219	313.4347839355469	73.03291320800781	0.0	285.9600524902344	326.3824768066406	43.65402603149414	0.0	253.12869262695312	365.5994873046875	78.99848937988281	0.0	128.96075439453125	304.82904052734375	57.34819412231445	12.753214836120605	0.0	0.0	9.196612358093262	20.162141799926758	0.0	0.0	9.663880348205566	3.622098684310913	0.0	0.0	6.2137250900268555	1.9386452436447144	0.0	0.0	17.68985366821289	131.23841857910156	144.42678833007812	132.41761779785156	59.76377487182617	56.72063446044922	182.25413513183594	144.93943786621094	70.55994415283203	52.818206787109375	205.16250610351562	94.56793212890625	121.89469146728516	51.73591995239258	390.2920837402344	392.1496276855469	281.8172302246094	0.0	298.9013671875	600.2661743164062	59.67307662963867	3.97529935836792	315.2188720703125	730.4027709960938	65.37080383300781	2.9770634174346924	313.31304931640625	722.8355102539062	84.67110443115234	6.3261237144470215	214.82876586914062	571.392578125	63.16671371459961	0.0	158.34193420410156	44.78363800048828	5.979579448699951	0.0	130.44447326660156	30.08866310119629	0.7983809113502502	0.6421210765838623	139.49911499023438	62.23834228515625	0.0	4.126946926116943	39.901161193847656	11.669819831848145	0.0	29.197874069213867	0.0	246.457275390625	27.969560623168945	17.91897201538086	0.0	315.3365173339844	78.8259048461914	26.943735122680664	0.0	375.7522277832031	100.78740692138672	45.53824996948242	310.0699462890625	622.11572265625	294.6093444824219	26.344329833984375	61.54782485961914	91.64794921875	26.235849380493164	40.40895462036133	95.53397369384766	95.22372436523438	3.6015894412994385	23.90373992919922	57.824974060058594	75.3421630859375	22.266103744506836	28.33451271057129	90.12316131591797	37.790428161621094	0.0	4.474648475646973	0.0	0.0	0.0	27.34749412536621	0.0	0.0	0.0	0.6473839282989502	0.0	0.0	0.0	0.0	0.0	0.0	0.0	49.91130065917969	476.51959228515625	167.13169860839844	82.81497192382812	53.8570556640625	516.5603637695312	175.08433532714844	75.66058349609375	6.737521171569824	521.8419799804688	231.0561981201172	133.73065185546875	81.9052505493164	533.2919921875	242.96713256835938	180.9256591796875	11.62710952758789	82.93971252441406	54.98273849487305	0.0	20.709280014038086	0.0	19.171125411987305	0.7629010677337646	10.457042694091797	25.563398361206055	38.08753204345703	0.0	82.7603988647461	163.04928588867188	187.654052734375	64.16287231445312	339.35064697265625	173.8083038330078	125.22938537597656	0.3482571542263031	354.0282287597656	234.2575225830078	158.94830322265625	0.0	367.2805480957031	262.4281311035156	220.8188934326172	0.0	334.0906066894531	201.38174438476562	132.58499145507812	0.0	0.0	129.17153930664062	93.88115692138672	7.768847465515137	0.0	20.284866333007812	97.51383972167969	13.904852867126465	0.0	54.47453689575195	85.59058380126953	21.1489315032959	0.0	536.2579956054688	681.1115112304688	56.24081802368164	100.00225830078125	339.1257629394531	47.97603225708008	55.1176872253418	20.240249633789062	207.4329833984375	0.0	35.33307647705078	25.61919593811035	188.75843811035156	0.0	90.7308349609375	53.61442947387695	378.3580017089844	51.935272216796875	16.450260162353516	0.0	51.954811096191406	116.41641235351562	15.614460945129395	0.0	2.2551755905151367	73.95018005371094	26.834854125976562	0.0	4.419067859649658	161.6197052001953	43.517059326171875	0.7503741383552551	142.8745880126953	289.37762451171875	230.0326690673828
1348.7628173828125	1188.4151611328125	271.68157958984375	243.61810302734375	1088.0010986328125	391.51873779296875	168.4242706298828	236.32826232910156	264.50177001953125	520.4054565429688	1160.4595947265625	726.7815551757812	501.7379150390625	524.6368408203125	1204.5250244140625	705.9080200195312	0.0	0.0	0.0	0.0	0.0	0.0	6.0157976150512695	92.18916320800781	0.0	23.53765106201172	13.418465614318848	55.79513168334961	0.0	0.0	0.0	0.0	281.6101379394531	274.315673828125	0.0	0.0	0.0	321.33380126953125	411.3163757324219	262.81622314453125	112.06451416015625	167.2555694580078	658.9447631835938	684.6580810546875	387.6589050292969	252.52024841308594	95.33501434326172	128.73846435546875	0.0	0.0	0.0	0.0	0.0	49.141666412353516	335.5839538574219	259.3658447265625	159.9257354736328	207.90756225585938	0.0	0.0	0.0	0.0	0.0	0.0	473.31292724609375	715.1885986328125	734.311767578125	443.1474304199219	496.8059387207031	297.71441650390625	145.6284942626953	171.2503662109375	132.68727111816406	193.7847137451172	272.0697326660156	477.4263000488281	278.7410888671875	760.14794921875	1060.17626953125	908.7728881835938	376.3507080078125	1136.7838134765625	305.4791564941406	12.843513488769531	542.9014892578125	862.4239501953125	0.0	0.0	394.38519287109375	97.07951354980469	45.421932220458984	597.5676879882812	0.0	0.0	537.5972900390625	727.4909057617188	89.33622741699219	153.0700225830078	10.642495155334473	0.0	9.550594329833984	32.55598449707031	50.610374450683594	76.12089538574219	85.25406646728516	29.626243591308594	0.0	92.619384765625	10.384163856506348	0.0	16.89671516418457	12.736978530883789	119.39440155029297	895.806884765625	943.4019775390625	854.695556640625	457.9084777832031	1062.012939453125	811.3634643554688	419.71087646484375	216.25816345214844	79.14676666259766	327.7687683105469	499.8918762207031	850.3353271484375	1045.3658447265625	778.2581787109375	478.82513427734375	84.86951446533203	68.36571502685547	0.0	0.0	0.0	1.0047857761383057	101.8370361328125	203.11044311523438	221.51553344726562	190.37034606933594	138.45957946777344	138.50985717773438	121.7142562866211	367.5497741699219	230.14071655273438	0.0	0.0	0.0	0.0	0.0	0.0	0.0	105.47846221923828	224.4928436279297	0.0	101.6938247680664	37.97148895263672	11.78074836730957	112.78775024414062	35.29890823364258	0.0	0.0	533.45947265625	366.44525146484375	309.33642578125	265.9067077636719	661.097900390625	542.3826293945312	645.0249633789062	478.5303039550781	698.6087646484375	493.2809753417969	363.3058166503906	324.2724609375	480.7053527832031	601.7351684570312	593.8053588867188	205.35752868652344	217.67425537109375	603.9000244140625	763.0008544921875	645.01318359375	411.8252868652344	317.3952331542969	365.3565979003906	331.19378662109375	471.0184020996094	399.4235534667969	108.03179168701172	3.1221680641174316	163.30470275878906	147.28602600097656	613.2643432617188	526.3063354492188	441.4954528808594	162.49868774414062	0.0	0.0	349.7094421386719	45.78672409057617	0.0	0.0	0.27998268604278564	0.0	0.0	0.0	0.0	0.0	0.0	0.0	163.84286499023438	881.0067138671875	1060.3958740234375	1118.5140380859375	940.2955322265625	1143.3663330078125	351.40753173828125	103.23007202148438	304.1645812988281	1220.5126953125	1157.223388671875	422.019287109375	1187.476318359375	667.2965087890625	396.7856140136719	632.2002563476562	408.475830078125	597.1221313476562	1215.220458984375	1254.0382080078125	339.8881530761719	333.0160827636719	1101.7960205078125	1201.04931640625	637.9464721679688	1298.1402587890625	1438.6798095703125	338.0535583496094	536.21728515625	383.925048828125	660.4271240234375	268.0145263671875	0.0	621.4398193359375	906.1644287109375	915.3289184570312	475.58221435546875	601.8084106445312	317.02838134765625	220.5975799560547	775.1454467773438	784.9531860351562	148.73904418945312	118.06941986083984	123.3551254272461	105.80152893066406	417.0860290527344	638.7606811523438
1283.2286376953125	1100.6031494140625	740.2192993164062	1153.529541015625	1327.356689453125	640.7737426757812	523.9522094726562	1257.375	983.8534545898438	666.32763671875	1138.341796875	1254.1285400390625	714.76806640625	852.5174560546875	862.0382080078125	425.6535339355469	14.110359191894531	73.39093017578125	21.17884635925293	31.564693450927734	40.09177780151367	0.0	74.0310287475586	7.406656742095947	0.0	0.0	0.0	65.06936645507812	0.0	0.0	0.0	0.0	254.09429931640625	279.73406982421875	83.73281860351562	515.5671997070312	340.70269775390625	374.87335205078125	68.69400787353516	338.8598937988281	92.54786682128906	367.8764343261719	137.9087677001953	226.40562438964844	0.0	247.3394775390625	25.98948860168457	50.53800582885742	0.0	0.0	15.760625839233398	0.0	0.0	0.0	26.610082626342773	0.0	0.0	0.0	0.0	0.0	0.0	0.0	0.0	52.0761604309082	216.5112762451172	420.8335266113281	304.8729553222656	175.8538055419922	232.02005004882812	79.95366668701172	220.3942413330078	328.1827392578125	346.5994567871094	121.34933471679688	298.0367736816406	507.8765869140625	301.9720153808594	603.1790161132812	860.1065063476562	495.64654541015625	214.4122772216797	1131.2823486328125	173.26678466796875	350.9889221191406	669.4716186523438	1076.85693359375	0.0	978.5890502929688	543.2195434570312	598.0061645507812	37.00104522705078	1192.7291259765625	101.90678405761719	88.7728271484375	524.8914184570312	857.9015502929688	51.338592529296875	139.76699829101562	67.46395874023438	103.75829315185547	127.00108337402344	176.14682006835938	0.0	91.96958923339844	53.800819396972656	91.41189575195312	4.161448955535889	118.10485076904297	31.98651885986328	0.0	0.0	49.16593933105469	0.0	391.3406066894531	201.49798583984375	155.6420135498047	0.0	485.26422119140625	217.68026733398438	183.31776428222656	192.60675048828125	385.805419921875	184.30308532714844	353.0823669433594	310.7151794433594	854.1372680664062	801.390869140625	441.3603210449219	124.08265686035156	194.1607208251953	207.3002471923828	49.75229263305664	46.848270416259766	122.12721252441406	296.6776123046875	187.53550720214844	38.40928268432617	84.64859771728516	112.10273742675781	159.929443359375	130.03053283691406	95.8426284790039	0.0	61.0979118347168	0.0	0.0	0.0	0.0	0.0	78.39085388183594	254.6097412109375	0.0	0.0	0.0	0.0	0.0	0.0	0.0	0.0	0.0	494.4468078613281	482.9891357421875	396.2706298828125	192.34628295898438	626.0672607421875	351.5512390136719	469.6395568847656	597.2605590820312	580.3971557617188	360.2000427246094	632.974609375	707.6436157226562	563.0719604492188	317.4291687011719	728.487060546875	572.702880859375	151.45947265625	373.7137756347656	386.2840881347656	106.85861206054688	134.9861602783203	19.238113403320312	0.0	55.152557373046875	166.8916473388672	33.138038635253906	120.4216537475586	110.11116790771484	206.5216522216797	208.50328063964844	520.5330810546875	329.6449279785156	434.2139587402344	236.89466857910156	67.25025177001953	41.84417724609375	460.6584167480469	197.5435333251953	269.1749572753906	156.31275939941406	382.03802490234375	281.0830383300781	307.74884033203125	226.11346435546875	95.48593139648438	165.17637634277344	288.49981689453125	24.821550369262695	0.0	0.0	762.9005737304688	799.4016723632812	0.0	62.18476104736328	0.0	202.21385192871094	304.18170166015625	198.63064575195312	0.0	4.16023588180542	680.016845703125	1000.0609130859375	224.0856170654297	172.9415283203125	139.4107666015625	297.0283203125	1166.5499267578125	866.1823120117188	131.67103576660156	0.0	218.9932861328125	368.1606750488281	96.52843475341797	5.364379405975342	237.14279174804688	87.45303344726562	590.9428100585938	639.5652465820312	38.53486633300781	48.516746520996094	0.0	369.2894287109375	456.618408203125	65.09606170654297	9.818388938903809	284.5108642578125	0.0	0.0	256.63238525390625	305.6022033691406	0.0	346.52508544921875	254.54647827148438	165.48065185546875	588.718505859375	791.0037231445312
978.0192260742188	898.5804443359375	319.2852783203125	750.80078125	674.6163330078125	1265.3909912109375	613.4730224609375	874.9002685546875	1062.357666015625	1235.0274658203125	1252.350341796875	217.80294799804688	1095.572998046875	658.9776000976562	1335.987548828125	40.16332244873047	0.0	0.0	0.0	81.16505432128906	8.671172142028809	0.0	0.0	0.0	0.0	0.0	0.0	0.0	0.0	0.0	0.0	0.0	127.95795440673828	224.51588439941406	234.45533752441406	595.695556640625	172.9091339111328	828.4968872070312	849.2769165039062	182.30905151367188	173.8604278564453	84.47948455810547	366.1082458496094	259.9970397949219	21.97624969482422	105.79180908203125	421.66552734375	251.97462463378906	0.0	0.0	171.94027709960938	91.50325775146484	59.625144958496094	0.0	0.0	0.0	0.0	0.0	0.0	144.7801513671875	0.0	0.0	0.0	93.43928527832031	344.9566650390625	484.09661865234375	133.25588989257812	369.8098449707031	124.65306091308594	563.15087890625	821.026123046875	947.5952758789062	549.3612060546875	906.6454467773438	594.3692626953125	92.44857788085938	346.98065185546875	634.19873046875	907.80029296875	423.8655090332031	0.0	868.1246337890625	333.3963928222656	20.598478317260742	4.143504619598389	404.5617980957031	413.97125244140625	524.3419189453125	487.0549621582031	1032.16943359375	655.3231201171875	659.0711669921875	667.5110473632812	659.09375	729.0457153320312	478.70123291015625	0.0	100.83654022216797	77.41163635253906	46.69985580444336	86.41681671142578	131.00697326660156	109.06909942626953	0.0	98.16796875	43.31072998046875	117.91858673095703	96.887451171875	39.379329681396484	57.174774169921875	115.94041442871094	67.36286926269531	137.8655242919922	315.2559814453125	227.5741424560547	245.2461395263672	6.5169596672058105	545.6926879882812	903.8328247070312	849.9995727539062	436.2584228515625	548.1810302734375	346.4746398925781	295.1767578125	493.9853820800781	977.8779907226562	564.7919921875	497.5620422363281	43.234825134277344	0.0	282.8982238769531	324.8497619628906	186.54794311523438	247.62440490722656	425.37469482421875	270.8302001953125	300.404296875	231.86019897460938	70.18772888183594	180.9207763671875	0.0	160.4481964111328	126.70296478271484	93.30147552490234	0.0	0.0	0.0	0.0	0.0	63.44257354736328	92.12606811523438	0.0	0.0	0.0	0.0	0.0	0.0	0.0	89.80619812011719	187.539794921875	336.241455078125	516.6642456054688	575.817626953125	453.4505615234375	693.1888427734375	577.1619262695312	591.0225219726562	459.6347961425781	650.2821044921875	650.1651000976562	571.0831298828125	524.4182739257812	563.9075927734375	833.5567626953125	821.1563720703125	286.23602294921875	202.48068237304688	546.5704956054688	664.2696533203125	295.1672058105469	215.771240234375	95.7285385131836	169.34515380859375	595.9219970703125	201.18063354492188	375.3516845703125	583.0652465820312	558.7110595703125	337.55712890625	278.8020324707031	330.084716796875	225.4182586669922	293.9116516113281	268.8582763671875	0.0	0.0	295.2131042480469	16.0225887298584	0.0	0.0	432.07763671875	180.09596252441406	146.98648071289062	0.0	340.5768127441406	151.13279724121094	0.0	0.0	206.7706756591797	116.01717376708984	816.333740234375	769.4007568359375	347.0115051269531	913.611328125	531.8267822265625	481.0093994140625	59.7090950012207	573.2542724609375	324.3513488769531	80.42350769042969	837.4320678710938	390.9075012207031	459.0196533203125	323.58740234375	396.1757507324219	335.9945068359375	1399.2945556640625	1408.4658203125	494.4135437011719	697.1419677734375	373.3243408203125	467.14984130859375	171.4564971923828	371.0739440917969	591.7279052734375	687.1892700195312	414.4596252441406	627.6722412109375	790.124267578125	37.28254699707031	0.0	446.0324401855469	700.3192749023438	515.4681396484375	61.69551086425781	176.3096160888672	23.001249313354492	482.4412536621094	0.0	325.1482238769531	401.4156799316406	743.879638671875	254.63046264648438	384.6444396972656	234.64173889160156	350.0321350097656
977.50927734375	1214.4598388671875	252.8558807373047	354.6734619140625	765.214111328125	525.4004516601562	633.1236572265625	327.3597412109375	76.87892150878906	337.94915771484375	1433.2332763671875	893.7467041015625	297.6189880371094	374.3184814453125	1024.41650390625	555.4864501953125	30.448497772216797	0.0	0.0	27.023426055908203	0.0	0.0	0.0	40.69671630859375	56.89255142211914	81.30545806884766	94.9991455078125	58.2913932800293	0.0	0.0	12.2217378616333	0.0	116.7786636352539	211.56741333007812	25.50438117980957	170.53306579589844	0.0	0.0	517.185302734375	489.4198303222656	279.12725830078125	230.4899139404297	492.28558349609375	662.573486328125	262.878173828125	156.1497344970703	0.0	28.28659439086914	0.0	0.0	184.37149047851562	149.65989685058594	15.260337829589844	0.0	0.0	17.51742172241211	171.38534545898438	228.82444763183594	0.0	0.0	0.0	0.0	0.0	19.102937698364258	433.4302978515625	714.6644287109375	319.3897399902344	170.39891052246094	563.23583984375	351.6395568847656	98.94395446777344	211.35101318359375	0.0	191.37567138671875	457.7474670410156	624.3519287109375	329.1427307128906	558.3062133789062	1007.9317626953125	563.0782470703125	0.0	1123.1995849609375	888.1624755859375	0.0	423.7079162597656	699.4561767578125	0.0	257.31011962890625	175.64642333984375	0.0	299.3370056152344	908.9337768554688	26.70746612548828	0.0	575.0347900390625	812.41015625	0.0	123.38935852050781	49.5711669921875	2.617205858230591	0.0	56.922054290771484	29.148439407348633	0.0	57.459503173828125	44.07382583618164	30.45435905456543	82.7491226196289	0.0	0.0	0.0	22.21938133239746	532.8489990234375	723.406982421875	673.1452026367188	0.0	227.76351928710938	801.6405029296875	838.7950439453125	451.5391845703125	214.97161865234375	179.67111206054688	200.4415283203125	400.2577819824219	840.0274047851562	841.9569702148438	670.9879760742188	376.47906494140625	115.27137756347656	4.198283672332764	67.76980590820312	108.57971954345703	0.0	0.0	64.94365692138672	184.55364990234375	133.11447143554688	380.5205078125	353.9831848144531	77.54631805419922	34.95011901855469	177.64212036132812	136.62449645996094	9.229799270629883	36.25562286376953	0.0	0.0	0.0	0.0	0.0	46.22910690307617	18.286623001098633	65.81925201416016	224.92816162109375	0.0	0.0	0.0	0.0	0.0	0.0	283.4754333496094	619.232666015625	633.2556762695312	389.62432861328125	501.419677734375	566.5919189453125	668.7725830078125	415.9491882324219	528.5799560546875	475.9808044433594	542.0060424804688	247.60401916503906	349.2039489746094	392.6444396972656	696.682373046875	325.1609191894531	0.0	376.4814453125	658.3953247070312	417.1334228515625	608.0186157226562	540.689208984375	89.91888427734375	22.670272827148438	282.305419921875	154.8007354736328	85.48753356933594	93.32099151611328	210.44937133789062	245.87879943847656	532.3125610351562	333.08837890625	403.0971374511719	395.38323974609375	0.0	0.0	217.73556518554688	0.0	0.0	0.0	0.0	0.0	0.0	34.39187240600586	0.0	67.1856460571289	116.26612854003906	16.550268173217773	191.3414764404297	11.286619186401367	587.3263549804688	599.1806640625	303.53497314453125	1099.0091552734375	1239.2392578125	73.23686981201172	30.268260955810547	3.432488441467285	818.2930297851562	391.86944580078125	1030.2408447265625	616.3969116210938	170.1717529296875	283.0901794433594	187.3257293701172	388.67181396484375	960.7745361328125	1014.6847534179688	461.94989013671875	881.7091674804688	744.1339721679688	216.00933837890625	355.82305908203125	941.6764526367188	1223.5577392578125	351.677490234375	361.44012451171875	49.977508544921875	24.3543701171875	104.0889663696289	0.0	168.3697509765625	700.4080200195312	612.213134765625	571.1898803710938	902.56494140625	351.9218444824219	107.04619598388672	388.4856262207031	418.7966613769531	0.0	18.980504989624023	197.99713134765625	255.69003295898438	618.8887329101562	746.4303588867188
1120.2021484375	851.83056640625	695.0774536132812	415.6990966796875	1023.0009765625	752.4525756835938	1353.9228515625	405.7903137207031	242.74891662597656	1479.5869140625	1411.4249267578125	145.2888946533203	334.37158203125	1378.02294921875	895.2780151367188	145.62615966796875	27.986045837402344	0.0	11.507173538208008	63.456424713134766	0.0	0.0	0.0	0.0	25.844772338867188	0.0	51.819271087646484	0.0	0.0	0.0	8.308821678161621	0.0	430.546630859375	418.8929138183594	573.9158325195312	506.54266357421875	0.0	195.7099151611328	489.1161193847656	331.604248046875	0.0	147.0468292236328	216.6475830078125	87.11884307861328	93.17294311523438	164.37503051757812	114.99681091308594	63.102882385253906	0.0	0.0	0.0	0.0	0.0	0.0	0.0	0.0	167.03372192382812	41.819339752197266	0.0	33.50567626953125	74.86250305175781	5.8293375968933105	0.0	69.89703369140625	588.5224609375	641.5208129882812	396.93218994140625	297.43212890625	446.6885681152344	284.7030334472656	544.8505859375	532.4554443359375	29.25107192993164	305.9447021484375	473.2540588378906	169.9478759765625	65.20918273925781	348.9086608886719	246.1041717529297	103.71728515625	262.9507141113281	845.90673828125	264.1946105957031	328.91156005859375	404.0780029296875	601.5966796875	778.8827514648438	776.2877807617188	160.88946533203125	0.0	1100.1998291015625	563.9890747070312	0.0	721.460693359375	1258.2200927734375	6.029560089111328	89.01996612548828	72.5762939453125	8.88502025604248	21.106950759887695	7.647174835205078	65.24725341796875	100.50450134277344	32.1513786315918	39.52621078491211	52.94835662841797	91.67890167236328	78.1574478149414	15.979703903198242	73.0455322265625	85.82184600830078	0.0	306.5370178222656	655.1085815429688	519.2393188476562	376.6257019042969	335.8322448730469	562.32861328125	361.20599365234375	365.9665832519531	103.47654724121094	44.96662139892578	293.92816162109375	308.9478759765625	66.96270751953125	98.12589263916016	508.12103271484375	263.3851318359375	134.3024139404297	89.27723693847656	38.730682373046875	92.69065856933594	0.0	146.9002685546875	101.56571960449219	0.0	327.7329406738281	309.8985900878906	113.61351013183594	53.25453567504883	215.02716064453125	158.2120819091797	213.78143310546875	75.27164459228516	0.0	0.0	0.0	0.0	0.0	0.0	0.0	0.0	209.65155029296875	88.95298767089844	0.0	54.70658493041992	285.1054382324219	0.0	0.0	76.96784973144531	232.09666442871094	286.5769958496094	316.60064697265625	310.27557373046875	520.5034790039062	474.7700500488281	478.6236267089844	223.83929443359375	547.4353637695312	593.3576049804688	633.68701171875	217.0571746826172	146.54925537109375	729.5162963867188	536.546142578125	204.91517639160156	59.45991134643555	276.74542236328125	209.79061889648438	46.969581604003906	506.170166015625	334.57373046875	172.1654510498047	186.93162536621094	291.2381591796875	155.23533630371094	254.4229736328125	138.18075561523438	0.0	183.8822479248047	170.47532653808594	30.111955642700195	336.1234130859375	162.9713134765625	0.0	16.53738021850586	242.4300537109375	84.10104370117188	165.6801300048828	0.0	38.45494079589844	239.98028564453125	62.49176788330078	0.0	355.95794677734375	401.5821228027344	70.05657958984375	0.0	187.41049194335938	557.661865234375	617.2833251953125	28.812484741210938	493.1738586425781	728.4656372070312	414.7529296875	340.33984375	0.0	278.9607238769531	141.77650451660156	167.82130432128906	154.71990966796875	0.0	38.211666107177734	45.47824478149414	262.61358642578125	282.0816345214844	429.698486328125	146.2078857421875	536.4608154296875	522.9718017578125	742.8759765625	153.85389709472656	466.4727478027344	803.0424194335938	616.7906494140625	218.70700073242188	76.75530242919922	79.79411315917969	0.0	97.28597259521484	0.0	187.7516632080078	195.7869415283203	102.54203033447266	577.4891967773438	577.7402954101562	73.52510833740234	268.101806640625	429.561767578125	245.77882385253906	291.67901611328125	340.4465026855469	22.179584503173828	18.291183471679688	349.17938232421875	135.10389709472656
225.39334106445312	676.8253173828125	1091.7938232421875	344.72662353515625	365.5904541015625	667.8870239257812	692.2576904296875	495.2562561035156	225.80856323242188	218.6341552734375	1279.4246826171875	710.7645874023438	400.30401611328125	278.6039733886719	860.6712036132812	331.67718505859375	5.858388900756836	0.0	21.99764633178711	84.07106018066406	0.0	0.0	0.0	0.0	60.33411407470703	2.3225464820861816	17.738483428955078	58.682823181152344	0.0	0.0	0.0	0.0	98.33183288574219	260.53302001953125	585.6115112304688	457.5594482421875	134.18002319335938	141.58868408203125	353.2430114746094	442.5310363769531	113.94649505615234	209.58493041992188	534.0347290039062	577.3233032226562	289.8695373535156	248.85137939453125	0.0	63.240760803222656	62.756378173828125	115.1439437866211	0.0	0.0	0.0	0.0	0.0	0.0	103.22367858886719	152.33506774902344	12.695502281188965	0.0	0.0	87.29790496826172	0.0	16.631868362426758	118.09272003173828	356.6135559082031	831.4583740234375	486.6272277832031	317.92388916015625	849.068115234375	858.2803344726562	141.70533752441406	120.82209014892578	0.0	546.6038208007812	609.8953857421875	495.08477783203125	666.7482299804688	926.4036254882812	402.8885803222656	187.44009399414062	200.1357879638672	706.1124267578125	699.6005249023438	0.0	403.26519775390625	491.90423583984375	231.9184112548828	214.10537719726562	353.4592590332031	336.2356872558594	800.2730712890625	152.84423828125	37.0308952331543	557.5645141601562	615.7772827148438	25.63006019592285	89.6654052734375	85.61504364013672	71.324462890625	0.08542954176664352	0.0	72.11453247070312	0.0	15.850860595703125	95.18244171142578	68.4056167602539	34.89584732055664	30.292890548706055	0.0	0.0	0.0	138.2456817626953	581.2279663085938	415.8094177246094	281.8489685058594	446.3691711425781	756.8302612304688	587.54150390625	425.04168701171875	0.0	174.6839599609375	268.1311950683594	403.28607177734375	926.0169677734375	886.3804931640625	614.7166137695312	353.58782958984375	97.9357681274414	346.0830078125	172.6953887939453	86.31643676757812	124.42829132080078	89.47293090820312	30.03426742553711	138.10018920898438	0.0	383.1453552246094	363.6844787597656	144.44866943359375	72.04171752929688	265.95465087890625	92.94284057617188	24.001964569091797	0.0	0.0	0.0	0.0	62.680328369140625	0.0	0.0	0.0	0.0	145.76878356933594	0.0	145.95730590820312	0.0	31.056865692138672	0.0	0.0	337.2341003417969	451.4528503417969	674.696044921875	237.23211669921875	192.89942932128906	297.418212890625	638.9133911132812	364.3210754394531	429.1745300292969	482.4391174316406	663.9537963867188	301.9169006347656	377.1114501953125	442.5705261230469	703.7816772460938	237.0518341064453	298.32366943359375	363.90887451171875	248.07516479492188	278.6710510253906	145.97642517089844	590.07080078125	453.82647705078125	197.1616973876953	342.7418212890625	470.9900207519531	52.47300720214844	109.04278564453125	77.21463775634766	343.3482360839844	591.5017700195312	345.9184265136719	131.37042236328125	92.70829772949219	44.68874740600586	0.0	102.0300521850586	112.95947265625	17.791606903076172	72.78118896484375	142.13119506835938	0.0	0.0	27.217287063598633	84.61029052734375	50.73267364501953	16.852622985839844	0.0	61.713417053222656	84.59423828125	531.239990234375	351.24578857421875	523.2230834960938	525.13525390625	642.5198974609375	56.795467376708984	0.0	0.0	587.5894775390625	377.1083068847656	670.6614990234375	446.01947021484375	172.68353271484375	338.2914733886719	318.2423095703125	969.7366943359375	1294.9287109375	278.62060546875	264.1849365234375	351.73944091796875	325.4825744628906	254.48533630371094	290.6618957519531	764.9686279296875	1019.0798950195312	215.34857177734375	73.4129409790039	81.04553985595703	7.735578536987305	174.56544494628906	152.85205078125	301.4928894042969	130.35171508789062	166.89781188964844	103.58837890625	349.1473083496094	596.5974731445312	391.2945251464844	208.52529907226562	477.4275207519531	333.0644836425781	43.94654846191406	65.40624237060547	235.9774932861328	604.9182739257812	670.6575927734375
1259.12939453125	1401.4405517578125	786.9299926757812	530.9613647460938	1223.2008056640625	647.3187255859375	954.97412109375	1301.3392333984375	969.471923828125	173.51646423339844	825.730224609375	1381.5325927734375	834.9354248046875	647.2893676757812	846.1871337890625	716.543701171875	24.023927688598633	73.33195495605469	0.0	37.62741470336914	15.374147415161133	0.0	65.12646484375	25.73941993713379	0.0	0.0	69.23766326904297	74.72403717041016	0.0	0.0	0.0	14.327670097351074	37.93177032470703	172.92510986328125	402.0659484863281	517.8867797851562	230.39573669433594	96.57720947265625	100.2538070678711	592.5057373046875	264.69403076171875	313.4878845214844	87.16835021972656	283.02581787109375	93.2044677734375	358.42694091796875	0.0	0.0	0.0	0.0	0.0	0.0	0.0	104.01676940917969	10.474983215332031	0.0	0.0	69.9870834350586	0.0	0.0	0.0	0.0	0.0	0.0	270.840576171875	546.4135131835938	380.43646240234375	83.51934051513672	237.4226837158203	167.0826873779297	282.65203857421875	231.99705505371094	190.51290893554688	54.95427703857422	247.991455078125	480.4268493652344	242.0582733154297	584.4361572265625	842.2344970703125	814.4195556640625	25.659404754638672	1139.80615234375	333.2806701660156	184.63748168945312	684.9688720703125	1188.6749267578125	0.0	583.107666015625	716.6554565429688	817.04541015625	0.0	1097.4927978515625	234.30560302734375	135.94810485839844	355.88629150390625	807.3881225585938	31.779722213745117	134.14382934570312	0.0	58.28450393676758	128.80401611328125	101.15345764160156	39.68170928955078	76.95359802246094	196.91061401367188	48.16960144042969	0.0	85.43254089355469	34.830989837646484	0.0	0.0	48.61157989501953	0.0	405.66595458984375	653.2634887695312	346.1640625	0.0	402.6711730957031	153.79458618164062	242.2008056640625	131.4359130859375	451.6864929199219	115.41332244873047	293.1745910644531	508.7434997558594	963.880126953125	781.834228515625	419.6904296875	137.83419799804688	89.72978210449219	0.0	0.0	0.0	187.8484344482422	251.29864501953125	77.6460952758789	15.655123710632324	127.79424285888672	222.7484893798828	221.18434143066406	79.28217315673828	100.1427001953125	34.45652770996094	6.9184489250183105	0.0	0.0	0.0	0.0	0.0	70.14305114746094	272.0599670410156	0.0	0.0	0.8858296275138855	152.94808959960938	0.0	0.0	0.0	0.0	0.0	438.93206787109375	624.1475219726562	273.8048095703125	288.4302062988281	665.157958984375	595.093017578125	451.6784973144531	204.04733276367188	590.0250854492188	364.81097412109375	630.2698974609375	714.15283203125	621.3463134765625	393.111328125	694.2045288085938	729.4228515625	174.01220703125	325.5146484375	279.1767578125	106.45682525634766	256.63800048828125	226.31248474121094	122.70629119873047	72.54161071777344	144.8394775390625	10.766412734985352	0.0	70.30836486816406	213.49130249023438	158.76731872558594	575.1995239257812	458.25811767578125	442.2561950683594	297.05126953125	41.00971603393555	12.094876289367676	469.604736328125	54.403045654296875	119.32450103759766	88.48178100585938	317.6325378417969	161.04888916015625	199.18284606933594	162.19583129882812	38.38644790649414	164.61773681640625	169.33155822753906	0.0	0.0	810.37353515625	1067.1259765625	565.7167358398438	0.0	0.0	634.73388671875	786.4925537109375	99.81683349609375	12.257493019104004	0.0	199.02981567382812	1073.12890625	1309.51513671875	212.0908660888672	219.37673950195312	277.681396484375	384.0795593261719	900.00048828125	332.094482421875	89.96778869628906	29.33578872680664	936.434814453125	706.8866577148438	135.06796264648438	83.19920349121094	257.6109313964844	348.11102294921875	567.4334716796875	433.7128601074219	98.01342010498047	0.0	0.0	461.4686584472656	342.0831298828125	183.656494140625	99.25138854980469	507.7793884277344	106.5452651977539	0.0	170.18548583984375	309.019287109375	0.0	129.761474609375	298.7743225097656	187.27110290527344	510.6870422363281	716.5025634765625
1160.235595703125	228.0478973388672	1077.6829833984375	1219.69140625	1023.6533813476562	888.47998046875	1256.1878662109375	1029.8172607421875	1530.62548828125	1629.6890869140625	903.3340454101562	46.20501708984375	1287.9354248046875	1281.2642822265625	901.28955078125	36.20596694946289	0.0	0.0	38.84568786621094	14.700912475585938	0.0	45.37580871582031	27.310659408569336	0.0	10.105894088745117	0.0	0.0	0.0	0.0	0.0	0.0	0.0	271.672607421875	68.78026580810547	439.2336120605469	651.5508422851562	498.8009948730469	765.58056640625	220.8297119140625	0.0	279.5244445800781	470.35321044921875	495.9000549316406	431.668212890625	0.0	36.6974983215332	175.7327117919922	141.22402954101562	0.0	188.275634765625	0.0	0.0	0.0	0.0	0.0	0.0	0.0	0.0	0.0	187.4361114501953	0.0	0.0	0.0	0.0	573.9689331054688	246.78753662109375	300.29779052734375	832.6956787109375	140.83084106445312	271.4898681640625	810.6954956054688	984.76611328125	433.8111572265625	491.83062744140625	317.9021911621094	326.429931640625	458.35888671875	584.6121826171875	705.44384765625	473.45635986328125	1042.8060302734375	666.118408203125	0.0	741.1988525390625	269.201171875	125.71791076660156	787.1324462890625	846.404296875	0.0	778.1752319335938	754.1702270507812	350.8887939453125	190.94815063476562	727.0404052734375	509.8407287597656	281.13726806640625	68.01361846923828	55.18947982788086	97.6720962524414	32.01898193359375	85.59819793701172	77.32108306884766	0.0	64.20856475830078	69.81071472167969	53.439964294433594	99.81891632080078	59.29563522338867	0.0	21.519607543945312	0.0	0.0	410.9869384765625	331.75274658203125	87.58409118652344	675.4994506835938	696.2255859375	756.5873413085938	523.91552734375	416.1962585449219	172.12847900390625	206.45455932617188	515.4804077148438	608.6238403320312	237.2221221923828	809.54638671875	681.4168701171875	497.9720458984375	0.0	181.94898986816406	285.5855712890625	141.42893981933594	43.25555419921875	348.9845275878906	446.0356750488281	0.0	291.19464111328125	99.29065704345703	68.36507415771484	186.7584228515625	80.49571990966797	85.60772705078125	0.0	0.0	0.0	0.0	0.0	0.0	0.0	81.13855743408203	0.0	0.0	0.0	0.0	0.0	118.80810546875	0.0	0.0	0.0	32.702415466308594	493.69171142578125	593.459716796875	524.1287841796875	406.5962829589844	538.5847778320312	687.78076171875	587.7316284179688	511.986328125	561.2669067382812	358.4789123535156	587.2542724609375	585.5986328125	678.7529907226562	624.6436157226562	565.6919555664062	222.77801513671875	448.03826904296875	665.3749389648438	401.496337890625	138.69842529296875	246.36318969726562	0.0	478.0687561035156	617.8865356445312	51.332489013671875	128.67144775390625	435.4103698730469	239.24063110351562	258.5542297363281	241.95611572265625	315.9967956542969	299.4002990722656	348.2710266113281	0.0	0.0	5.3621063232421875	0.0	131.51490783691406	270.884033203125	0.0	385.6179504394531	410.9088439941406	300.0317687988281	0.0	339.8943786621094	389.0587158203125	0.0	0.0	9.033178329467773	607.4513549804688	983.9324340820312	710.4708862304688	1248.296630859375	858.5237426757812	0.0	469.78497314453125	353.0478515625	483.7320556640625	351.6585693359375	66.9190673828125	468.4837341308594	523.0592651367188	681.8868408203125	490.453369140625	129.92994689941406	1208.1524658203125	1478.8681640625	1093.9422607421875	687.6478881835938	262.8297424316406	593.0150146484375	585.9471435546875	942.3690795898438	825.4685668945312	384.8446044921875	466.6686706542969	312.34002685546875	70.0693130493164	201.79661560058594	232.07046508789062	392.82171630859375	675.071044921875	512.5625610351562	97.8509750366211	392.8663024902344	113.9056625366211	186.54556274414062	724.4873046875	83.3219985961914	0.0	402.47308349609375	603.5416870117188	177.83619689941406	379.949462890625	404.8633728027344	415.01849365234375
340.2996826171875	1190.1640625	991.4723510742188	64.85795593261719	288.75	1380.8397216796875	929.096923828125	93.29145050048828	507.30523681640625	930.5332641601562	748.4222412109375	571.8707275390625	255.3681640625	177.63833618164062	1040.729736328125	865.2891235351562	0.0	0.0	13.626872062683105	26.678354263305664	0.0	69.09573364257812	57.19312286376953	69.39307403564453	0.0	0.0	0.0	38.074012756347656	0.520503580570221	0.0	10.064736366271973	51.63639450073242	0.0	347.5341796875	475.4238586425781	140.85018920898438	146.33787536621094	366.0788269042969	297.61663818359375	199.0806121826172	0.8490450382232666	0.0	322.90887451171875	457.066162109375	0.0	40.82956314086914	228.2718505859375	391.6378479003906	97.22896575927734	0.0	0.0	5.915108680725098	113.87728118896484	64.67183685302734	0.0	2.3978271484375	0.0	0.0	0.0	0.0	134.651123046875	197.15927124023438	43.99678421020508	0.0	303.6405944824219	170.27056884765625	309.8784484863281	88.13111114501953	50.715423583984375	471.36651611328125	464.9259338378906	197.2186279296875	339.28204345703125	692.8746337890625	493.6196594238281	118.9322738647461	105.20491790771484	0.0	285.95733642578125	251.39614868164062	232.02825927734375	0.0	681.61962890625	177.38502502441406	1.024733066558838	519.1656494140625	889.3656005859375	95.39414978027344	0.0	810.6876220703125	508.036865234375	351.7527770996094	142.80126953125	373.25341796875	0.0	433.0068054199219	27.77370834350586	120.45000457763672	127.3661117553711	32.369876861572266	27.199472427368164	130.52818298339844	122.13249206542969	20.994022369384766	0.0	39.05228805541992	0.0	38.68288040161133	5.412224769592285	79.64508819580078	8.794751167297363	84.04114532470703	155.99269104003906	154.07781982421875	345.8125305175781	196.99684143066406	159.82867431640625	502.7519226074219	691.5991821289062	272.28033447265625	292.0876159667969	613.2355346679688	849.3014526367188	415.9481506347656	0.0	189.7482452392578	169.13211059570312	339.44036865234375	33.485939025878906	55.63822937011719	108.9125747680664	8.784130096435547	227.96722412109375	218.01986694335938	166.00624084472656	40.89645767211914	122.72543334960938	7.70380973815918	0.0	27.488813400268555	0.0	256.5840759277344	276.5329284667969	67.82859802246094	0.0	0.0	0.0	0.0	353.66485595703125	0.0	0.0	0.0	88.5246810913086	0.0	0.0	0.0	0.0	264.7139892578125	198.05735778808594	0.0	207.4298553466797	384.7895812988281	190.65625	85.86154174804688	253.825439453125	726.449951171875	369.8451843261719	303.1393737792969	164.55075073242188	570.965087890625	374.8301696777344	353.6982116699219	376.5115051269531	499.8222351074219	442.8762512207031	138.36326599121094	420.6890563964844	267.5758361816406	121.84410858154297	25.269073486328125	104.8521728515625	104.57892608642578	119.63563537597656	36.92289733886719	221.49598693847656	514.807861328125	302.90277099609375	52.654808044433594	417.67608642578125	464.52545166015625	93.99332427978516	133.46160888671875	0.0	18.969158172607422	87.13823699951172	0.0	180.3959197998047	182.3141632080078	83.29070281982422	0.0	300.3675842285156	181.66482543945312	79.8744888305664	26.66900634765625	195.27487182617188	0.0	69.01005554199219	0.0	645.3108520507812	815.158447265625	262.9625549316406	16.337949752807617	153.6804962158203	0.0	115.62661743164062	56.56280517578125	191.32974243164062	596.1676025390625	902.6181030273438	311.8557434082031	0.0	0.0	469.46185302734375	427.25738525390625	899.604736328125	1111.0032958984375	562.5657958984375	62.22029113769531	360.5406188964844	499.43768310546875	251.70352172851562	155.04217529296875	166.6105194091797	231.08837890625	581.7899169921875	124.0304946899414	183.23733520507812	493.3679504394531	1067.48095703125	531.36376953125	408.5732421875	260.0050964355469	214.12147521972656	84.14451599121094	120.01014709472656	0.0	183.837158203125	53.02597427368164	79.82945251464844	643.5958251953125	610.8951416015625	126.27250671386719	230.98886108398438	643.5396118164062	305.63116455078125	38.09903335571289
732.6099853515625	77.43527221679688	787.8402709960938	812.2932739257812	696.2416381835938	284.55316162109375	1004.5852661132812	768.231201171875	863.4220581054688	317.1204833984375	836.2683715820312	941.6381225585938	746.525146484375	429.7381286621094	647.353515625	504.79705810546875	0.0	36.77045440673828	52.540470123291016	27.747154235839844	0.0	47.11981964111328	31.753816604614258	2.7420144081115723	0.0	0.0	81.73407745361328	0.0	0.0	0.0	0.0	0.0	244.22120666503906	84.18179321289062	309.4554748535156	391.8271484375	329.4142150878906	117.32257843017578	147.6770782470703	221.94200134277344	413.3925476074219	344.6121520996094	361.0024719238281	347.3512878417969	0.0	110.15911102294922	0.0	0.0	0.0	0.0	29.7322940826416	20.46194839477539	0.0	0.0	0.0	0.0	0.0	0.0	0.0	0.0	57.38253402709961	0.0	0.0	0.0	71.15934753417969	68.71487426757812	133.64381408691406	517.4214477539062	113.23421478271484	94.45686340332031	375.32177734375	437.57208251953125	283.5928649902344	462.4289245605469	569.8015747070312	1036.2940673828125	355.1380615234375	500.85076904296875	637.596435546875	720.7301025390625	886.6857299804688	88.18042755126953	0.0	487.9372863769531	561.8932495117188	103.18460845947266	561.4765014648438	800.9922485351562	203.19894409179688	40.00166320800781	444.1903991699219	364.4916687011719	151.60568237304688	105.74508666992188	260.9956359863281	306.8824768066406	145.62071228027344	17.126192092895508	69.63179016113281	42.53025817871094	87.63692474365234	0.0	107.46480560302734	129.3500518798828	0.0	0.0	146.906982421875	89.51020812988281	0.0	0.0	0.0	0.0	376.3336181640625	134.7420196533203	346.85113525390625	606.2850341796875	363.48455810546875	150.19345092773438	0.0	302.4269714355469	839.7954711914062	952.810302734375	752.0722045898438	997.49462890625	452.9775085449219	877.3305053710938	895.5487670898438	683.9876098632812	122.9268569946289	120.60697174072266	146.0143585205078	103.5361557006836	76.88671112060547	137.36032104492188	35.19578170776367	80.63407135009766	37.33143615722656	0.0	147.81044006347656	363.2634582519531	129.2506866455078	0.0	0.0	0.0	19.31331443786621	94.75098419189453	25.93123435974121	0.0	0.0	22.94129180908203	0.0	0.0	0.0	0.0	0.0	0.0	0.0	0.0	0.0	0.0	296.0457458496094	134.82064819335938	145.3407745361328	290.87030029296875	288.582275390625	187.99583435058594	500.5008544921875	344.4825439453125	314.9759521484375	447.2214050292969	844.7974243164062	825.2789916992188	414.1871643066406	333.8625793457031	665.3878784179688	674.2125854492188	55.95722961425781	0.0	0.0	5.824165344238281	48.85289001464844	0.0	269.2880554199219	206.30966186523438	83.21134948730469	57.64442443847656	147.2930908203125	96.67694091796875	470.3722839355469	638.2962646484375	667.2127685546875	720.3734741210938	196.70339965820312	72.49076080322266	129.31687927246094	120.31060791015625	252.52491760253906	209.52879333496094	333.4848327636719	132.37442016601562	144.390380859375	250.90545654296875	183.93753051757812	257.57745361328125	0.0	0.0	0.0	46.01985549926758	0.0	111.81236267089844	281.76116943359375	341.43603515625	179.21316528320312	69.25737762451172	0.0	793.59619140625	1068.63427734375	293.0986633300781	549.6194458007812	179.4977264404297	1405.1881103515625	1202.589599609375	649.8489379882812	535.352783203125	16.248519897460938	175.93719482421875	214.0330352783203	86.49394989013672	0.0	165.8897705078125	245.2639617919922	866.4330444335938	482.7176208496094	198.77566528320312	310.5689392089844	557.5120849609375	879.1065063476562	1097.857177734375	686.4000854492188	631.4970092773438	283.60009765625	0.0	0.0	0.0	241.04904174804688	10.35006332397461	71.46312713623047	230.95230102539062	106.98649597167969	2.583312511444092	122.9741439819336	128.5884246826172	433.1900939941406	648.1637573242188	879.8101806640625	889.1143798828125
131.00172424316406	1086.0296630859375	706.6318969726562	35.550174713134766	129.7963409423828	1095.3072509765625	745.5457153320312	29.226573944091797	151.7047576904297	1077.2745361328125	712.4638061523438	37.93938064575195	169.09666442871094	1081.3116455078125	625.87451171875	53.4830322265625	0.0	41.35903549194336	0.0	16.837860107421875	0.0	37.03656768798828	0.0	14.594619750976562	0.0	27.04737663269043	0.0	21.437040328979492	0.0	0.0	0.0	24.183685302734375	0.0	261.8185729980469	327.8179016113281	80.6458969116211	0.0	222.76025390625	275.5618896484375	52.7281379699707	0.0	248.33363342285156	292.8628234863281	79.42506408691406	0.0	189.78318786621094	230.51193237304688	34.35293197631836	9.647905349731445	0.0	0.0	11.788556098937988	13.1197509765625	0.0	0.0	13.463138580322266	15.012519836425781	0.0	0.0	10.783961296081543	0.0	0.0	0.0	4.448267936706543	87.22724151611328	172.8429412841797	132.0952911376953	83.43165588378906	28.19828224182129	155.4574432373047	146.56365966796875	69.15374755859375	29.855152130126953	164.1635284423828	167.8621368408203	139.542236328125	82.83135223388672	432.8769836425781	387.18890380859375	177.3061065673828	2.4551050662994385	202.04901123046875	690.9497680664062	98.08956146240234	2.6678402423858643	260.37322998046875	769.6719970703125	125.97745513916016	0.0	273.633056640625	763.2943725585938	110.95050811767578	15.990616798400879	375.57421875	739.7822265625	58.036128997802734	0.0	139.5537567138672	86.86781311035156	17.76255226135254	0.0	120.67630004882812	72.04536437988281	4.723057270050049	0.0	137.17506408691406	79.11773681640625	1.6244750022888184	7.517251491546631	75.40487670898438	26.04783821105957	0.0	19.983964920043945	0.0	300.42218017578125	79.90975189208984	15.78034782409668	0.0	348.3595886230469	112.58271789550781	22.87992286682129	0.0	392.2783508300781	135.5191192626953	71.86600494384766	296.46844482421875	560.3206176757812	227.3748321533203	37.82229995727539	49.019466400146484	97.24906158447266	7.114465236663818	26.76921844482422	80.37981414794922	106.66732788085938	0.38627272844314575	26.28434944152832	88.73031616210938	129.79925537109375	19.835681915283203	53.224327087402344	82.50721740722656	65.784912109375	0.0	35.80165481567383	0.0	0.0	0.0	33.41843032836914	0.0	0.0	0.0	24.7576961517334	0.0	0.0	0.0	7.8625168800354	0.0	0.0	0.0	12.69662094116211	396.20123291015625	162.8026580810547	96.88429260253906	4.0392842292785645	426.7310485839844	198.7206573486328	85.97640991210938	5.0362324714660645	501.51922607421875	275.5794372558594	142.5487060546875	23.893146514892578	498.1572570800781	260.0263366699219	158.7972412109375	7.40177059173584	40.18609619140625	54.27654266357422	5.064538955688477	5.7090582847595215	6.4122161865234375	21.735332489013672	7.462255477905273	2.7515475749969482	32.728668212890625	37.158748626708984	4.270279407501221	49.333003997802734	191.43096923828125	234.6687774658203	72.3487548828125	322.24139404296875	253.24993896484375	173.10693359375	0.237488254904747	337.4322509765625	279.2725830078125	211.94886779785156	0.5915529727935791	355.0506591796875	311.0982666015625	190.22523498535156	0.0	340.5385437011719	191.5360107421875	128.37290954589844	0.0	0.0	93.49400329589844	91.53768920898438	5.249736309051514	0.0	0.0	49.7507209777832	11.515551567077637	0.0	0.0	24.026506423950195	22.121606826782227	29.48233985900879	338.6520080566406	475.0897521972656	38.46763610839844	38.971805572509766	294.0574645996094	10.386033058166504	47.2327995300293	15.169954299926758	150.6394500732422	0.0	16.975221633911133	19.459993362426758	121.38077545166016	0.0	64.10952758789062	65.94593811035156	254.20590209960938	0.0	29.080232620239258	0.0	0.0	82.75566864013672	35.27103042602539	0.0	0.0	118.89171600341797	10.305096626281738	0.0	0.0	147.89837646484375	26.210758209228516	0.0	194.77403259277344	365.07135009765625	171.66683959960938
1382.7197265625	1085.94775390625	864.6834716796875	531.4800415039062	1298.1654052734375	113.60871887207031	958.8489379882812	1320.0765380859375	1026.8489990234375	129.490234375	717.0913696289062	1438.127197265625	842.0216674804688	651.8493041992188	825.5509643554688	875.4808959960938	3.377537488937378	0.0	0.0	4.283935546875	73.48695373535156	0.0	58.6599235534668	0.0	0.0	0.0	82.2436752319336	46.75436782836914	0.0	0.0	0.0	30.903968811035156	191.5937042236328	19.7482852935791	338.1456604003906	526.7859497070312	201.85557556152344	98.31704711914062	14.362005233764648	600.073974609375	379.0760803222656	435.4242858886719	151.35926818847656	374.0667419433594	201.39886474609375	405.1783752441406	8.333840370178223	0.0	0.0	0.0	0.0	0.0	0.0	168.05108642578125	45.6767463684082	0.0	0.0	125.54168701171875	0.0	0.0	0.0	0.0	0.0	0.0	497.5026550292969	727.9473266601562	289.51708984375	128.8966827392578	295.2963562011719	20.029804229736328	298.4469909667969	215.42938232421875	99.26798248291016	176.23280334472656	221.77960205078125	568.6826171875	310.5511779785156	493.4949035644531	878.0579223632812	958.9937133789062	632.7255859375	1390.9251708984375	140.47219848632812	126.73373413085938	1166.94287109375	1076.1688232421875	0.0	411.2416076660156	671.2311401367188	236.2219696044922	0.0	1202.548828125	147.49241638183594	71.25115203857422	228.73143005371094	866.891357421875	64.36949920654297	114.27436828613281	3.5334272384643555	75.93253326416016	142.0165557861328	93.02508544921875	5.353607177734375	83.74562072753906	117.83721160888672	0.0	23.452632904052734	98.39103698730469	0.0	0.0	0.0	28.731626510620117	153.1949462890625	402.2694091796875	505.99432373046875	428.1710510253906	56.592281341552734	389.6155700683594	61.46614456176758	258.3473815917969	566.9859008789062	622.3521118164062	95.19375610351562	285.0108642578125	710.9324340820312	1101.9688720703125	908.1481323242188	405.33489990234375	135.9582977294922	9.408594131469727	19.75360870361328	0.0	12.233314514160156	188.2686004638672	312.61187744140625	95.72927856445312	48.86848831176758	62.95348358154297	338.0873718261719	271.3420104980469	115.49999237060547	0.0	11.954546928405762	0.0	0.0	0.0	0.0	0.0	0.0	108.95542907714844	232.67822265625	0.0	0.0	16.076221466064453	143.15542602539062	0.0	0.0	0.0	0.0	0.0	451.5697021484375	452.3497314453125	473.5324401855469	359.1883544921875	634.768798828125	567.7088623046875	570.1737670898438	210.2689971923828	655.1639404296875	492.2435607910156	603.842529296875	860.8532104492188	498.81048583984375	399.51953125	664.9502563476562	860.9735107421875	242.90866088867188	529.7708129882812	378.1824951171875	57.32999038696289	330.0846862792969	287.9081115722656	127.11321258544922	112.6689453125	179.2023468017578	0.0	0.0	84.63239288330078	310.01190185546875	273.7537536621094	605.2259521484375	486.5861511230469	408.8389587402344	332.1313171386719	8.220327377319336	39.38958740234375	489.4502258300781	0.0	31.793455123901367	33.530181884765625	245.8804473876953	111.87683868408203	212.189208984375	177.2255096435547	0.0	20.17684555053711	215.98171997070312	22.837839126586914	40.38737106323242	689.0429077148438	1130.3740234375	674.8506469726562	0.0	61.51442337036133	845.2416381835938	978.982666015625	584.509033203125	30.769020080566406	70.4770736694336	335.406982421875	1221.215087890625	1463.2991943359375	388.9394226074219	220.153076171875	251.94131469726562	443.28271484375	982.8618774414062	325.85638427734375	79.1212387084961	220.31719970703125	990.406494140625	747.5067138671875	158.9260711669922	109.5383071899414	275.9942626953125	482.2364807128906	853.66650390625	747.760009765625	30.752971649169922	0.0	0.0	649.648193359375	469.5004577636719	225.97369384765625	301.25384521484375	612.3269653320312	154.74606323242188	3.351550817489624	411.6287841796875	286.87957763671875	0.0	67.13800811767578	296.6830749511719	226.70672607421875	513.8765258789062	798.1436767578125
1109.8997802734375	692.492431640625	1139.21142578125	66.8827133178711	1153.794921875	958.9989013671875	1278.232421875	260.76519775390625	837.4141845703125	882.4066772460938	1075.624755859375	362.5325012207031	25.82123565673828	722.4093017578125	1319.4857177734375	221.5546112060547	0.0	0.0	5.486704349517822	0.0	0.0	0.0	0.0	0.0	0.0	0.0	0.0	0.0	0.0	0.0	0.0	0.0	429.1563415527344	363.99774169921875	616.9518432617188	453.4716796875	168.7110595703125	280.92449951171875	475.23577880859375	352.5404968261719	0.0	0.0	405.8472595214844	286.9715881347656	106.83039093017578	0.0	354.2847900390625	195.23880004882812	0.0	0.0	0.0	0.0	0.0	0.0	0.0	0.0	52.81317138671875	0.0	0.0	0.0	166.89407348632812	103.33475494384766	0.0	0.0	221.86526489257812	256.63995361328125	151.82032775878906	199.88787841796875	251.5435791015625	732.3900146484375	742.0816650390625	336.70770263671875	388.8229675292969	477.8194885253906	137.8502655029297	226.5150146484375	0.0	265.19915771484375	378.3372802734375	257.3048400878906	233.48382568359375	597.0314331054688	511.07861328125	548.482666015625	142.38809204101562	473.30145263671875	711.7705078125	681.6370849609375	266.7494201660156	351.9664611816406	592.5939331054688	668.6080932617188	125.6372299194336	0.0	823.150390625	707.6488647460938	117.51710510253906	67.9832992553711	88.63416290283203	26.99163818359375	112.07150268554688	40.72541809082031	101.2128677368164	60.270565032958984	4.072703838348389	0.0	127.865966796875	8.825630187988281	50.24053955078125	17.734346389770508	118.59259796142578	6.940457344055176	35.91581344604492	399.4727478027344	296.7665710449219	440.49969482421875	371.59893798828125	776.6040649414062	399.51507568359375	421.25054931640625	205.05845642089844	336.7082214355469	226.64822387695312	368.1357421875	117.37504577636719	207.37998962402344	278.0919189453125	439.26007080078125	0.613594651222229	49.42788314819336	89.57991027832031	70.15704345703125	131.53196716308594	131.07583618164062	122.63848114013672	22.179243087768555	69.07808685302734	0.0	157.68051147460938	143.95510864257812	101.31299591064453	262.7767639160156	139.25193786621094	41.4129524230957	0.0	2.8708415031433105	0.0	0.0	0.0	0.0	0.0	0.0	0.0	0.0	0.0	0.0	180.13548278808594	293.4903259277344	84.5662841796875	48.00718307495117	311.74090576171875	429.5357666015625	300.241455078125	244.48257446289062	533.3499755859375	637.5599975585938	744.104248046875	212.36956787109375	547.2481079101562	489.7124938964844	776.689453125	204.63601684570312	507.7829895019531	456.0406494140625	668.8321533203125	150.16909790039062	44.0426139831543	35.38176345825195	67.0751953125	7.928203582763672	46.72944641113281	0.0	189.83935546875	125.92040252685547	413.0635986328125	490.90533447265625	221.69798278808594	0.0	208.571044921875	152.36611938476562	105.34909057617188	47.97438430786133	263.5873107910156	433.0231018066406	131.34609985351562	12.837066650390625	238.1639862060547	496.8948059082031	146.80645751953125	0.0	155.26559448242188	280.76824951171875	180.657958984375	49.93037414550781	40.760372161865234	193.63465881347656	102.07841491699219	28.496253967285156	198.060302734375	361.86920166015625	472.5746765136719	26.71639060974121	546.6260375976562	439.5675048828125	393.79315185546875	217.81008911132812	509.2855529785156	780.9570922851562	227.37759399414062	84.69808959960938	105.77580261230469	0.0	139.89051818847656	169.95654296875	347.04779052734375	435.4726867675781	548.616455078125	123.75997161865234	363.1179504394531	324.59222412109375	618.036376953125	131.68661499023438	444.5556640625	743.1336059570312	705.0054321289062	148.76829528808594	147.22055053710938	635.9974365234375	676.28564453125	0.0	0.0	6.649949073791504	13.017394065856934	101.10749053955078	0.0	27.898454666137695	158.89205932617188	91.62736511230469	439.4457092285156	496.9330749511719	468.1242370605469	194.0928192138672	241.03997802734375	210.45709228515625	101.46269989013672	164.7034454345703
1430.4420166015625	532.982421875	383.63458251953125	338.3017883300781	1336.768798828125	701.4089965820312	974.1687622070312	744.7794799804688	759.5304565429688	1134.445556640625	1204.960205078125	971.2236328125	610.0093383789062	529.3125610351562	314.1383361816406	166.53211975097656	0.0	0.0	31.637962341308594	75.97704315185547	16.967771530151367	0.0	5.757742881774902	20.20429801940918	0.0	0.0	0.0	0.0	0.0	0.0	0.0	0.0	255.2968292236328	127.11414337158203	360.5478820800781	446.67822265625	217.10699462890625	443.2245178222656	434.6174621582031	486.1324768066406	363.30126953125	287.9858093261719	143.75355529785156	77.92011260986328	0.0	0.0	0.0	52.367191314697266	0.0	0.0	41.56214904785156	4.553147792816162	0.0	59.220333099365234	0.0	0.0	0.0	0.0	0.0	0.0	126.36080932617188	22.37213134765625	259.6788635253906	261.3426208496094	570.6642456054688	608.5336303710938	17.319368362426758	162.71307373046875	352.7645263671875	46.07011413574219	688.7767333984375	602.857177734375	342.0711669921875	786.9844970703125	722.0465698242188	637.8878173828125	333.0154724121094	402.1103210449219	11.55772876739502	0.0	1266.1044921875	1176.6806640625	0.0	258.04193115234375	1301.282958984375	441.82965087890625	668.80126953125	645.028076171875	657.8883666992188	188.7804412841797	1005.7843017578125	379.4139709472656	210.23263549804688	347.9664306640625	438.0224609375	125.54998016357422	99.50778198242188	99.21186065673828	2.604917049407959	54.254005432128906	144.8609619140625	84.52378845214844	21.980058670043945	45.955467224121094	86.57107543945312	0.0	7.806177616119385	0.0	4.459261894226074	36.50705337524414	55.50974655151367	38.45268630981445	194.8646240234375	416.3831481933594	198.39068603515625	133.77096557617188	303.9779052734375	381.6865234375	570.3272094726562	691.7590942382812	1109.0177001953125	1034.7769775390625	808.9393310546875	666.974365234375	347.47894287109375	343.0672607421875	306.6337890625	36.83329772949219	83.08808898925781	15.292149543762207	100.21463775634766	101.09644317626953	136.55613708496094	296.8202819824219	275.68927001953125	115.00086212158203	201.63189697265625	242.47268676757812	57.5521354675293	0.0	136.22280883789062	0.0	68.5588150024414	162.4519805908203	0.0	0.0	0.0	0.0	0.0	33.662559509277344	0.0	0.0	7.953497886657715	0.0	0.0	0.0	0.0	0.0	0.0	133.48252868652344	492.4139099121094	224.17138671875	235.1132049560547	319.4700012207031	699.2026977539062	352.00067138671875	355.476806640625	319.9358215332031	548.0029296875	586.4901123046875	544.452392578125	586.0932006835938	324.69970703125	596.18798828125	467.3391418457031	651.1231079101562	320.31207275390625	311.95184326171875	199.32742309570312	31.16996192932129	301.9473876953125	75.3376235961914	39.103824615478516	164.5787353515625	61.183719635009766	266.8675842285156	442.9176940917969	484.76275634765625	534.4552612304688	647.4224243164062	624.66259765625	485.92193603515625	445.84521484375	0.0	19.997236251831055	62.844085693359375	354.2854309082031	41.41340637207031	156.85105895996094	75.33295440673828	174.82115173339844	262.6347351074219	307.50537109375	0.0	0.0	42.78406524658203	0.0	0.0	33.567230224609375	338.32269287109375	155.94232177734375	0.0	3.260530471801758	169.30079650878906	378.5225524902344	921.0299682617188	987.5844116210938	114.84066009521484	259.0208435058594	631.1241455078125	964.555419921875	484.0977478027344	461.5120849609375	176.42498779296875	315.5366516113281	321.8368225097656	471.8100891113281	204.6186065673828	0.0	446.4718933105469	479.2038879394531	168.8206787109375	102.86190795898438	367.9935607910156	318.30975341796875	903.7056884765625	891.2999877929688	998.5847778320312	645.4315795898438	634.0301513671875	117.70123291015625	443.8030700683594	268.5577087402344	11.823741912841797	433.5408935546875	477.10040283203125	0.0	95.97814178466797	303.228271484375	0.0	428.04779052734375	508.2564392089844	554.3428955078125	772.9966430664062	990.5848388671875	688.8616333007812
1039.17822265625	1307.042724609375	693.1820068359375	80.69725799560547	1184.6068115234375	1159.78271484375	1090.7694091796875	128.5059814453125	928.7117309570312	791.047607421875	1062.7396240234375	204.8702850341797	215.28892517089844	732.5791625976562	1208.93115234375	112.62910461425781	62.7631950378418	32.9637565612793	0.0	15.418815612792969	12.554948806762695	65.25262451171875	0.0	14.24207878112793	0.0	0.0	0.0	0.0	6.682160377502441	0.0	27.017379760742188	0.0	223.67156982421875	399.99249267578125	351.96337890625	217.7202911376953	147.1923065185547	214.76303100585938	483.6307067871094	233.55174255371094	0.0	0.0	298.99658203125	266.74334716796875	52.393856048583984	0.0	317.1833801269531	101.14348602294922	0.0	0.0	0.0	0.0	0.0	0.0	0.0	0.0	0.0	0.0	0.0	0.0	175.1127166748047	91.89909362792969	0.0	0.0	200.7400360107422	519.3015747070312	376.66265869140625	80.5108871459961	265.14385986328125	535.7316284179688	565.8526611328125	218.6636199951172	311.2451477050781	701.0798950195312	237.99159240722656	191.13438415527344	82.52928924560547	198.54554748535156	422.4884033203125	211.34498596191406	0.0	861.2130737304688	629.3424682617188	235.0060272216797	202.6044921875	817.3431396484375	652.9860229492188	256.22314453125	228.2690887451172	470.4587097167969	466.2616882324219	641.9244995117188	242.41537475585938	68.8061752319336	786.1585693359375	638.603759765625	48.399986267089844	61.408626556396484	103.11153411865234	1.634638786315918	51.58388900756836	123.73314666748047	172.72874450683594	27.452545166015625	24.08954429626465	5.411588191986084	81.2188720703125	33.395755767822266	45.17138671875	15.38261604309082	88.25997924804688	14.70423698425293	67.90341186523438	305.4726867675781	441.60882568359375	305.6151428222656	81.79840850830078	708.7864990234375	504.7379455566406	442.5616455078125	325.92071533203125	563.251708984375	419.9897155761719	307.48370361328125	119.7059326171875	224.62796020507812	266.8846130371094	400.3677673339844	129.26393127441406	100.23902893066406	0.0	19.720422744750977	5.638677597045898	183.7682342529297	175.23104858398438	12.173797607421875	23.344425201416016	0.0	117.98263549804688	75.76322174072266	125.11415100097656	277.43011474609375	201.4777069091797	58.82419967651367	65.08336639404297	0.0	0.0	0.0	0.0	0.0	0.0	0.0	0.0	0.0	0.0	0.0	86.78919219970703	182.2550048828125	97.46251678466797	0.0	189.13917541503906	286.9183349609375	186.71604919433594	121.23406982421875	639.796142578125	728.2338256835938	557.6497192382812	196.15240478515625	554.3253173828125	682.3463745117188	567.8931884765625	158.81703186035156	463.7389831542969	559.5493774414062	655.2623901367188	124.37721252441406	0.0	121.82928466796875	231.4124298095703	33.6558952331543	123.92176055908203	98.33074188232422	77.5902328491211	51.28445816040039	380.5662841796875	490.1976013183594	183.3008575439453	0.0	357.8565368652344	274.99810791015625	113.28714752197266	36.753910064697266	343.26385498046875	471.8554382324219	24.847522735595703	0.0	487.8549499511719	412.6715393066406	205.1460723876953	0.0	232.6372833251953	385.6015930175781	105.94293975830078	0.0	40.135738372802734	124.22563934326172	57.298030853271484	2.1735165119171143	148.443359375	401.2094421386719	374.27587890625	62.047916412353516	0.0	143.02960205078125	270.80731201171875	30.05641746520996	391.54962158203125	346.55303955078125	444.3829040527344	153.69412231445312	0.0	0.0	34.05610275268555	151.47276306152344	217.70884704589844	226.8414306640625	288.1728210449219	127.26140594482422	151.77940368652344	275.6866455078125	361.5166320800781	191.98037719726562	313.2383117675781	284.5231628417969	374.4785461425781	119.09751892089844	332.5434265136719	681.7932739257812	591.5975341796875	83.28695678710938	0.0	0.0	230.86398315429688	170.70172119140625	0.0	70.53043365478516	93.0743179321289	85.88052368164062	510.0877685546875	572.65234375	416.1106262207031	80.54884338378906	359.8744201660156	407.22491455078125	84.59577941894531	185.993896484375
538.6641845703125	1294.3114013671875	591.6314697265625	89.9365463256836	328.0078430175781	948.8798217773438	586.2076416015625	287.63470458984375	267.425048828125	458.96856689453125	1054.90771484375	1232.9581298828125	494.7999572753906	783.8142700195312	881.743408203125	1076.9197998046875	0.0	0.0	1.9065412282943726	56.088134765625	0.0	0.0	0.0	72.29763793945312	9.306262969970703	46.52137756347656	26.361764907836914	74.03961181640625	0.0	0.0	0.0	0.0	0.0	631.9157104492188	542.4813842773438	187.70547485351562	0.0	0.0	405.62762451171875	390.6579284667969	103.27242279052734	303.6029968261719	365.5050964355469	605.9581298828125	1.888046145439148	332.36883544921875	144.5724639892578	0.0	70.30696868896484	0.0	0.0	0.0	130.11590576171875	0.0	0.0	0.0	103.45360565185547	180.98873901367188	0.0	0.0	0.0	0.0	0.0	0.0	174.1077880859375	706.649169921875	502.9816589355469	75.7847900390625	264.3271484375	547.5270385742188	193.7936553955078	210.0057830810547	0.0	272.3093566894531	340.13153076171875	502.27783203125	257.5583801269531	426.74468994140625	998.3383178710938	968.3623657226562	248.77101135253906	328.0285949707031	671.7977905273438	28.70954132080078	0.0	397.1857604980469	244.1056365966797	124.69097900390625	0.0	330.8637390136719	165.26661682128906	694.8447265625	0.0	211.8012237548828	276.8262634277344	639.12548828125	84.71920776367188	62.69675827026367	69.86823272705078	0.0	14.769261360168457	0.0	0.0	26.565799713134766	0.0	133.32188415527344	5.568192005157471	59.07986831665039	0.0	20.128786087036133	0.0	0.0	183.37449645996094	131.1368408203125	382.2874755859375	175.7632598876953	303.13519287109375	428.99298095703125	631.4107666015625	335.4291076660156	190.4576873779297	393.50726318359375	279.8219909667969	339.9275817871094	252.7684326171875	964.9580078125	1211.0885009765625	607.1968383789062	268.1152038574219	55.96160125732422	10.478281021118164	29.002288818359375	201.0388641357422	116.57832336425781	79.90231323242188	0.0	11.851452827453613	241.50767517089844	254.26206970214844	115.96696472167969	25.836076736450195	81.20966339111328	210.31446838378906	0.0	0.0	0.0	0.0	0.0	237.78244018554688	0.0	0.0	0.0	52.39737319946289	32.53267288208008	0.0	0.0	3.5140528678894043	0.0	0.0	0.0	364.04559326171875	418.2715148925781	214.91444396972656	186.11312866210938	383.5257263183594	692.6055297851562	329.08331298828125	321.0912780761719	346.0550231933594	664.255126953125	488.8663024902344	360.6060791015625	335.0633850097656	378.117919921875	750.3484497070312	478.49346923828125	523.108154296875	199.11875915527344	219.5497589111328	72.0241928100586	262.75982666015625	421.7237243652344	153.7913360595703	30.20342445373535	121.6968002319336	223.50836181640625	164.73109436035156	51.2216796875	231.54196166992188	250.20126342773438	454.49920654296875	483.420654296875	0.0	0.0	0.0	0.0	165.61172485351562	0.0	17.109249114990234	0.0	173.77268981933594	126.18946838378906	0.0	0.0	199.3170928955078	33.10865783691406	59.66610336303711	0.0	725.9815063476562	846.2335205078125	381.2730407714844	29.78821563720703	0.0	635.4439697265625	940.4429321289062	114.97908020019531	275.3934020996094	0.0	917.5591430664062	545.2880859375	585.6495361328125	1237.0816650390625	713.7630615234375	445.9127502441406	1212.7596435546875	1167.4830322265625	335.47979736328125	204.85325622558594	58.216487884521484	458.01373291015625	455.4261779785156	138.39144897460938	105.83220672607422	506.1005859375	955.30126953125	862.796142578125	435.92486572265625	689.03662109375	136.70184326171875	181.251708984375	468.17523193359375	207.6744842529297	199.4881134033203	147.3873291015625	153.70086669921875	513.712646484375	357.6399841308594	71.32599639892578	0.0	363.0456237792969	170.87826538085938	58.51939392089844	50.33467483520508	262.58612060546875	436.7652587890625	647.28564453125
1113.3831787109375	1003.72216796875	822.8560791015625	376.90643310546875	1176.3553466796875	1021.7182006835938	601.4127807617188	582.82958984375	1347.0771484375	977.6525268554688	1159.5887451171875	1062.1256103515625	952.973388671875	744.116943359375	814.581298828125	710.1739501953125	0.0	0.0	0.0	0.0	0.0	0.0	0.0	0.0	0.0	0.0	0.0	0.0	0.0	0.0	0.0	0.0	512.346923828125	346.39849853515625	15.09727954864502	195.76287841796875	184.3562469482422	318.8385314941406	553.978515625	540.685791015625	222.78762817382812	282.87054443359375	450.72039794921875	513.8248901367188	0.0	0.0	0.0	0.0	0.0	0.0	0.0	0.0	0.0	0.0	122.86166381835938	162.77076721191406	0.0	0.0	0.0	0.0	0.0	0.0	0.0	0.0	476.30841064453125	428.1866455078125	562.4359130859375	386.61572265625	309.84954833984375	227.28662109375	121.67826843261719	209.88722229003906	444.87127685546875	464.4749450683594	533.5345458984375	491.2078857421875	478.2108459472656	508.3349609375	742.4071044921875	764.7492065429688	506.4597473144531	510.52667236328125	535.8674926757812	400.2483825683594	324.571044921875	567.3702392578125	302.46185302734375	97.82254791259766	282.84454345703125	726.3154296875	296.51513671875	435.7506408691406	339.48193359375	360.119140625	329.66693115234375	360.2991638183594	63.9000358581543	8.12784194946289	58.18748474121094	84.68107604980469	139.18458557128906	68.79808044433594	85.64061737060547	67.1364517211914	19.466304779052734	46.775970458984375	53.32675552368164	54.938236236572266	4.01417350769043	0.0	0.0	0.0	415.1761169433594	505.78363037109375	575.6807250976562	488.63568115234375	373.87396240234375	391.05926513671875	546.161376953125	575.4805297851562	451.99078369140625	640.2476196289062	302.95306396484375	521.529296875	424.0406799316406	960.3885498046875	837.2113037109375	775.62939453125	85.57882690429688	43.133941650390625	0.0	30.251331329345703	0.0	83.45014953613281	158.0994873046875	213.85267639160156	221.5255584716797	83.90501403808594	115.29338836669922	135.15745544433594	63.7618293762207	0.0	0.0	0.0	0.0	0.0	0.0	0.0	0.0	0.0	13.824923515319824	25.05475425720215	0.0	0.0	0.0	0.0	0.0	0.0	0.0	0.0	235.0991668701172	344.77978515625	502.1052551269531	406.7364196777344	617.8451538085938	617.989501953125	701.5196533203125	538.5027465820312	637.8270874023438	558.5786743164062	553.9959106445312	310.3043518066406	675.8443603515625	564.9940185546875	648.8529052734375	581.776123046875	93.45582580566406	378.41558837890625	598.560791015625	461.9123840332031	285.586669921875	143.55838012695312	192.4177703857422	120.35665893554688	137.2647705078125	74.95044708251953	34.55879211425781	64.02861785888672	479.9464111328125	494.0090026855469	494.298828125	503.9185485839844	319.5055236816406	308.4462890625	164.53707885742188	0.0	320.65826416015625	246.36480712890625	0.0	0.0	258.3876647949219	197.14259338378906	198.38775634765625	40.706031799316406	90.82823944091797	113.0343017578125	107.7997817993164	0.0	214.48223876953125	251.96548461914062	528.7510986328125	582.6148071289062	479.0245056152344	559.1151733398438	536.0230712890625	250.12698364257812	165.26976013183594	398.7702331542969	569.9612426757812	499.88043212890625	713.1158447265625	827.5639038085938	634.2545166015625	637.4010009765625	95.85267639160156	382.94512939453125	709.4104614257812	752.4844360351562	598.8770751953125	301.6059265136719	548.7186889648438	643.9007568359375	521.6682739257812	421.1205749511719	613.6278076171875	642.4667358398438	536.017578125	646.5101928710938	341.07171630859375	326.9630432128906	0.0	229.358642578125	658.45068359375	691.9351806640625	379.1797790527344	169.5443572998047	302.81610107421875	212.59957885742188	138.8729248046875	95.89228057861328	19.455795288085938	0.0	578.169677734375	666.0499877929688	779.298583984375	806.5448608398438
661.414794921875	848.1932983398438	464.3397216796875	49.71036148071289	674.03662109375	1015.3580322265625	685.8541870117188	211.92041015625	644.5875244140625	901.3151245117188	654.6264038085938	189.83197021484375	323.4983825683594	664.8988037109375	386.5168762207031	111.5142822265625	7.0284104347229	33.877254486083984	17.736421585083008	62.48445129394531	34.15187454223633	0.0	0.0	0.0	0.0	0.0	0.0	0.0	0.0	0.0	0.0	1.9676122665405273	110.70474243164062	336.1932373046875	453.0177307128906	135.24356079101562	93.05973052978516	306.197265625	379.5728759765625	279.80853271484375	0.0	145.37905883789062	250.7985076904297	176.80287170410156	0.0	0.0	0.0	108.22132110595703	0.0	0.0	38.35988235473633	0.0	0.0	0.0	0.0	0.0	0.0	0.0	0.0	0.0	42.127647399902344	0.0	0.0	0.0	62.483619689941406	103.91744232177734	280.0198974609375	213.35055541992188	153.64553833007812	315.92364501953125	250.25656127929688	98.32337951660156	152.08755493164062	281.4179992675781	522.1166381835938	318.4061584472656	180.8801727294922	435.7364807128906	486.0743713378906	43.77810287475586	0.0	499.3768310546875	366.7751770019531	222.7972869873047	0.0	551.3185424804688	461.0021667480469	241.9740447998047	0.0	372.124267578125	416.5788879394531	373.043701171875	49.72367858886719	238.9725341796875	300.24920654296875	0.0	2.2879865169525146	137.6019744873047	73.26904296875	21.018539428710938	4.7063117027282715	103.00896453857422	59.801509857177734	24.835416793823242	0.0	68.42521667480469	86.33808898925781	42.34528732299805	0.0	0.0	13.268260955810547	0.0	0.0	489.5721740722656	497.1037902832031	239.96060180664062	0.0	317.536376953125	288.2173767089844	310.4679870605469	160.9622039794922	663.4525146484375	689.719482421875	329.91748046875	91.74408721923828	504.4126892089844	616.3170776367188	408.8484191894531	56.929988861083984	207.246337890625	118.11085510253906	38.82990264892578	31.523452758789062	114.73924255371094	37.354248046875	30.30069923400879	23.149005889892578	69.57450866699219	82.64474487304688	40.7072639465332	43.409183502197266	30.246856689453125	0.0	25.166616439819336	0.0	0.0	0.0	0.0	0.0	0.0	0.0	0.0	0.0	0.0	0.0	0.0	0.0	0.0	0.0	0.0	405.296875	417.690673828125	379.2861022949219	145.66165161132812	416.4229431152344	358.49853515625	307.0561828613281	162.6372528076172	462.53515625	441.5538330078125	582.8588256835938	160.83592224121094	443.49774169921875	369.4583740234375	465.2701110839844	204.48631286621094	74.01496124267578	70.82919311523438	4.725066661834717	50.64392852783203	0.0	115.92433166503906	129.50982666015625	115.46078491210938	108.68182373046875	86.1534652709961	70.9710693359375	118.42312622070312	242.1783905029297	573.85302734375	462.63134765625	143.94088745117188	329.9017639160156	194.20196533203125	157.472412109375	0.0	324.96417236328125	428.8420104980469	81.67691040039062	8.70042610168457	270.540771484375	385.28533935546875	118.01838684082031	0.0	174.07363891601562	36.639617919921875	0.0	0.0	41.39677810668945	203.6464080810547	0.0	50.26835632324219	27.129531860351562	278.58636474609375	309.9550476074219	87.5085220336914	213.25184631347656	383.4942932128906	113.9639892578125	172.2002410888672	196.53305053710938	729.7232055664062	621.4883422851562	311.8914489746094	151.59475708007812	4.916908264160156	276.69671630859375	168.35488891601562	170.5470733642578	158.18478393554688	344.8380126953125	131.1537628173828	189.01136779785156	120.34252166748047	316.29180908203125	203.51698303222656	262.5711669921875	604.6528930664062	607.553955078125	241.88552856445312	0.0	97.1523666381836	92.7494888305664	29.192138671875	0.0	29.410083770751953	177.71241760253906	119.52689361572266	0.0	76.61280059814453	118.72709655761719	102.47965240478516	257.4860534667969	569.6556396484375	584.2402954101562	392.5290832519531
856.1914672851562	637.413818359375	1259.8936767578125	1227.856689453125	339.51971435546875	1440.689208984375	1034.718994140625	317.8269348144531	979.1539306640625	1228.6129150390625	1112.9432373046875	180.1759796142578	1020.4164428710938	516.7312622070312	1034.1588134765625	191.7723846435547	0.0	0.0	0.0	38.35602951049805	22.102577209472656	0.0	34.22188186645508	0.0	0.0	51.218017578125	0.0	0.0	0.0	0.0	0.0	0.0	0.0	466.46307373046875	330.4332275390625	468.4143981933594	0.0	467.109619140625	356.6999816894531	83.3868637084961	156.2108612060547	81.04344177246094	401.71124267578125	377.04656982421875	64.93217468261719	0.3145532011985779	95.87283325195312	84.68189239501953	0.0	0.0	0.0	0.0	36.87493896484375	0.0	0.0	56.0803337097168	0.0	0.0	0.0	0.0	0.0	0.0	0.0	8.057114601135254	295.8133239746094	176.02146911621094	556.3322143554688	510.3330383300781	115.00680541992188	458.35009765625	645.2966918945312	159.1612548828125	281.9582824707031	753.0938110351562	308.2709655761719	452.384521484375	387.2236328125	631.471923828125	787.6129150390625	316.49176025390625	0.0	498.1238708496094	224.9796600341797	959.089599609375	37.90424346923828	155.34140014648438	826.0439453125	864.3657836914062	0.0	829.7141723632812	561.0568237304688	679.7769775390625	432.1748352050781	758.4637451171875	737.2811279296875	388.01849365234375	0.0	93.01261901855469	29.399396896362305	101.55432891845703	74.25019073486328	27.260883331298828	162.52554321289062	1.9824124574661255	68.53642272949219	87.97614288330078	156.87339782714844	24.912019729614258	9.269006729125977	4.4779953956604	13.468729972839355	0.0	112.16494750976562	479.7299499511719	420.7255859375	296.13763427734375	0.0	288.4569396972656	395.9413757324219	396.7944641113281	153.6094512939453	271.68817138671875	338.7835998535156	422.5326843261719	336.9696960449219	746.4576416015625	506.4896545410156	376.1946105957031	0.0	138.85629272460938	229.77394104003906	132.23597717285156	220.4521484375	215.6442413330078	49.99823760986328	116.5846176147461	219.349853515625	261.161376953125	166.2770233154297	163.4040069580078	0.0	157.90771484375	136.53811645507812	26.941984176635742	0.0	0.0	0.0	0.0	7.476724147796631	42.89077377319336	0.0	0.0	0.0	0.0	0.0	0.0	0.0	0.0	0.0	0.0	418.67669677734375	391.8546447753906	657.306640625	424.02978515625	498.9720764160156	409.2701416015625	719.040283203125	356.60870361328125	355.3421630859375	645.8458251953125	635.2640991210938	381.47821044921875	443.28057861328125	630.2300415039062	787.8836669921875	163.6852264404297	195.98594665527344	339.6790466308594	133.02603149414062	222.302490234375	177.3328094482422	20.417510986328125	238.3361053466797	188.44137573242188	6.302063941955566	239.79501342773438	326.1251220703125	9.827978134155273	274.65435791015625	232.35975646972656	394.3219909667969	242.3695068359375	253.0145721435547	214.1531219482422	229.47686767578125	43.65236282348633	136.83181762695312	257.25372314453125	419.7653503417969	0.0	418.60675048828125	333.8390197753906	53.7070426940918	26.925865173339844	419.1615905761719	153.59506225585938	39.971683502197266	0.0	436.339599609375	583.6362915039062	151.2622528076172	220.353515625	244.4083251953125	992.3816528320312	234.86228942871094	109.32966613769531	170.48651123046875	210.15704345703125	608.7073364257812	205.44276428222656	435.81817626953125	335.6629943847656	341.1371765136719	371.501220703125	408.4114685058594	349.2325134277344	977.1074829101562	552.793701171875	392.90948486328125	638.64111328125	324.2210693359375	141.10708618164062	143.18218994140625	343.573486328125	446.07672119140625	20.152421951293945	274.3931579589844	145.20640563964844	388.5977478027344	162.95843505859375	0.0	350.2220153808594	220.8191680908203	292.696044921875	141.50112915039062	88.9919204711914	302.8902282714844	492.35504150390625	0.0	88.48686218261719	433.18988037109375	290.05706787109375	147.42784118652344	451.30950927734375	535.3057250976562	476.95965576171875
1327.4801025390625	1346.5147705078125	1501.43798828125	1168.7113037109375	1323.226318359375	520.0589599609375	1716.2470703125	1397.3564453125	1255.321044921875	932.6201171875	1330.6475830078125	764.0848388671875	1087.18310546875	927.98388671875	766.158203125	198.97409057617188	1.7492488622665405	55.619510650634766	0.0	17.288938522338867	19.39748191833496	0.0	50.43122482299805	11.456706047058105	0.0	0.0	51.72837829589844	0.0	0.0	0.0	0.0	0.0	145.1215362548828	81.88587188720703	555.5615234375	707.9933471679688	287.0544738769531	179.55003356933594	282.4759521484375	406.17010498046875	324.2563171386719	410.5816345214844	226.08847045898438	84.99700927734375	154.50328063964844	206.0751190185547	0.0	98.85667419433594	0.0	0.0	0.0	0.0	0.0	0.0	0.0	0.0	0.0	0.0	0.0	0.0	0.0	0.0	0.0	76.12747192382812	292.74029541015625	615.5855102539062	312.6383972167969	259.84356689453125	336.3771057128906	178.1759796142578	405.5572509765625	400.4176330566406	285.6684265136719	335.1074523925781	666.9649658203125	434.57861328125	401.40179443359375	783.9335327148438	846.2161865234375	70.95962524414062	164.9139404296875	1191.942626953125	308.5135498046875	652.1614990234375	1015.5928955078125	1317.544677734375	486.8257751464844	1177.614013671875	924.9971923828125	618.8711547851562	1111.1051025390625	1280.56689453125	205.08570861816406	502.10107421875	768.8465576171875	297.7901306152344	47.478431701660156	146.89759826660156	119.1884765625	107.88880920410156	108.2775650024414	128.5768585205078	110.22064208984375	117.50457000732422	166.5388641357422	23.732423782348633	94.38379669189453	79.46519470214844	18.501052856445312	0.0	0.0	0.0	0.3488427400588989	189.16024780273438	317.76934814453125	401.09539794921875	38.558258056640625	445.07720947265625	139.92308044433594	475.8748779296875	304.8607177734375	620.5521240234375	400.3295593261719	508.9903869628906	648.36328125	988.1568603515625	608.104248046875	453.9452209472656	116.6075210571289	185.56497192382812	102.43885040283203	54.12104034423828	7.656034469604492	277.0566711425781	314.8616943359375	197.05226135253906	138.42739868164062	264.9394836425781	226.8463134765625	215.4696044921875	141.41021728515625	0.0	0.0	102.15074920654297	0.0	0.0	0.0	0.0	0.0	67.36811065673828	0.0	0.0	0.0	0.0	0.0	0.0	0.0	0.0	0.0	34.79456329345703	554.2015380859375	676.133544921875	442.31427001953125	300.2095031738281	680.5073852539062	598.2535400390625	775.4832763671875	310.30633544921875	628.8192749023438	510.760009765625	862.1859130859375	428.32720947265625	687.8571166992188	561.8323974609375	718.5567016601562	354.439208984375	165.12594604492188	335.6749267578125	252.63426208496094	41.23090362548828	220.16506958007812	179.79161071777344	39.553070068359375	81.91659545898438	200.89942932128906	0.0	262.07244873046875	190.6519775390625	255.37989807128906	558.4793090820312	626.8196411132812	276.641357421875	435.9433898925781	288.1152038574219	81.40941619873047	52.661869049072266	530.84765625	295.2207336425781	343.4730529785156	116.17424774169922	382.822021484375	436.2937927246094	400.74078369140625	137.36228942871094	119.0198974609375	360.1399230957031	22.720474243164062	0.0	0.0	557.219970703125	1102.2554931640625	623.4271850585938	0.0	93.87619018554688	74.98831176757812	390.462890625	282.412109375	48.632652282714844	0.0	147.77340698242188	897.4916381835938	781.6160888671875	229.17514038085938	193.9198455810547	322.0834655761719	580.2379760742188	1166.2103271484375	597.1576538085938	118.678955078125	0.0	692.0648803710938	512.0010375976562	253.322021484375	171.71612548828125	275.9146728515625	0.0	559.9912719726562	425.7288513183594	63.7889289855957	200.0072479248047	0.0	376.09124755859375	224.017578125	101.60228729248047	91.55279541015625	348.99505615234375	0.0	63.01877212524414	320.11822509765625	257.6745300292969	216.68527221679688	449.2914123535156	294.4212951660156	497.4272766113281	963.0151977539062	646.4058227539062
963.1463012695312	975.737548828125	1255.315673828125	1317.47021484375	1063.4066162109375	960.8990478515625	1465.77294921875	805.27392578125	1108.042724609375	1381.36181640625	849.4584350585938	138.615478515625	1244.4559326171875	1015.2442626953125	44.623619079589844	202.21424865722656	81.48654174804688	40.34912109375	54.1888313293457	29.237749099731445	0.0	20.937713623046875	0.0	52.363258361816406	0.0	0.0	0.0	0.0	0.0	0.0	0.0	23.469432830810547	343.06317138671875	469.78955078125	285.2291564941406	257.6194763183594	189.28636169433594	222.78623962402344	395.2976989746094	211.07652282714844	298.4183044433594	457.1053161621094	0.0	12.7018461227417	0.0	0.0	217.49411010742188	92.7601089477539	0.0	0.0	0.0	0.0	0.0	0.0	0.0	56.68721389770508	1.233589768409729	0.0	0.0	4.353845596313477	0.0	5.310715198516846	227.4038848876953	213.80380249023438	432.8124084472656	704.2948608398438	479.1490173339844	691.9050903320312	747.115966796875	488.2882385253906	742.1321411132812	370.7884826660156	196.8724822998047	890.400634765625	694.031005859375	263.2835388183594	767.9166259765625	1010.1217651367188	0.0	122.03163146972656	132.070068359375	893.6973266601562	470.2862548828125	1290.599853515625	608.9609985351562	918.0604858398438	861.3823852539062	1303.9801025390625	276.6029968261719	942.281494140625	936.5804443359375	168.7353057861328	501.5682067871094	845.0399780273438	174.6563720703125	0.0	43.30154037475586	78.38455963134766	48.18962097167969	79.38319396972656	0.0	46.942588806152344	27.627443313598633	113.02549743652344	90.7875747680664	63.32691955566406	17.20440101623535	0.0	20.624122619628906	16.716405868530273	60.260440826416016	21.847013473510742	200.08151245117188	461.13641357421875	412.3836669921875	212.91847229003906	566.5478515625	748.500244140625	545.4550170898438	778.274169921875	169.6153564453125	674.0889892578125	753.628662109375	890.512939453125	673.2081298828125	546.0411376953125	300.23272705078125	136.66311645507812	190.43040466308594	159.7278594970703	112.8823471069336	61.26095199584961	2.2042222023010254	232.07180786132812	131.2956085205078	51.50544738769531	196.44618225097656	181.31910705566406	0.0	0.0	345.42852783203125	0.0	209.55577087402344	213.246826171875	7.613110065460205	6.780907154083252	0.0	0.0	0.0	0.0	0.0	0.0	0.0	0.0	0.0	0.0	0.0	0.0	277.3648681640625	299.9902648925781	338.31884765625	384.4999084472656	392.44659423828125	514.0574951171875	562.7025146484375	590.4572143554688	824.7571411132812	667.3253173828125	613.4036254882812	626.0467529296875	749.7239990234375	416.08056640625	600.7992553710938	578.9917602539062	619.896728515625	292.7012023925781	0.0	112.90479278564453	62.488529205322266	359.95037841796875	325.7727355957031	366.74163818359375	267.88873291015625	350.8575134277344	500.7099914550781	409.92486572265625	675.3128662109375	457.5986328125	549.9176025390625	659.31103515625	515.9810791015625	161.21066284179688	267.0965270996094	173.78794860839844	434.734619140625	343.61651611328125	429.78082275390625	307.47308349609375	465.903564453125	98.50730895996094	0.0	371.8919677734375	54.73198699951172	0.0	132.32687377929688	0.0	0.0	0.0	205.85501098632812	469.0859680175781	177.96885681152344	67.47804260253906	272.7422180175781	133.01487731933594	35.75423049926758	158.24664306640625	925.6657104492188	498.6141052246094	746.1639404296875	668.49755859375	159.0968017578125	291.0693054199219	203.84750366210938	178.6072998046875	340.6496887207031	248.5764923095703	215.85279846191406	261.4183654785156	0.0	376.3655700683594	538.908447265625	0.0	1039.3768310546875	898.0643310546875	390.15350341796875	613.4554443359375	388.91864013671875	356.8970642089844	672.1771850585938	821.8139038085938	0.0	0.0	28.188806533813477	199.61038208007812	194.10321044921875	398.2708435058594	93.01224517822266	557.4118041992188	443.3265380859375	379.99346923828125	1088.452880859375	854.6712036132812	338.6806945800781	817.6839599609375	794.4146728515625	262.500244140625
1259.9910888671875	602.6104736328125	414.5985107421875	66.65850830078125	1311.43603515625	606.345458984375	1268.4609375	64.37268829345703	281.3111572265625	546.8137817382812	1248.0621337890625	488.77203369140625	66.40147399902344	256.0077209472656	1295.231689453125	646.4710693359375	0.0	0.0	0.0	36.18705368041992	0.0	0.0	0.0	9.871954917907715	0.0	0.0	28.542682647705078	0.0	0.0	0.0	0.0	0.0	485.2215576171875	364.7440490722656	372.79376220703125	152.83880615234375	0.0	0.0	593.2425537109375	380.8487854003906	72.87117767333984	0.0	309.5206604003906	400.6767272949219	52.9713134765625	0.0	285.0805969238281	375.6120910644531	0.0	0.0	0.0	0.0	0.0	0.0	0.0	0.0	259.6929016113281	140.3188934326172	0.0	0.0	134.23179626464844	72.43257904052734	0.0	0.0	501.61065673828125	729.27734375	420.7075500488281	96.82831573486328	632.5874633789062	497.578369140625	273.5345458984375	161.4801483154297	0.0	319.3331604003906	310.1356201171875	170.91397094726562	53.119503021240234	126.98174285888672	192.8602752685547	225.7517547607422	714.1932373046875	618.5263061523438	306.0923767089844	62.821720123291016	922.6206665039062	652.3457641601562	378.8351745605469	492.9921569824219	372.9377136230469	0.0	411.4794921875	613.908935546875	0.3206065893173218	4.015483379364014	474.84698486328125	814.803955078125	70.41846466064453	0.0	74.92430877685547	0.0	52.37195587158203	75.63509368896484	104.93132019042969	28.394454956054688	71.13573455810547	0.0	91.22347259521484	29.07186508178711	18.581920623779297	0.0	101.28596496582031	28.952861785888672	554.1195068359375	761.6365356445312	463.2172546386719	239.3809051513672	394.69256591796875	295.24017333984375	206.46963500976562	279.9239501953125	134.6256561279297	151.70033264160156	109.82192993164062	404.3110046386719	136.28648376464844	79.01813507080078	38.42988586425781	342.3334655761719	175.76535034179688	109.91614532470703	0.0	29.930429458618164	0.0	159.5047149658203	115.44978332519531	3.2483248710632324	178.2700958251953	241.7664031982422	146.19113159179688	48.380496978759766	167.16876220703125	105.02142333984375	122.52193450927734	79.33356475830078	0.0	0.0	0.0	0.0	0.0	0.0	0.0	0.0	203.98397827148438	250.6715087890625	0.0	0.0	200.2685089111328	124.62327575683594	0.0	0.0	259.2768249511719	339.92279052734375	277.5119934082031	189.16461181640625	519.7009887695312	579.978271484375	336.3149719238281	206.52149963378906	534.0442504882812	564.7633666992188	589.6076049804688	178.4505615234375	212.06443786621094	296.4170837402344	606.5242309570312	146.36717224121094	56.77560806274414	176.04922485351562	263.5369873046875	15.757407188415527	529.1598510742188	433.375	166.46961975097656	5.354041576385498	428.10528564453125	30.881101608276367	122.85382080078125	12.89421558380127	0.0	48.91263961791992	29.329238891601562	49.01145935058594	280.63470458984375	101.72947692871094	46.994239807128906	0.0	182.19654846191406	15.615517616271973	56.778202056884766	0.0	0.0	198.75772094726562	132.55027770996094	112.75548553466797	0.0	319.93841552734375	222.63970947265625	152.20193481445312	245.9663543701172	801.7276000976562	463.7607727050781	52.920509338378906	222.72366333007812	696.0685424804688	761.69775390625	67.26751708984375	263.19970703125	62.45054626464844	373.0671081542969	175.6878204345703	21.614620208740234	0.0	208.6571502685547	224.84364318847656	314.099609375	138.70135498046875	0.0	135.12371826171875	319.9530334472656	779.8016357421875	808.58984375	70.62953186035156	282.55950927734375	441.0093688964844	471.13818359375	100.60894012451172	0.0	52.982357025146484	262.0580139160156	0.0	0.0	0.0	247.251953125	137.46641540527344	664.76611328125	560.8546142578125	278.59454345703125	101.87792205810547	671.8637084960938	331.76824951171875	50.42356491088867	83.25228881835938	101.0461654663086	0.0	51.069942474365234	50.368263244628906
324.2955017089844	1017.5299072265625	1239.138427734375	1298.5372314453125	287.5292663574219	609.8955078125	1432.063232421875	1144.7396240234375	1091.249755859375	896.1636352539062	1117.9891357421875	286.71209716796875	1250.5552978515625	536.4629516601562	489.03509521484375	214.1065216064453	0.0	0.0	0.0	0.0	47.51448440551758	45.7776985168457	58.499454498291016	0.0	10.226313591003418	0.0	0.0	0.0	0.0	0.0	0.0	0.0	36.605262756347656	45.38783264160156	165.92750549316406	463.7272644042969	140.72976684570312	299.573486328125	371.0252990722656	319.4628601074219	605.3800048828125	553.81201171875	64.66409301757812	189.8399200439453	18.337865829467773	0.0	0.0	144.1810302734375	0.0	0.0	0.0	0.0	162.14305114746094	94.59259796142578	0.0	0.0	4.849756717681885	0.0	0.0	51.145687103271484	0.0	0.0	0.0	0.0	262.0625915527344	742.69482421875	894.417236328125	322.003173828125	174.36163330078125	121.3558349609375	699.3777465820312	585.1160278320312	457.2782897949219	646.2214965820312	610.3524780273438	316.5433349609375	769.9986572265625	777.8912963867188	261.99481201171875	264.2450866699219	0.0	495.5933837890625	615.5105590820312	777.0216064453125	37.37324905395508	334.1490478515625	731.4425048828125	1116.8704833984375	543.1329956054688	685.4560546875	822.2300415039062	623.72900390625	819.3833618164062	721.1683349609375	14.221606254577637	41.72005081176758	0.0	0.0	93.20497131347656	72.4010009765625	0.0	108.60319519042969	91.57388305664062	126.9624252319336	93.01264190673828	140.26954650878906	0.0	0.0	0.0	0.0	18.987985610961914	0.0	291.4815368652344	543.54345703125	423.6799621582031	482.4427795410156	47.76435852050781	150.75112915039062	144.94522094726562	306.9353942871094	433.5378112792969	827.9296264648438	828.7127685546875	821.2523803710938	653.232421875	642.511474609375	531.7620849609375	529.0061645507812	134.01438903808594	73.58777618408203	0.0	129.14797973632812	46.626747131347656	394.7860412597656	324.4750671386719	238.15872192382812	152.2080535888672	272.8700256347656	72.40917205810547	88.0626220703125	0.0	0.0	22.910980224609375	0.0	63.44316482543945	0.0	0.0	0.0	0.0	0.0	0.0	0.0	0.0	0.0	0.0	0.0	0.0	0.0	0.0	0.0	71.19376373291016	398.0548400878906	533.7565307617188	410.1075439453125	439.78057861328125	715.3048706054688	894.440185546875	526.6985473632812	423.2181701660156	540.2734375	771.7658081054688	431.9241027832031	534.0087280273438	645.1436767578125	666.2474365234375	337.0096130371094	33.38713073730469	434.5078430175781	351.8558349609375	158.6609649658203	294.9411315917969	515.4313354492188	177.67259216308594	258.7994689941406	0.0	274.4177551269531	335.3193664550781	203.8528289794922	625.0230712890625	646.1771850585938	491.5922546386719	312.011962890625	158.69522094726562	358.05810546875	192.1205596923828	111.47796630859375	196.0135498046875	57.965213775634766	222.80752563476562	19.387372970581055	372.8858642578125	276.6293029785156	308.7005920410156	0.0	357.700439453125	8.63680648803711	0.0	0.0	320.839599609375	206.03756713867188	550.8869018554688	454.9319152832031	0.0	48.324501037597656	1.1586487293243408	291.1761169433594	308.65228271484375	370.08514404296875	404.04510498046875	117.98564910888672	246.4708251953125	601.0055541992188	998.808349609375	716.7933959960938	241.66383361816406	254.76254272460938	464.24530029296875	551.2459106445312	272.5111389160156	689.0884399414062	760.74267578125	426.6383056640625	172.81581115722656	2.1483285427093506	0.0	102.1166000366211	237.8133087158203	537.5010986328125	947.8125610351562	682.745361328125	0.0	152.69351196289062	438.84796142578125	203.43882751464844	121.41452026367188	500.78228759765625	538.358642578125	341.84521484375	0.0	0.0	420.60369873046875	450.58050537109375	754.0717163085938	952.2750854492188	816.4329223632812	445.6737365722656
1365.3468017578125	1247.6795654296875	777.2852172851562	1247.2969970703125	1501.0936279296875	487.3294372558594	948.9165649414062	1627.5125732421875	1273.34423828125	646.1237182617188	972.8440551757812	1381.7474365234375	973.4244384765625	699.74658203125	730.679443359375	302.39727783203125	0.0	0.0	0.0	0.0	0.0	0.0	110.057373046875	86.12627410888672	0.0	0.0	96.46702575683594	69.532958984375	0.0	0.0	0.0	0.0	298.36895751953125	170.97637939453125	152.40753173828125	631.7451171875	175.69020080566406	175.11744689941406	169.63406372070312	546.5230712890625	401.96990966796875	502.1023864746094	347.0345458984375	170.28189086914062	305.2162780761719	249.1456756591797	0.0	54.20552062988281	0.0	0.0	0.0	0.0	0.0	108.24029541015625	87.34904479980469	0.0	0.0	190.641845703125	57.41420364379883	0.0	0.0	0.0	0.0	87.34496307373047	489.4403076171875	692.0299072265625	688.618896484375	118.6075439453125	437.1650695800781	343.5468444824219	244.64642333984375	387.7201843261719	287.70977783203125	311.0380554199219	829.7261962890625	823.9835205078125	519.6673583984375	849.8826904296875	876.7091064453125	390.6322021484375	630.1904907226562	1131.3009033203125	626.3429565429688	357.2450256347656	1259.3343505859375	1150.846923828125	0.0	967.73193359375	1080.781494140625	375.57781982421875	358.0326843261719	1115.462158203125	507.3680114746094	282.9454345703125	459.5586242675781	540.8388671875	66.6049575805664	73.86148834228516	58.5396728515625	98.48670959472656	103.74916076660156	103.54615020751953	54.40045928955078	115.7145767211914	77.99239349365234	86.09492492675781	0.0	80.21125793457031	8.778295516967773	0.0	0.0	3.58034086227417	146.02781677246094	522.7650756835938	601.6624145507812	431.5655517578125	223.04437255859375	370.16796875	143.3970184326172	272.35528564453125	682.5407104492188	706.955078125	630.79296875	577.9666748046875	1083.4769287109375	1096.267822265625	823.4976196289062	453.14910888671875	163.28115844726562	61.966007232666016	0.0	40.17683410644531	26.124191284179688	103.1178207397461	375.0907287597656	289.6534729003906	136.19186401367188	271.27630615234375	336.38458251953125	258.6380310058594	54.79726028442383	12.519340515136719	0.0	121.90422058105469	0.0	0.0	0.0	0.0	0.0	62.11787033081055	213.04135131835938	0.0	0.0	79.64668273925781	86.40801239013672	0.0	0.0	0.0	0.0	0.0	436.5101318359375	552.7118530273438	415.8076477050781	328.0871276855469	605.5698852539062	612.7619018554688	730.4879150390625	631.05517578125	681.4741821289062	462.9980163574219	882.7302856445312	875.3473510742188	569.0838623046875	398.227294921875	624.930419921875	655.408447265625	125.10762023925781	527.6276245117188	477.5074157714844	174.36167907714844	326.77850341796875	387.41033935546875	226.3723602294922	50.61471176147461	189.56051635742188	12.668521881103516	194.6813201904297	289.45916748046875	312.69744873046875	617.1604614257812	814.978271484375	569.71435546875	511.9013671875	325.3014221191406	0.0	22.01412582397461	533.0081787109375	69.24274444580078	59.166080474853516	61.03480911254883	364.843505859375	52.148590087890625	233.72308349609375	83.64466857910156	96.20507049560547	84.72997283935547	66.87487030029297	0.0	0.0	345.9517822265625	1047.7978515625	868.3272094726562	0.0	148.845458984375	116.0184555053711	491.74859619140625	185.08726501464844	160.87905883789062	3.7987911701202393	221.7384796142578	959.2828369140625	753.0877075195312	292.9577941894531	276.1097412109375	220.7181854248047	346.0618896484375	1028.230712890625	904.9974365234375	168.58245849609375	174.8769073486328	944.3159790039062	985.081787109375	0.0	382.6458740234375	336.70220947265625	183.31187438964844	595.2681274414062	391.3485107421875	398.6242980957031	441.577880859375	0.0	584.1407470703125	520.7268676757812	187.7998504638672	372.1119079589844	611.233154296875	440.78045654296875	0.0	413.79693603515625	340.2030334472656	0.0	451.3566589355469	522.6973876953125	590.9938354492188	999.5638427734375	957.219970703125
1002.5703735351562	1262.5205078125	473.3701477050781	962.190185546875	1320.55322265625	978.6072387695312	298.8211364746094	1493.163330078125	1332.231689453125	662.6470947265625	870.1611328125	979.9662475585938	843.3508911132812	613.4462280273438	607.5391235351562	201.69625854492188	48.54142761230469	0.0	0.0	0.0	0.0	0.0	16.406700134277344	112.89437866210938	0.0	0.0	0.0	19.160322189331055	0.0	0.0	0.0	0.0	304.2657775878906	445.6297607421875	53.256675720214844	425.8829650878906	191.3046875	29.664445877075195	422.36431884765625	467.1610412597656	239.88919067382812	479.9880676269531	611.6005859375	64.09285736083984	336.9673767089844	217.0283660888672	0.0	133.45654296875	0.0	0.0	0.0	0.0	0.0	0.0	159.3462371826172	22.896276473999023	0.0	169.210205078125	94.12242126464844	0.0	0.0	0.0	0.0	184.44044494628906	241.04490661621094	751.6815795898438	851.7360229492188	548.6759033203125	670.5271606445312	745.8109130859375	11.658746719360352	731.7767333984375	428.8037109375	307.255859375	1000.9067993164062	1006.8776245117188	484.6398620605469	1016.5441284179688	1053.77197265625	89.80062866210938	0.0	1151.1484375	863.04931640625	0.0	1085.328125	1174.15283203125	314.56695556640625	401.7444763183594	1340.12451171875	612.0562133789062	334.4798889160156	998.0385131835938	661.7655029296875	237.6439666748047	470.9773864746094	423.611083984375	36.03013610839844	64.08639526367188	0.0	9.098250389099121	38.29430389404297	87.73762512207031	83.1198501586914	117.49185180664062	74.98738098144531	106.9194107055664	0.0	24.40085792541504	62.87657928466797	0.0	0.0	19.029674530029297	94.43911743164062	638.3076171875	951.2845458984375	849.929931640625	299.2215881347656	373.2641296386719	275.46917724609375	270.7323303222656	456.6808776855469	628.0811157226562	746.4741821289062	534.4990234375	1342.6153564453125	1279.2774658203125	806.97119140625	207.59542846679688	161.98599243164062	194.62315368652344	0.0	0.0	147.12020874023438	0.0	441.19384765625	510.5689392089844	145.1706085205078	428.6454162597656	367.1078186035156	253.37652587890625	126.36885070800781	152.84268188476562	0.0	204.98634338378906	57.06734848022461	0.0	0.0	0.0	0.0	0.0	240.26148986816406	33.91801071166992	0.0	117.51638793945312	243.79896545410156	0.0	0.0	0.0	0.0	20.665056228637695	235.72747802734375	313.0447692871094	292.7298583984375	283.191650390625	574.6202392578125	592.6179809570312	523.6967163085938	720.817138671875	634.33154296875	611.5336303710938	465.3352355957031	812.0269775390625	549.6619873046875	543.0296020507812	545.375244140625	593.12158203125	0.0	412.6923522949219	779.8297119140625	491.8731384277344	340.6949462890625	545.2211303710938	541.98876953125	115.50308990478516	437.370849609375	323.80328369140625	192.80555725097656	579.5111083984375	317.6605529785156	733.8905639648438	866.6776733398438	812.2291259765625	328.4668884277344	286.5281066894531	0.0	0.0	461.9112243652344	144.4744110107422	0.0	4.3843536376953125	448.5475769042969	0.0	149.4875030517578	190.79653930664062	52.138648986816406	0.0	0.0	0.0	192.49139404296875	367.2735595703125	1054.041259765625	1058.928955078125	0.0	255.4314422607422	209.05819702148438	583.1583862304688	0.0	306.7814025878906	430.74493408203125	138.93519592285156	1079.9222412109375	575.7698974609375	289.8535461425781	205.36337280273438	327.3454284667969	304.7523498535156	866.3262939453125	1154.5672607421875	225.5701904296875	129.68014526367188	992.7786865234375	1453.8433837890625	3.3080928325653076	621.3521118164062	507.4940185546875	31.061994552612305	247.83407592773438	155.6385040283203	489.43475341796875	600.7369384765625	0.0	167.0382843017578	755.1676635742188	547.3931274414062	46.55834197998047	669.6165771484375	654.0802001953125	37.798858642578125	401.34185791015625	707.5681762695312	0.0	604.6558227539062	610.4569702148438	677.0509033203125	973.3973388671875	998.33642578125
1440.89306640625	755.6815795898438	1002.886962890625	1243.836181640625	1362.1666259765625	743.9000854492188	1212.653564453125	1401.3619384765625	1237.1943359375	779.7919311523438	1292.2486572265625	1206.5953369140625	409.3817443847656	333.8232421875	1310.134033203125	795.6925659179688	28.07577133178711	0.0	35.96709442138672	57.313358306884766	0.0	0.0	85.23883819580078	60.53423309326172	0.0	0.0	0.0	0.0	0.0	0.0	0.0	0.0	360.1199035644531	291.3475036621094	312.7763671875	549.1614379882812	381.3334655761719	395.716064453125	239.55853271484375	413.884521484375	76.65594482421875	125.31329345703125	270.93841552734375	385.168212890625	0.0	7.150420188903809	134.60292053222656	172.37112426757812	0.0	0.0	0.0	0.0	0.0	0.0	0.0	0.0	0.0	0.0	0.0	0.0	299.52374267578125	218.95916748046875	0.0	0.0	308.9300231933594	206.68447875976562	178.6483154296875	277.97296142578125	271.3245849609375	304.1806640625	612.7997436523438	384.80828857421875	539.207275390625	729.1619262695312	587.5426635742188	173.34841918945312	205.9108428955078	224.68917846679688	637.5653686523438	633.2178955078125	752.3505859375	1119.0640869140625	0.0	915.1173706054688	830.04736328125	913.6357421875	80.0901870727539	1047.2208251953125	750.85595703125	627.9414672851562	53.045654296875	841.4342041015625	359.4817199707031	229.213134765625	409.25396728515625	896.65576171875	173.59564208984375	157.2938232421875	12.853484153747559	98.26316833496094	129.73675537109375	88.81126403808594	16.728429794311523	192.28662109375	9.217622756958008	0.0	47.645450592041016	85.22420501708984	32.75901794433594	65.48448944091797	23.676563262939453	80.7475814819336	0.0	354.3344421386719	131.25677490234375	337.7297668457031	298.9237365722656	844.0293579101562	456.4161682128906	361.3477783203125	663.6943359375	1060.5782470703125	442.9455261230469	466.5363464355469	18.86020278930664	228.926513671875	296.11181640625	483.1925964355469	64.72664642333984	125.2492904663086	145.14596557617188	72.63848876953125	204.77981567382812	185.41848754882812	146.8905029296875	129.03819274902344	95.6757583618164	0.0	0.0	195.52365112304688	141.41448974609375	190.44964599609375	92.9989013671875	95.27983856201172	0.0	0.0	0.0	0.0	0.0	0.0	0.0	0.0	0.0	0.0	0.0	0.0	0.0	157.54371643066406	0.0	0.0	580.1699829101562	277.3710632324219	270.5342102050781	288.62652587890625	699.6826171875	364.27667236328125	773.0469970703125	632.6839599609375	756.031982421875	400.37384033203125	780.6708984375	621.2701416015625	632.1630859375	450.6690368652344	753.8857421875	448.0334777832031	102.53214263916016	121.26261138916016	0.0	63.70674133300781	47.76393127441406	0.0	122.70659637451172	118.91804504394531	373.10595703125	450.77264404296875	355.4202575683594	112.24269104003906	627.3230590820312	530.5457153320312	322.66693115234375	302.82354736328125	463.2799072265625	236.8505401611328	236.51792907714844	190.05751037597656	450.4665222167969	282.7770690917969	460.9186706542969	179.63577270507812	255.39260864257812	102.70014190673828	277.6688232421875	226.12965393066406	0.0	0.0	28.774394989013672	1.987941861152649	0.0	128.03350830078125	211.81802368164062	184.03318786621094	244.86300659179688	411.5495300292969	0.0	115.42974853515625	584.3740844726562	695.2423706054688	355.4873962402344	112.86392211914062	253.1981964111328	334.94659423828125	434.42181396484375	415.59814453125	233.8367462158203	96.68389129638672	430.7569885253906	250.14056396484375	134.82444763183594	0.0	437.8780517578125	298.457275390625	367.7391662597656	480.26226806640625	534.6248779296875	2.258084297180176	500.4561767578125	855.1620483398438	936.4947509765625	32.6385612487793	0.0	182.99737548828125	0.0	0.0	80.87956237792969	190.4974365234375	0.0	191.24916076660156	575.649658203125	566.5712280273438	414.9203796386719	388.2339172363281	823.9388427734375	672.6564331054688	136.41015625	450.65362548828125
472.7660827636719	1073.2125244140625	1124.745361328125	70.6446762084961	122.19962310791016	1202.811279296875	1183.2203369140625	25.12650489807129	84.76109313964844	1145.153076171875	1090.1783447265625	44.07570266723633	510.8267822265625	971.9391479492188	836.64013671875	75.26567840576172	0.0	0.0	0.0	8.194040298461914	16.702051162719727	0.0	0.0	8.118045806884766	0.0	50.04295349121094	0.0	30.129419326782227	0.0	0.0	0.0	34.384735107421875	0.0	198.9623260498047	403.397216796875	150.49386596679688	97.2015380859375	292.46417236328125	369.2247009277344	111.25994110107422	39.66059494018555	272.0857238769531	371.3525390625	149.86785888671875	63.263309478759766	114.60319519042969	143.80702209472656	88.78382873535156	6.258492946624756	0.0	0.0	4.318965435028076	110.83622741699219	0.0	0.0	0.6439008116722107	41.60842514038086	0.0	0.0	0.0	0.0	0.0	0.0	9.987334251403809	388.8106384277344	259.29522705078125	200.42327880859375	117.3224868774414	6.364633560180664	225.5110626220703	186.32337951660156	96.5919418334961	2.5828821659088135	137.08370971679688	129.0963592529297	65.01425170898438	351.7108154296875	839.3948974609375	605.5709838867188	320.0146179199219	270.50634765625	89.51395416259766	682.6072998046875	218.9526824951172	65.37327575683594	5.734786510467529	747.645751953125	238.093505859375	0.0	109.92446899414062	876.4940795898438	237.80221557617188	0.0	493.5044250488281	758.1852416992188	42.76675033569336	0.0	81.69324493408203	190.22344970703125	41.781707763671875	49.80712127685547	74.29704284667969	156.54151916503906	5.275345802307129	13.636150360107422	56.37521743774414	145.41995239257812	0.0	0.0	4.128409385681152	45.36906051635742	0.0	157.73797607421875	159.9267120361328	297.3401184082031	193.2642059326172	110.57182312011719	0.0	405.2106628417969	244.37405395507812	11.114449501037598	0.0	375.54803466796875	225.2433319091797	584.647705078125	806.5485229492188	849.0794677734375	453.7848205566406	0.0	30.668642044067383	152.65634155273438	36.16092300415039	163.6680145263672	186.745361328125	168.1004638671875	9.973114013671875	48.01195526123047	92.05377197265625	170.7257843017578	18.34069061279297	93.10118103027344	97.04056549072266	99.13936614990234	0.0	0.0	0.0	0.0	0.0	317.780517578125	106.93110656738281	72.26506042480469	0.0	106.2675552368164	0.0	0.0	0.0	0.0	0.0	0.0	0.0	234.8450164794922	564.7214965820312	287.868896484375	116.70171356201172	331.07757568359375	658.59912109375	287.12066650390625	96.82645416259766	46.371849060058594	720.0918579101562	397.8880615234375	133.3220672607422	121.44818878173828	848.4627075195312	483.0224609375	258.2923278808594	420.6148681640625	333.9864501953125	229.43002319335938	19.704113006591797	159.89639282226562	26.559181213378906	29.802396774291992	5.0467071533203125	0.0	12.712035179138184	2.33774471282959	0.0	23.404315948486328	306.4420166015625	288.60675048828125	126.72676849365234	40.42912673950195	167.51699829101562	98.42463684082031	3.5268070697784424	89.4509048461914	312.6079406738281	185.16932678222656	0.0	267.9128112792969	417.630859375	263.5853271484375	0.0	222.38787841796875	368.1305236816406	76.86056518554688	0.0	591.900146484375	515.9655151367188	144.0304412841797	7.628845691680908	86.32354736328125	0.0	126.56216430664062	4.154237270355225	30.973114013671875	0.0	70.09503173828125	15.215215682983398	450.36895751953125	555.810546875	758.1569213867188	142.3895263671875	667.613525390625	933.8311767578125	440.6222839355469	112.41488647460938	241.68374633789062	542.0410766601562	106.98085021972656	35.86612319946289	20.328283309936523	212.51966857910156	0.0	83.83534240722656	237.1868438720703	197.78964233398438	0.0	14.883188247680664	364.79541015625	297.1011962890625	344.2014465332031	131.3037872314453	153.6400146484375	0.0	86.50472259521484	5.980837345123291	13.925310134887695	0.0	146.5511016845703	41.42130661010742	0.0	234.33062744140625	500.6490783691406	217.21551513671875
1292.9278564453125	1016.6889038085938	380.2730407714844	197.53684997558594	1140.0272216796875	300.6896057128906	408.6359558105469	355.3250732421875	347.9642639160156	249.2578887939453	1506.0211181640625	1075.50927734375	418.3684997558594	407.4858093261719	1461.2191162109375	840.8980712890625	18.29470443725586	0.0	0.0	4.11892557144165	0.0	0.0	0.0	55.37356948852539	15.733291625976562	61.752342224121094	64.61163330078125	47.91705322265625	0.0	54.037445068359375	105.75591278076172	14.53961181640625	359.06182861328125	269.3616943359375	18.81475257873535	40.449195861816406	0.0	126.5782699584961	350.0812683105469	420.572509765625	104.08858489990234	91.79944610595703	529.2158813476562	607.3065795898438	389.52008056640625	300.2559814453125	185.03143310546875	40.12016296386719	0.0	0.0	5.806916236877441	111.29120635986328	0.0	41.54045486450195	203.0128936767578	227.19070434570312	249.7167205810547	258.5458984375	0.0	0.0	74.22871398925781	187.10726928710938	17.9495792388916	0.0	618.8720092773438	802.9442749023438	552.7349243164062	223.48963928222656	452.5249328613281	366.544677734375	444.8821105957031	239.96273803710938	86.12339782714844	150.7215576171875	328.99810791015625	495.13726806640625	388.3719482421875	678.5856323242188	1052.601806640625	711.913818359375	497.88568115234375	1158.9490966796875	424.1846923828125	280.22027587890625	699.4693603515625	706.4437255859375	0.0	50.40068054199219	356.66387939453125	217.9010467529297	0.0	772.33642578125	135.549072265625	0.0	686.0587768554688	1043.109130859375	58.932472229003906	41.486663818359375	31.54816436767578	78.71429443359375	6.151460647583008	4.089611530303955	25.7851505279541	38.5963134765625	80.27586364746094	88.76577758789062	95.3160629272461	116.55116271972656	0.0	0.0	41.49596405029297	69.34684753417969	228.8699188232422	569.896728515625	535.9667358398438	238.1936798095703	587.2544555664062	1115.976806640625	893.713623046875	645.8917236328125	91.97731018066406	0.0	7.2732319831848145	376.14068603515625	1203.15380859375	1289.5184326171875	888.0763549804688	475.3617248535156	135.8083953857422	12.371424674987793	0.0	157.3980255126953	0.0	67.06723022460938	63.111228942871094	197.6793670654297	245.4342041015625	236.0804901123047	211.25584411621094	152.13485717773438	123.08692169189453	395.1536865234375	362.16796875	95.12228393554688	0.0	0.0	0.0	0.0	0.0	0.0	0.0	155.60426330566406	0.0	0.0	0.0	0.0	73.92334747314453	143.908203125	0.0	0.0	380.4457702636719	440.81317138671875	550.5855102539062	528.21728515625	605.4120483398438	697.0049438476562	762.6535034179688	591.7893676757812	768.6001586914062	560.7251586914062	423.97442626953125	225.4120635986328	649.3056030273438	636.6785278320312	784.6497192382812	290.69775390625	203.8553466796875	643.820068359375	740.154052734375	683.85009765625	475.18548583984375	272.14947509765625	250.23495483398438	158.91851806640625	498.6659851074219	523.3406982421875	239.09323120117188	40.73619842529297	152.1093292236328	0.0	396.48236083984375	367.8595886230469	454.9053649902344	167.56166076660156	0.0	0.0	376.5795593261719	0.0	0.0	0.0	0.0	0.0	0.0	0.0	0.0	57.4855842590332	65.00115203857422	0.0	85.34835815429688	704.9861450195312	648.2302856445312	646.9993286132812	1056.5604248046875	1236.6986083984375	935.8284912109375	231.9259796142578	367.35662841796875	893.4463500976562	1142.4124755859375	418.4890441894531	1256.198974609375	676.755859375	0.0	291.3530578613281	305.2623291015625	531.8583374023438	1129.3057861328125	1178.381591796875	428.1038818359375	352.3671569824219	585.603271484375	543.3526611328125	785.5230102539062	1287.47119140625	1532.8284912109375	700.8377075195312	71.16079711914062	239.8133087158203	506.6535949707031	168.7967529296875	0.0	586.012451171875	778.0755004882812	830.43212890625	571.25830078125	684.9512939453125	200.76751708984375	165.28395080566406	869.2322387695312	842.0906372070312	336.54296875	138.74034118652344	138.69735717773438	63.3955192565918	207.3853759765625	501.5587463378906
666.9680786132812	297.9784851074219	189.08230590820312	182.94891357421875	808.8260498046875	479.5759582519531	91.19556427001953	104.73309326171875	520.4462280273438	389.05889892578125	693.9525146484375	576.872314453125	179.67965698242188	185.38824462890625	911.8494873046875	865.880126953125	0.0	24.86050796508789	80.52445220947266	25.371644973754883	0.0	0.0	28.37430763244629	90.72518157958984	8.391695022583008	0.0	0.0	47.10282897949219	0.0	0.0	82.65150451660156	5.204336643218994	252.05860900878906	307.1539611816406	190.70913696289062	171.4326171875	292.8506774902344	410.2834167480469	207.16110229492188	96.74605560302734	0.0	0.0	313.61083984375	461.3428955078125	163.84902954101562	237.6741180419922	142.67298889160156	318.96533203125	0.0	0.0	86.908203125	2.9697988033294678	0.0	0.0	141.5873565673828	76.32130432128906	154.10379028320312	173.37783813476562	0.0	0.0	123.92472076416016	168.7400665283203	0.0	0.0	139.08383178710938	194.4897003173828	79.42257690429688	96.9745864868164	270.8690185546875	541.2882690429688	460.9715881347656	222.84014892578125	240.98104858398438	243.96983337402344	208.93356323242188	119.33775329589844	113.07290649414062	294.2517395019531	621.415283203125	579.0116577148438	317.353271484375	343.481201171875	0.0	0.0	165.4837646484375	295.1390075683594	0.0	2.9668712615966797	204.4608917236328	328.4300842285156	0.0	289.4092712402344	0.0	18.58633041381836	11.216378211975098	508.4235534667969	120.2166748046875	109.04936981201172	75.03182983398438	24.027698516845703	49.444969177246094	0.0	0.0	0.0	21.832496643066406	34.481353759765625	3.9972445964813232	64.55364990234375	11.420221328735352	52.41399002075195	34.190025329589844	43.028324127197266	58.88755416870117	223.71791076660156	0.0	0.0	380.8871154785156	884.9437255859375	704.7364501953125	339.1297302246094	0.0	117.19728088378906	258.6838073730469	298.85845947265625	412.4313659667969	667.5659790039062	616.266845703125	310.617919921875	85.49154663085938	112.60906982421875	154.60203552246094	137.2916259765625	96.15045928955078	104.6622085571289	98.69406127929688	89.88797760009766	33.655616760253906	46.30671310424805	109.6227035522461	20.270719528198242	81.861328125	198.00535583496094	236.56460571289062	79.06938934326172	0.0	0.0	0.0	27.568174362182617	34.94674301147461	118.95059204101562	1.2029085159301758	0.0	0.0	0.0	0.0	0.0	36.03819274902344	137.03280639648438	0.0	0.0	375.2337951660156	353.32781982421875	345.70684814453125	138.92079162597656	433.1864318847656	353.93408203125	400.22137451171875	289.37420654296875	407.74884033203125	289.6296081542969	281.1598205566406	198.5009765625	357.9108581542969	369.766845703125	564.0234985351562	193.2251739501953	307.6884765625	320.5396728515625	395.4786376953125	174.15237426757812	45.22925567626953	77.88712310791016	150.596435546875	76.97830200195312	290.8957824707031	456.2685852050781	246.7473602294922	77.09195709228516	21.49356460571289	15.86868953704834	82.19136047363281	188.02621459960938	105.73340606689453	1.4478769302368164	0.0	0.0	53.659088134765625	0.0	0.0	0.0	48.70842361450195	0.0	0.0	16.93260955810547	8.288853645324707	0.0	0.0	0.0	80.3030776977539	106.9031753540039	351.1860656738281	287.03070068359375	580.5744018554688	725.9090576171875	462.4869384765625	44.5933952331543	213.16368103027344	745.751220703125	877.0538940429688	469.9514465332031	489.9075622558594	406.9939270019531	267.5581359863281	384.6180725097656	379.8477478027344	860.6884765625	877.4337158203125	571.8995971679688	270.01531982421875	82.20700073242188	0.0	95.54129791259766	358.02618408203125	934.3961791992188	1145.6651611328125	402.6996765136719	84.9657974243164	260.11358642578125	777.106201171875	558.2408447265625	241.1860809326172	417.7608337402344	416.039306640625	349.7882995605469	3.5741496086120605	34.36211395263672	128.94337463378906	111.84310913085938	342.6415100097656	475.8414001464844	317.68743896484375	200.19676208496094	0.0	79.01412963867188	0.0	75.00536346435547
1198.515869140625	454.5914611816406	253.564697265625	487.66864013671875	865.740478515625	478.9764099121094	418.43829345703125	1059.9434814453125	415.2855529785156	279.223388671875	516.0760498046875	1261.836669921875	196.88052368164062	96.64041900634766	531.5479125976562	1082.0162353515625	0.0	0.0	99.20568084716797	99.18547821044922	1.0486924648284912	0.0	2.8363704681396484	4.633915424346924	0.0	0.0	0.0	0.0	0.0	0.0	0.0	6.300185203552246	228.31927490234375	178.5313720703125	351.8711853027344	454.4725646972656	205.52032470703125	402.60009765625	376.1291809082031	346.20648193359375	18.661094665527344	0.0	0.0	418.68408203125	115.36229705810547	230.06141662597656	148.5417938232422	144.62916564941406	0.0	1.8718594312667847	1.689368724822998	9.936840057373047	0.0	84.94390106201172	0.0	0.0	4.270664691925049	68.95150756835938	48.739990234375	0.0	229.11476135253906	212.41151428222656	68.58231353759766	0.0	709.4019165039062	681.9849243164062	0.0	215.99359130859375	377.5229187011719	937.0094604492188	875.1615600585938	673.6295166015625	421.3283386230469	455.2655334472656	64.85458374023438	297.29327392578125	19.575775146484375	102.5604248046875	252.1055145263672	336.3936462402344	1190.4755859375	991.7281494140625	7.2486653327941895	135.9113006591797	982.2145385742188	2.267073392868042	146.36480712890625	278.6357727050781	350.59991455078125	147.5591583251953	116.43257141113281	614.3629150390625	0.0	0.0	0.0	692.961669921875	43.53950881958008	125.72119903564453	0.0	83.87178802490234	38.51338195800781	58.008262634277344	0.0	67.34796905517578	0.0	0.0	30.538366317749023	179.92393493652344	20.775928497314453	51.12898635864258	17.569862365722656	99.02896118164062	322.5970153808594	337.4110412597656	180.2821807861328	188.46385192871094	1251.45947265625	1093.4759521484375	699.708740234375	454.1548156738281	850.2299194335938	584.4215698242188	111.50118255615234	0.0	209.95339965820312	182.27027893066406	122.42321014404297	275.20501708984375	144.8401641845703	24.30600357055664	209.02252197265625	165.64308166503906	144.2506866455078	342.71099853515625	271.590087890625	0.0	0.0	0.0	201.54452514648438	143.40219116210938	188.71263122558594	156.0375518798828	198.0927734375	123.42059326171875	0.0	0.0	0.0	0.0	0.0	0.0	0.0	0.0	0.0	0.0	0.0	0.0	352.5992126464844	334.3506774902344	308.2853088378906	0.0	490.1851501464844	262.2600402832031	266.9967956542969	298.75274658203125	609.0411987304688	554.1927490234375	416.2844543457031	343.92510986328125	389.7969055175781	339.0239562988281	302.4756774902344	690.4710693359375	304.37152099609375	262.3952941894531	294.400146484375	677.7385864257812	381.3358154296875	336.4263916015625	164.7891845703125	0.0	379.6990661621094	136.51156616210938	297.64996337890625	294.676025390625	553.2421875	604.7242431640625	593.372314453125	257.59857177734375	274.2299499511719	183.0635986328125	102.06310272216797	131.2953643798828	414.8862609863281	0.0	18.317882537841797	47.95780563354492	251.32476806640625	0.0	83.47325134277344	153.82794189453125	0.0	0.0	149.26292419433594	98.65836334228516	0.0	0.0	247.69932556152344	123.03118896484375	0.0	239.7625274658203	106.5444107055664	47.19019317626953	375.9399108886719	464.4320983886719	526.530029296875	387.24041748046875	1013.982421875	563.8548583984375	250.74928283691406	143.67791748046875	54.45363235473633	167.34127807617188	84.2845687866211	177.5086669921875	227.85694885253906	306.10223388671875	386.5891418457031	266.10943603515625	109.11957550048828	598.4197998046875	452.2328796386719	91.7280502319336	838.1171875	829.0538940429688	825.9994506835938	763.5064697265625	824.7717895507812	836.7286376953125	409.7547302246094	220.62933349609375	81.03685760498047	469.84375	240.8309326171875	0.0	471.66796875	508.47509765625	4.4278693199157715	223.23947143554688	773.3657836914062	663.5498046875	576.9475708007812	337.7259521484375	304.20050048828125	130.8131561279297	0.0	211.9609375
695.1997680664062	1109.1707763671875	1046.35693359375	93.66353607177734	505.0418395996094	1353.6107177734375	894.3314819335938	154.5290069580078	671.7694091796875	1145.974365234375	782.6433715820312	633.8945922851562	665.84521484375	809.3442993164062	954.181640625	912.275390625	0.0	0.0	19.39903450012207	0.0	12.098581314086914	0.0	0.0	0.0	0.0	2.6181719303131104	0.0	50.606353759765625	0.0	0.0	0.0	28.157930374145508	1.2133512496948242	445.6621398925781	526.12744140625	261.19989013671875	0.0	299.7451477050781	202.8517608642578	258.6943359375	17.268138885498047	140.3809814453125	331.5472106933594	468.1856689453125	0.0	201.14230346679688	222.96681213378906	322.806396484375	0.0	0.0	0.0	0.0	26.344188690185547	0.0	0.0	0.0	0.0	0.0	0.0	0.0	0.0	0.0	0.0	0.0	369.6632080078125	209.92047119140625	483.6817321777344	307.66796875	86.5396499633789	511.2882080078125	577.99609375	99.38938903808594	170.20237731933594	313.3996276855469	202.02259826660156	119.26178741455078	215.28555297851562	151.86920166015625	675.117431640625	670.5643310546875	357.4939880371094	241.34458923339844	568.072021484375	301.9450988769531	111.30655670166016	662.6820678710938	847.8107299804688	98.03178405761719	0.0	1032.45849609375	504.1134338378906	388.12060546875	3.2447216510772705	417.89117431640625	121.68326568603516	544.4124145507812	34.25091552734375	138.734130859375	51.40665054321289	22.193527221679688	38.519893646240234	59.833885192871094	115.82536315917969	22.46957778930664	0.0	105.70540618896484	26.05398941040039	48.38057327270508	0.0	57.63176345825195	0.0	20.884061813354492	250.81253051757812	310.77630615234375	376.3196105957031	344.3902282714844	42.448036193847656	266.7960510253906	365.8326110839844	250.60403442382812	95.56981658935547	168.9181671142578	368.1497802734375	273.162353515625	88.93043518066406	756.88330078125	972.3430786132812	450.92254638671875	12.00890827178955	115.65070343017578	92.90078735351562	29.494882583618164	243.4453125	102.97798156738281	0.0	44.26600646972656	139.95130920410156	142.87269592285156	166.80325317382812	58.03032684326172	0.0	113.17779541015625	246.68359375	90.57941436767578	0.0	0.0	0.0	0.0	113.25586700439453	0.0	0.0	0.0	196.07264709472656	0.0	0.0	5.833651065826416	0.0	38.121517181396484	0.0	0.0	336.2224426269531	469.1545104980469	347.5191955566406	175.15077209472656	407.7548522949219	552.1145629882812	337.5632019042969	297.4458923339844	326.4358825683594	736.898681640625	483.74444580078125	285.3707275390625	527.6319580078125	527.6275634765625	708.3124389648438	235.83953857421875	297.5081787109375	223.5581817626953	73.4273910522461	152.61427307128906	215.49659729003906	196.4075164794922	257.0291442871094	194.68556213378906	21.744199752807617	320.0804138183594	122.03722381591797	22.73064422607422	245.12606811523438	100.9940414428711	58.43971252441406	214.9047393798828	102.93946838378906	105.16682434082031	78.70999145507812	0.0	206.92950439453125	230.56491088867188	144.76817321777344	0.0	365.3508605957031	294.0091552734375	0.0	0.0	323.7468566894531	275.58160400390625	165.99778747558594	0.0	453.5490417480469	413.39813232421875	368.96875	178.45806884765625	378.0035705566406	528.65185546875	491.89434814453125	70.59741973876953	49.49753189086914	0.0	612.6165161132812	407.3907775878906	270.8114929199219	843.4274291992188	140.700439453125	340.8507385253906	504.7144470214844	539.8662719726562	443.7764587402344	37.34943389892578	515.0831909179688	596.9763793945312	249.0152130126953	237.53787231445312	41.696773529052734	178.66256713867188	642.4689331054688	312.2225341796875	350.03363037109375	349.2552490234375	552.312255859375	436.70281982421875	148.34083557128906	169.3587188720703	33.45138931274414	169.61807250976562	248.4402313232422	0.0	380.7350769042969	248.0523681640625	0.0	292.53643798828125	308.42987060546875	29.51673698425293	86.99150085449219	288.6568603515625	19.93756103515625	113.21192932128906
492.2716369628906	442.4484558105469	1381.4075927734375	1094.781005859375	253.70115661621094	876.4803466796875	1524.8594970703125	748.2205810546875	186.46136474609375	1383.7120361328125	1332.61669921875	171.6551055908203	751.4037475585938	1392.09912109375	663.1087646484375	116.06202697753906	0.0	0.0	0.0	0.0	0.0	0.0	60.018211364746094	0.0	0.0	0.0	57.308475494384766	0.0	26.29196548461914	11.297861099243164	0.0	2.1060051918029785	294.7070617675781	85.60990142822266	271.8517761230469	379.94683837890625	29.495407104492188	296.7933654785156	326.5763244628906	160.52923583984375	221.97549438476562	161.3084716796875	185.37741088867188	122.97976684570312	48.489219665527344	211.46453857421875	195.54302978515625	50.33771514892578	0.0	0.0	0.0	0.0	275.1093444824219	144.40765380859375	0.0	0.0	237.76087951660156	73.15565490722656	0.0	89.67435455322266	0.0	0.0	0.0	60.70648956298828	787.7507934570312	906.6351318359375	754.0519409179688	337.4965515136719	164.00405883789062	133.69480895996094	671.4961547851562	639.3131103515625	58.425071716308594	367.209716796875	533.9113159179688	59.73134994506836	273.3659973144531	693.0573120117188	482.4403076171875	173.29730224609375	371.8707580566406	177.04307556152344	0.0	795.6150512695312	355.663818359375	0.0	1146.3743896484375	1040.5074462890625	0.0	327.21466064453125	1332.5477294921875	618.1116333007812	0.0	995.5934448242188	1204.958251953125	0.0	0.0	0.0	16.183631896972656	41.97776412963867	53.11050033569336	97.39080047607422	93.85266876220703	128.08135986328125	27.061077117919922	0.0	101.87635803222656	23.306901931762695	0.0	58.402217864990234	87.36297607421875	0.0	1068.20361328125	1133.7740478515625	712.8462524414062	494.97564697265625	0.0	0.0	172.74859619140625	332.3270263671875	229.6778564453125	151.9298858642578	358.9533996582031	458.01971435546875	274.66339111328125	474.7671813964844	631.9241333007812	342.2326354980469	103.101318359375	0.0	0.0	46.00111389160156	176.18353271484375	297.3509521484375	255.89642333984375	124.1253433227539	300.790771484375	311.40130615234375	194.9492645263672	146.7722625732422	124.37284851074219	41.82252502441406	102.4764175415039	65.37728881835938	0.0	0.0	0.0	0.0	0.0	118.437255859375	0.0	0.0	496.98516845703125	332.3644714355469	0.0	103.2990493774414	107.02686309814453	0.0	0.0	85.75984191894531	306.7045593261719	350.61181640625	385.5072937011719	399.12322998046875	408.8917541503906	432.6468200683594	742.5369262695312	442.783447265625	269.28680419921875	588.5700073242188	698.9388427734375	273.2370300292969	233.71295166015625	687.095703125	549.4641723632812	253.0350799560547	459.7443542480469	587.3936157226562	378.6184387207031	201.17161560058594	744.996337890625	573.26708984375	267.00299072265625	264.3454284667969	0.0	154.1803436279297	275.13787841796875	138.6117401123047	0.0	268.0948181152344	187.7228546142578	28.43696403503418	10.289843559265137	0.0	152.34893798828125	128.67076110839844	0.0	14.876703262329102	178.82907104492188	0.0	101.5597915649414	430.4818420410156	172.8455810546875	0.0	387.3286437988281	530.987060546875	77.72634887695312	0.0	772.2304077148438	683.7989501953125	644.5017700195312	291.740966796875	231.2020721435547	251.35330200195312	64.70939636230469	273.5003967285156	141.9023895263672	0.0	0.0	51.3001594543457	112.00910186767578	170.753662109375	345.389404296875	41.58293151855469	156.96804809570312	390.416015625	627.4755859375	486.34320068359375	905.4100952148438	1182.599609375	1179.1390380859375	523.8458251953125	131.21688842773438	171.109619140625	0.0	104.51317596435547	227.8494415283203	151.1229248046875	0.0	27.77362823486328	392.9062805175781	592.7223510742188	354.2896423339844	261.5451965332031	857.3312377929688	740.2055053710938	272.27789306640625	385.30584716796875	93.94539642333984	0.0	442.39654541015625	464.7435607910156	0.0	207.40953063964844	504.0259704589844	172.4297332763672
500.76422119140625	874.1422729492188	466.48602294921875	91.4852523803711	357.7109375	378.9776916503906	658.6829223632812	556.8654174804688	12.223013877868652	126.81173706054688	954.3543701171875	993.3306884765625	404.86212158203125	350.2322082519531	681.6661987304688	445.26434326171875	0.0	0.0	47.10533142089844	55.05049514770508	0.0	0.0	0.0	67.41545104980469	8.148447036743164	60.30113983154297	62.853004455566406	45.9207878112793	0.0	0.0	0.0	0.0	0.0	425.16839599609375	476.1551208496094	196.37667846679688	0.0	0.0	282.6980285644531	476.2115783691406	234.98541259765625	251.37278747558594	198.21185302734375	427.85906982421875	173.81764221191406	271.7823181152344	0.0	46.747562408447266	46.63679122924805	0.0	0.0	0.0	138.5782012939453	160.14218139648438	0.0	0.0	160.21678161621094	176.96652221679688	14.535429954528809	0.0	0.0	0.0	0.0	35.562660217285156	293.444091796875	791.1392211914062	567.0254516601562	153.30908203125	349.34222412109375	351.0284423828125	181.63320922851562	60.631683349609375	0.0	82.0715103149414	417.0335388183594	575.8174438476562	295.6794738769531	621.0382080078125	954.7301025390625	560.2864990234375	0.0	336.2704772949219	404.3955383300781	23.361337661743164	211.47254943847656	324.01434326171875	0.0	282.0035400390625	0.27164226770401	17.03085708618164	116.30641174316406	741.4032592773438	0.0	86.35263061523438	386.1871337890625	729.6211547851562	29.45728302001953	38.48546600341797	75.262939453125	0.0	0.0	36.45730972290039	0.0	92.4872055053711	68.84333801269531	37.123416900634766	45.771671295166016	50.13588333129883	0.0	0.0	0.0	22.380516052246094	596.979736328125	778.1867065429688	644.8252563476562	219.37094116210938	6.216371059417725	255.7375946044922	444.0242004394531	288.2401428222656	50.68608474731445	127.47236633300781	325.5889587402344	364.96014404296875	479.4845886230469	794.2255859375	634.2503662109375	333.8489685058594	130.450439453125	76.4177017211914	3.33286714553833	19.318750381469727	0.0	87.52227020263672	98.5387191772461	37.36723709106445	31.830217361450195	282.40777587890625	362.4253234863281	133.39874267578125	36.81974792480469	91.77660369873047	65.34210968017578	26.658546447753906	0.0	0.0	0.0	0.0	0.0	0.0	0.0	0.0	139.31842041015625	206.9516143798828	75.20111083984375	0.0	0.0	0.0	0.0	0.0	375.4043273925781	432.1269836425781	334.1462097167969	264.5708312988281	304.86651611328125	426.7294616699219	289.43414306640625	280.60052490234375	315.8523864746094	388.75250244140625	538.887939453125	227.60504150390625	174.0020751953125	290.7867126464844	671.5985107421875	338.6939697265625	102.5467300415039	183.9102325439453	210.5902862548828	94.06697082519531	416.9879455566406	528.9271240234375	231.52340698242188	66.89836120605469	113.29828643798828	42.194942474365234	64.36038970947266	148.63333129882812	84.50353240966797	192.0643310546875	520.7020263671875	340.1606750488281	170.49227905273438	59.59873580932617	10.627546310424805	0.0	88.25407409667969	0.0	0.0	20.269073486328125	4.0586628913879395	0.0	0.0	0.0	59.01835250854492	6.765583038330078	152.24502563476562	0.0	295.515380859375	605.3712158203125	530.5662231445312	35.59684753417969	312.0346374511719	709.6210327148438	903.41943359375	435.2005920410156	115.01296997070312	79.3375473022461	342.49420166015625	447.0682373046875	752.0078125	662.6541748046875	205.91111755371094	239.52615356445312	539.558349609375	812.930419921875	246.21055603027344	125.2649917602539	416.1263122558594	951.6287841796875	1006.1546630859375	287.3271789550781	39.70706558227539	362.8385925292969	861.3671875	645.5147094726562	282.58892822265625	106.66816711425781	38.855167388916016	172.68692016601562	0.0	20.801054000854492	174.822998046875	126.48605346679688	299.7004699707031	614.1874389648438	444.98828125	121.3534164428711	91.41680145263672	164.056640625	0.0	28.153562545776367	0.0	171.45712280273438	526.6218872070312	672.5247192382812
1390.524658203125	1068.1734619140625	432.35736083984375	552.1650390625	1297.967529296875	321.4610595703125	1114.154296875	618.1288452148438	1117.353271484375	713.2288818359375	1279.4964599609375	875.3599853515625	879.57177734375	792.8023071289062	806.04296875	536.61181640625	0.0	0.0	18.46115493774414	69.55506134033203	0.0	0.0	21.713998794555664	20.462215423583984	0.0	0.0	51.354366302490234	0.0	0.0	0.0	0.0	0.0	197.8720245361328	5.391376495361328	307.69903564453125	294.3046569824219	330.93609619140625	363.24786376953125	510.8673400878906	434.9561767578125	290.1944274902344	327.943115234375	339.132568359375	508.6680908203125	0.0	0.0	0.0	0.0	0.0	0.0	235.83042907714844	89.98177337646484	0.0	100.44346618652344	201.55323791503906	0.0	0.0	0.0	0.0	0.0	0.0	0.0	0.0	6.459857940673828	437.1826171875	699.3887939453125	68.44877624511719	132.02719116210938	185.26260375976562	89.33856964111328	484.0084228515625	523.9288940429688	301.7936096191406	497.7726135253906	641.8786010742188	735.3466186523438	272.3678283691406	543.3670654296875	696.8900146484375	769.9761352539062	724.6395263671875	1308.9168701171875	290.3021240234375	128.72230529785156	977.536376953125	984.7047119140625	328.8156433105469	674.6748657226562	684.390869140625	451.6068115234375	805.474853515625	742.1542358398438	178.91395568847656	149.4989776611328	417.1784973144531	367.99481201171875	62.37098693847656	81.48345947265625	85.43502044677734	44.89356994628906	176.81570434570312	119.96231842041016	84.39736938476562	49.65492630004883	119.66737365722656	9.351021766662598	66.52519226074219	76.44427490234375	26.323104858398438	0.0	0.0	8.163045883178711	142.64840698242188	307.6089172363281	129.89169311523438	30.97589874267578	43.97966766357422	438.81365966796875	445.4549560546875	586.7150268554688	654.8499145507812	914.1431884765625	441.38525390625	684.305908203125	451.4032897949219	861.9620361328125	887.1884155273438	691.2899169921875	107.81682586669922	41.07452392578125	255.10452270507812	207.6434783935547	53.23701477050781	282.9941711425781	334.3067932128906	274.99822998046875	70.17167663574219	167.01736450195312	105.05365753173828	76.15435791015625	115.06179809570312	0.0	0.0	72.82791137695312	0.0	0.0	0.0	0.0	0.0	143.83480834960938	199.61203002929688	0.0	0.0	0.0	0.0	0.0	0.0	0.0	0.0	0.0	485.6776123046875	468.5738220214844	570.0360107421875	361.9836730957031	683.0570678710938	428.345458984375	545.8887939453125	492.7446594238281	698.0170288085938	606.0347900390625	795.231201171875	575.3977661132812	674.9293823242188	649.6582641601562	803.3475952148438	676.8955688476562	297.07110595703125	592.3477783203125	642.1984252929688	285.1802673339844	283.16204833984375	74.12166595458984	0.0	112.84095764160156	76.72976684570312	0.0	172.70704650878906	190.45147705078125	410.9928894042969	635.2605590820312	653.4345092773438	485.85369873046875	485.2073059082031	195.72828674316406	0.0	0.0	471.9981994628906	109.17765045166016	129.7237091064453	0.0	301.0711364746094	410.96417236328125	336.0341491699219	6.290040969848633	0.0	210.91748046875	28.604482650756836	0.0	0.0	0.0	203.6232147216797	464.9365539550781	0.0	252.94705200195312	426.40118408203125	423.74365234375	722.3411254882812	220.46371459960938	314.08477783203125	533.7175903320312	1213.8951416015625	1007.8652954101562	432.40966796875	363.9143371582031	210.01072692871094	203.6514434814453	1064.588134765625	968.8828125	116.10816955566406	215.11328125	350.7413635253906	30.37157440185547	250.03062438964844	251.65159606933594	434.02587890625	558.6090087890625	786.1533203125	942.1867065429688	360.1230163574219	252.9597625732422	0.0	566.4797973632812	724.577392578125	365.0074157714844	259.351318359375	429.4275817871094	0.0	96.84074401855469	211.0895233154297	84.38106536865234	40.492767333984375	205.03131103515625	504.4971618652344	575.2576293945312	978.3442993164062	879.0301513671875
518.2037963867188	781.5556030273438	952.476806640625	102.85095977783203	202.44944763183594	1123.9967041015625	1310.512451171875	104.34159851074219	91.82299041748047	878.4042358398438	821.1663208007812	224.72763061523438	81.29513549804688	678.6098022460938	1229.893310546875	70.16740417480469	0.0	0.0	0.19156114757061005	20.807374954223633	0.0	0.0	0.0	0.0	0.0	0.0	0.0	0.0	0.0	6.64586877822876	0.0	0.0	0.0	309.3010559082031	657.677734375	369.3894348144531	83.21589660644531	174.01779174804688	342.8744201660156	212.0975799560547	42.965206146240234	15.73873519897461	630.4596557617188	364.660888671875	67.3286361694336	93.32075500488281	658.9307250976562	374.0724792480469	0.0	0.0	0.0	0.0	148.90882873535156	32.98988723754883	0.0	0.0	46.32008743286133	0.0	0.0	38.256065368652344	88.98756408691406	20.678632736206055	0.0	0.0	407.2107849121094	252.5282745361328	267.2894287109375	356.0220642089844	26.26311492919922	625.8150634765625	778.4933471679688	482.4498596191406	122.25956726074219	306.33306884765625	54.68848419189453	204.15281677246094	0.0	489.2011413574219	815.63623046875	482.72149658203125	257.5193176269531	0.0	312.01171875	402.6123962402344	32.9820556640625	0.0	770.5819702148438	406.57025146484375	7.935821056365967	125.94606018066406	514.23974609375	233.8049774169922	14.24854850769043	6.973268508911133	756.0374755859375	692.9991455078125	20.02345085144043	16.474123001098633	7.141881465911865	0.0	67.61961364746094	143.3209686279297	39.16126251220703	8.167746543884277	18.224939346313477	0.0	105.3150634765625	0.0	2.086203098297119	36.63190841674805	73.6402359008789	27.56899642944336	509.6318359375	746.1724243164062	607.1752319335938	592.8091430664062	317.9391784667969	363.4145202636719	376.6610107421875	403.23651123046875	89.27713012695312	130.69615173339844	491.375	425.1426696777344	196.97679138183594	452.35491943359375	438.9170227050781	444.4292907714844	0.0	0.0	51.442535400390625	31.329307556152344	239.90577697753906	253.36917114257812	56.586700439453125	0.0	19.804624557495117	0.0	177.61265563964844	182.80447387695312	30.36089324951172	275.0533752441406	170.50442504882812	114.62639617919922	0.0	0.0	0.0	0.0	264.6706237792969	19.458587646484375	0.0	0.0	103.52603912353516	0.0	58.51723098754883	51.98822784423828	6.127160549163818	0.0	137.85853576660156	17.995229721069336	239.51536560058594	268.0907287597656	366.1815185546875	275.2864685058594	346.13494873046875	507.0477600097656	498.44549560546875	186.19305419921875	111.10540771484375	569.5517578125	676.6997680664062	358.8371276855469	158.96563720703125	670.6643676757812	585.4728393554688	237.39707946777344	504.34942626953125	431.3526916503906	100.31332397460938	38.926597595214844	154.3892822265625	161.672119140625	429.3609619140625	326.7543029785156	166.63702392578125	274.3299865722656	337.8140563964844	0.70648592710495	111.10668182373047	129.5502471923828	169.42678833007812	163.38539123535156	0.0	0.0	47.96124267578125	0.0	0.0	229.53501892089844	0.0	0.0	214.8870086669922	190.13671875	50.56647872924805	0.0	134.922607421875	125.2157211303711	22.327285766601562	0.0	1171.5283203125	1183.6055908203125	993.938232421875	63.60335922241211	209.18875122070312	207.22003173828125	867.5963134765625	498.6133117675781	143.64852905273438	642.2063598632812	673.4839477539062	172.24192810058594	170.17556762695312	292.063232421875	737.7726440429688	274.6145935058594	1007.6336059570312	1295.46337890625	748.1190185546875	129.84303283691406	587.8412475585938	1296.751708984375	1222.442626953125	548.21630859375	110.09281921386719	504.0507507324219	283.844482421875	523.841796875	59.43876266479492	549.3924560546875	647.038818359375	0.0	554.7601928710938	410.2095947265625	183.10494995117188	98.02721405029297	208.7640380859375	0.0	282.63623046875	453.21026611328125	49.201595306396484	139.8050537109375	461.23077392578125	229.94412231445312	1.1277257204055786	80.80596923828125	50.96029281616211	116.5207290649414
1243.044677734375	789.468505859375	1297.6019287109375	565.4617919921875	991.6937866210938	1246.4339599609375	1413.036376953125	252.1774139404297	1333.3153076171875	1109.6802978515625	1238.2530517578125	621.694580078125	1096.70361328125	873.6752319335938	1356.2161865234375	582.5629272460938	23.095273971557617	0.0	0.0	0.0	0.0	0.0	35.98688507080078	0.0	0.0	0.0	0.0	0.0	0.0	0.0	0.0	0.0	200.2930450439453	288.3180236816406	659.8405151367188	558.3058471679688	387.9376525878906	405.83880615234375	246.77627563476562	101.21208953857422	88.05487060546875	74.24968719482422	547.94140625	605.10595703125	0.0	232.59921264648438	192.3041534423828	84.76789093017578	0.0	0.0	0.0	0.0	0.0	0.0	0.0	126.88424682617188	0.0	0.0	0.0	0.0	0.0	0.0	0.0	0.0	665.046875	662.299072265625	731.4362182617188	798.820556640625	190.58151245117188	716.0469970703125	820.2431640625	240.9380340576172	303.89422607421875	421.7499084472656	149.2396697998047	443.4640197753906	223.10719299316406	468.7488708496094	846.2297973632812	663.2388305664062	1081.2764892578125	1019.3999633789062	586.547119140625	730.6189575195312	629.9705200195312	478.5497131347656	1007.9329833984375	647.2850341796875	64.8243179321289	805.661376953125	246.7007293701172	600.9742431640625	114.5727310180664	372.1534423828125	756.4558715820312	806.79296875	61.88899230957031	129.94517517089844	59.801212310791016	16.819658279418945	97.19823455810547	81.87739562988281	130.07867431640625	42.07265853881836	10.921296119689941	115.59918975830078	117.46762084960938	59.26169967651367	0.0	75.68152618408203	18.1050968170166	19.007919311523438	192.5195770263672	269.751953125	669.573974609375	913.5896606445312	601.9561767578125	855.617431640625	659.9832763671875	451.60784912109375	133.42770385742188	286.5458679199219	412.9254150390625	569.5446166992188	228.1526336669922	934.0062255859375	831.3682861328125	459.8973388671875	67.73221588134766	190.34539794921875	258.70556640625	85.94384002685547	165.24510192871094	358.1174011230469	166.1939239501953	128.74575805664062	100.82970428466797	29.32765007019043	163.1611785888672	218.6300506591797	122.56954193115234	185.7098846435547	205.48898315429688	0.0	0.0	0.0	0.0	0.0	0.0	0.0	0.0	0.0	0.0	0.0	0.0	142.63525390625	0.0	0.0	0.0	0.0	426.940185546875	544.3128662109375	498.5116882324219	375.9703674316406	599.0442504882812	704.4909057617188	666.0209350585938	491.788330078125	497.7691650390625	657.7427978515625	669.8976440429688	529.9939575195312	688.250244140625	646.83642578125	840.6806030273438	188.74139404296875	398.82568359375	354.5562438964844	205.6857452392578	358.0003967285156	216.57464599609375	25.562036514282227	539.2166137695312	591.7060546875	289.23626708984375	419.40899658203125	263.676025390625	0.0	207.9173583984375	156.29820251464844	299.6169128417969	349.29119873046875	488.1940002441406	32.883697509765625	46.703941345214844	0.0	397.89276123046875	348.42767333984375	191.6791229248047	0.0	368.99468994140625	358.8779296875	0.0	0.0	216.514892578125	130.62135314941406	0.0	0.0	86.39389038085938	938.5147094726562	1044.5533447265625	799.8239135742188	538.0567016601562	133.855224609375	22.387880325317383	396.0726318359375	511.95538330078125	402.8973083496094	931.5808715820312	517.3030395507812	668.6483154296875	1170.307861328125	140.56036376953125	452.8900451660156	294.0438232421875	1179.7491455078125	1382.5423583984375	475.4126892089844	117.71538543701172	523.5945434570312	497.8108825683594	778.4707641601562	513.7452392578125	496.18701171875	945.2440185546875	271.65240478515625	388.5201416015625	346.84521484375	650.3823852539062	291.4747009277344	123.6842041015625	427.2839050292969	207.60926818847656	327.5863037109375	221.4670867919922	160.08270263671875	403.37774658203125	640.196044921875	225.14703369140625	503.0932922363281	482.6510009765625	250.6639404296875	153.53683471679688	158.2538604736328	221.46615600585938	428.3381652832031
631.8818359375	395.5775451660156	681.40966796875	861.1519775390625	351.1474304199219	314.04193115234375	1510.93505859375	1387.06103515625	0.0	841.4459228515625	1387.1346435546875	738.2255859375	574.8165283203125	1325.5574951171875	1061.707763671875	210.73902893066406	0.0	0.0	0.0	41.36909484863281	0.0	34.10813903808594	18.046199798583984	53.256526947021484	0.0	0.0	26.815603256225586	0.0	45.0575065612793	0.0	0.0	0.0	232.84974670410156	207.28314208984375	245.10067749023438	488.0939636230469	0.0	0.0	299.4205322265625	553.2468872070312	158.69541931152344	215.3921661376953	169.63433837890625	0.0	142.57730102539062	197.5789337158203	61.93794631958008	111.20731353759766	0.0	0.0	0.0	0.0	283.2326965332031	247.71304321289062	31.25605010986328	0.0	193.64276123046875	145.3867950439453	47.09637451171875	31.987459182739258	0.0	0.0	0.0	118.49483489990234	532.2374877929688	510.10064697265625	657.6851196289062	479.2961730957031	211.7894744873047	230.81129455566406	457.3841552734375	734.0403442382812	4.025247097015381	165.96841430664062	716.9028930664062	626.2987060546875	70.98127746582031	702.2533569335938	631.026611328125	41.81098556518555	255.91635131835938	0.0	0.0	384.9970703125	112.74694061279297	0.0	0.0	1016.9251708984375	0.0	0.0	1312.3970947265625	1318.9776611328125	0.0	923.2196655273438	1258.801025390625	337.3578186035156	0.0	0.0	0.0	0.0	50.234134674072266	58.223323822021484	137.3169403076172	167.52786254882812	37.7358283996582	25.81140899658203	28.70469856262207	39.50151824951172	8.649624824523926	36.26066207885742	74.57483673095703	57.7410888671875	1109.1815185546875	1229.9039306640625	1087.2171630859375	607.1029052734375	109.6878433227539	32.77967071533203	0.0	241.15313720703125	181.10440063476562	204.84486389160156	294.20855712890625	462.9085998535156	158.89688110351562	275.2503662109375	405.8095703125	408.9803161621094	0.0	0.0	0.0	0.0	216.5720672607422	244.9314422607422	258.1969299316406	178.8395233154297	167.32937622070312	352.7520751953125	334.5386962890625	198.7568817138672	138.9780731201172	149.4407501220703	19.560829162597656	116.77877807617188	0.0	0.0	0.0	0.0	38.981014251708984	0.0	0.0	0.0	342.4499206542969	405.34765625	0.0	0.0	84.47439575195312	0.0	0.0	112.61223602294922	234.80076599121094	341.9130859375	351.4230041503906	397.28955078125	405.5309753417969	351.84161376953125	624.9905395507812	474.5824279785156	235.79893493652344	247.4420166015625	716.2017822265625	488.4393005371094	76.07099914550781	587.5928344726562	650.3984375	357.2969970703125	524.8934936523438	397.0956115722656	300.8341369628906	169.41433715820312	565.9058837890625	640.6370849609375	445.79150390625	155.83555603027344	0.0	0.0	297.39495849609375	255.72116088867188	0.0	261.9258117675781	401.46026611328125	216.3222198486328	0.0	0.0	4.384531497955322	50.186920166015625	0.0	0.0	35.040626525878906	0.0	10.659955024719238	283.0438232421875	359.7112121582031	0.0	278.9676818847656	476.88775634765625	231.56895446777344	0.0	1171.88037109375	1202.0517578125	1040.854248046875	561.7913208007812	230.76669311523438	488.6645202636719	563.4338989257812	495.6553955078125	166.9300079345703	160.44322204589844	0.0	129.95628356933594	165.24746704101562	0.0	122.1839370727539	113.31494903564453	781.2518920898438	599.1106567382812	220.2711944580078	0.0	1221.325927734375	1376.8631591796875	1372.0765380859375	988.913330078125	1.0858179330825806	109.74918365478516	122.0516357421875	0.0	185.2675323486328	181.26548767089844	0.0	158.9685516357422	532.5113525390625	486.9571533203125	298.8609924316406	201.51031494140625	611.1591186523438	608.69482421875	464.6689147949219	187.07057189941406	60.58980941772461	0.0	124.98253631591797	514.9677124023438	0.0	0.0	672.6907348632812	631.98193359375
1193.78759765625	927.4175415039062	935.2996215820312	1292.13037109375	1244.3336181640625	633.719970703125	1172.892333984375	1094.80224609375	437.0715026855469	1201.2921142578125	1453.6514892578125	200.39004516601562	224.46588134765625	1412.2093505859375	1192.14453125	172.1588592529297	41.04736328125	37.977867126464844	11.61079216003418	70.60053253173828	0.0	0.0	0.0	138.3907012939453	0.0	0.0	0.0	0.0	0.0	0.0	82.57776641845703	0.0	369.5294189453125	504.2612609863281	246.28956604003906	397.8305358886719	127.88031005859375	202.0360107421875	174.6614990234375	154.2939453125	0.0	105.96867370605469	256.00079345703125	88.10345458984375	185.5760040283203	186.91299438476562	154.7239532470703	71.48408508300781	0.0	0.0	0.0	0.0	0.0	0.0	0.0	0.0	240.43450927734375	154.45932006835938	0.0	54.54235076904297	139.5006103515625	51.286006927490234	0.0	92.15814971923828	317.5504150390625	440.7539367675781	249.8924102783203	442.000244140625	656.2647705078125	550.7586059570312	556.9754638671875	557.2383422851562	263.20574951171875	169.39588928222656	513.4627075195312	165.61927795410156	107.71526336669922	728.82470703125	619.849853515625	95.00346374511719	111.59624481201172	918.0171508789062	383.54986572265625	1174.553466796875	669.233154296875	863.1663818359375	404.49176025390625	941.5230102539062	440.43182373046875	74.85955047607422	1015.82958984375	828.1480102539062	0.0	616.0908203125	1215.123291015625	88.9911880493164	53.790504455566406	104.43048858642578	17.102359771728516	111.80976104736328	0.0	18.218881607055664	0.0	87.90890502929688	54.58091354370117	54.16799545288086	75.49727630615234	118.5420913696289	51.23173904418945	39.222774505615234	83.01054382324219	43.57322311401367	62.798648834228516	278.4457702636719	253.00277709960938	203.35374450683594	564.8563842773438	943.4332885742188	616.4796752929688	502.8314514160156	0.0	0.0	106.90287017822266	330.7327575683594	266.508544921875	339.688232421875	522.6493530273438	377.4498596191406	137.2908172607422	77.41082763671875	143.0812530517578	111.64327239990234	0.0	66.81962585449219	99.32610321044922	95.53023529052734	240.253662109375	279.5360412597656	112.10533905029297	85.1383056640625	359.50048828125	361.7542724609375	164.1306610107422	90.0422592163086	0.0	0.0	0.0	0.0	0.0	0.0	0.0	0.0	7.296764373779297	0.0	0.0	0.0	355.92547607421875	123.96420288085938	0.0	46.264366149902344	342.9186706542969	349.48773193359375	364.7148742675781	536.00732421875	564.03662109375	373.6085205078125	737.4437255859375	699.8108520507812	580.4324951171875	446.7532653808594	648.9912719726562	355.8072814941406	357.2600402832031	696.0411376953125	625.861328125	237.33193969726562	0.0	136.6188201904297	36.8793830871582	151.96133422851562	403.5758972167969	173.89068603515625	318.836181640625	265.4591979980469	642.0263671875	407.3356018066406	324.1481628417969	117.0169448852539	0.0	220.23716735839844	243.82179260253906	113.91154479980469	392.9241638183594	201.3192138671875	309.5171203613281	233.990478515625	390.0217590332031	125.2817611694336	365.35260009765625	107.394775390625	0.0	23.400903701782227	100.76050567626953	0.0	79.35316467285156	227.72103881835938	0.0	0.0	104.7015151977539	101.8077621459961	146.71739196777344	98.91416931152344	782.4666137695312	1003.5831909179688	54.46331024169922	47.57646942138672	458.2486572265625	824.9282836914062	294.4727478027344	196.7018585205078	315.3926086425781	0.0	172.064453125	81.6861801147461	180.936279296875	77.2951889038086	435.0025634765625	339.0050048828125	312.8702087402344	4.0648369789123535	203.4133758544922	71.98535919189453	612.2706298828125	1269.9820556640625	1034.82763671875	197.5148162841797	96.23738861083984	327.1002197265625	212.28981018066406	167.58078002929688	0.0	69.20651245117188	75.86326599121094	43.673179626464844	227.39105224609375	445.1573791503906	91.08909606933594	495.9358215332031	887.4417114257812	783.2164916992188	431.1730041503906	554.7838134765625	93.22474670410156	0.0	459.6006774902344	302.2259521484375
687.8591918945312	785.3533935546875	742.7495727539062	504.1106872558594	635.5830688476562	985.4781494140625	683.1597900390625	155.7610321044922	445.327392578125	1200.9033203125	420.3881530761719	160.59213256835938	1067.9879150390625	1058.59423828125	149.97630310058594	95.17568969726562	25.015201568603516	0.0	0.0	0.0	0.0	0.0	0.0	0.0	62.2880973815918	85.89256286621094	0.0	11.588167190551758	0.0	12.516797065734863	0.0	8.71767807006836	115.12723541259766	237.80191040039062	172.09031677246094	194.8833465576172	0.0	229.11854553222656	317.07489013671875	14.72146987915039	116.88257598876953	194.60528564453125	109.79456329345703	99.00492858886719	157.29183959960938	294.1606140136719	25.6075496673584	0.8919041752815247	0.0	0.0	6.007473468780518	0.0	0.17569732666015625	0.0	0.0	64.48588562011719	42.67233657836914	58.66224670410156	113.96615600585938	90.01498413085938	0.5307504534721375	0.0	104.05683135986328	53.27409362792969	228.3056640625	455.3280944824219	358.12042236328125	500.7272033691406	290.0992431640625	162.216064453125	548.8082275390625	306.68585205078125	52.29494094848633	388.215087890625	350.9386901855469	51.96346664428711	482.12237548828125	546.6034545898438	160.78060913085938	73.86196899414062	0.0	672.6625366210938	473.0398254394531	425.5280456542969	93.91741943359375	234.12063598632812	704.0379638671875	361.9692687988281	26.19013786315918	972.3912963867188	887.5836791992188	11.878279685974121	76.632080078125	1093.26806640625	391.5893249511719	0.0	0.0	71.81858825683594	35.36753845214844	103.02954864501953	0.0	75.06720733642578	30.94403839111328	14.221850395202637	73.8997573852539	92.23214721679688	121.5971908569336	11.72767162322998	32.2497673034668	67.14540100097656	0.0	0.0	232.98013305664062	291.24395751953125	364.9794006347656	140.9642333984375	162.03695678710938	613.0538940429688	692.92333984375	318.4437255859375	16.6251163482666	99.69451904296875	275.522216796875	84.00909423828125	328.25396728515625	541.4807739257812	456.2025146484375	27.599014282226562	89.97880554199219	40.75796890258789	109.1056137084961	142.4487762451172	0.0	32.619667053222656	80.61712646484375	77.9593276977539	172.4970245361328	178.38233947753906	100.50782775878906	98.50874328613281	96.1614761352539	157.28562927246094	141.10415649414062	58.19839096069336	71.06051635742188	0.0	0.0	0.0	0.0	0.0	0.0	74.80182647705078	66.61858367919922	0.0	65.72461700439453	133.0347442626953	6.3964738845825195	4.50211763381958	44.9864501953125	58.9831428527832	180.05612182617188	287.02825927734375	548.4151000976562	319.8907775878906	486.2921142578125	293.03265380859375	567.86962890625	246.97682189941406	449.93939208984375	564.8684692382812	379.6860656738281	223.224853515625	446.1623840332031	621.2702026367188	298.1374206542969	71.86331176757812	0.0	214.6059112548828	457.3448791503906	309.64666748046875	282.8002624511719	202.01820373535156	227.37022399902344	205.8900604248047	93.87694549560547	281.83477783203125	252.30166625976562	43.30661392211914	158.4379425048828	191.40419006347656	78.23294830322266	14.241313934326172	244.2587890625	305.2818298339844	0.0	0.0	275.8619079589844	81.81248474121094	146.1700439453125	0.0	175.3755645751953	280.9986877441406	0.0	0.0	328.072265625	205.35504150390625	0.0	0.0	133.97378540039062	76.426513671875	349.67266845703125	391.8869323730469	396.4678039550781	588.33837890625	185.46803283691406	169.27256774902344	111.99883270263672	0.0	176.5091094970703	69.4668197631836	122.24520874023438	129.36949157714844	34.82532501220703	33.379798889160156	186.32943725585938	174.25823974609375	844.09326171875	627.5581665039062	423.7474060058594	490.1989440917969	91.904296875	103.27978515625	290.73809814453125	672.0364379882812	541.5657958984375	238.89505004882812	200.54139709472656	0.0	12.903254508972168	52.71743392944336	0.0	83.57925415039062	363.8111267089844	428.8589172363281	165.24705505371094	323.17919921875	375.9949951171875	477.70208740234375	16.78233528137207	138.2558135986328	430.5058898925781	260.8838806152344	0.0	391.21905517578125	330.03076171875	0.0
580.3709716796875	452.1301574707031	652.1824340820312	193.09829711914062	172.1686248779297	495.74761962890625	1433.288818359375	411.4130554199219	37.88117218017578	1007.7196655273438	1319.95751953125	196.5687713623047	458.6284484863281	1326.2652587890625	683.9382934570312	210.96839904785156	0.0	0.0	0.0	34.02773666381836	0.0	107.49381256103516	22.61325454711914	53.50457000732422	23.872066497802734	0.0	33.0020637512207	0.0	55.77408981323242	2.7914628982543945	0.0	0.0	60.7755012512207	108.4922866821289	526.2799682617188	363.8025817871094	78.61669921875	12.601630210876465	614.1783447265625	539.7600708007812	107.3421630859375	108.8231430053711	140.91928100585938	75.37601470947266	72.6846923828125	85.46774291992188	22.68051528930664	100.03996276855469	0.0	0.0	0.0	0.0	230.78736877441406	131.7225341796875	0.0	0.0	171.17108154296875	58.1414909362793	0.0	0.0	0.0	0.0	86.18185424804688	95.25190734863281	649.9126586914062	589.6148681640625	257.29437255859375	177.3247833251953	0.0	276.6984558105469	380.18243408203125	486.9022216796875	20.443878173828125	239.5496368408203	666.4662475585938	405.5380554199219	126.84586334228516	473.73919677734375	513.2298583984375	14.177072525024414	370.6288757324219	126.48649597167969	0.0	206.95127868652344	202.56349182128906	0.0	494.5610046386719	837.3373413085938	0.0	0.0	1290.18212890625	935.8350830078125	3.3003177642822266	954.4854125976562	1293.6287841796875	0.0	0.0	0.0	18.195409774780273	0.0	56.90403366088867	45.30726623535156	108.30059814453125	69.55656433105469	14.15555477142334	38.90775680541992	84.65933990478516	38.61495590209961	3.20015811920166	24.699522018432617	78.1964340209961	0.0	917.8678588867188	1037.7529296875	667.3547973632812	422.3255920410156	204.7501678466797	128.15768432617188	83.79443359375	316.06396484375	127.04623413085938	114.57555389404297	326.6210632324219	430.6005859375	60.906288146972656	90.18651580810547	367.5494079589844	317.5400085449219	0.0	0.0	0.0	3.8826403617858887	196.28555297851562	306.6511535644531	179.27984619140625	37.840614318847656	111.33609008789062	300.874755859375	295.8816833496094	23.002634048461914	143.94337463378906	48.457763671875	56.596683502197266	112.7034683227539	0.0	0.0	0.0	0.0	197.7779998779297	288.25042724609375	0.0	0.0	365.741455078125	329.95831298828125	0.0	0.0	107.75970458984375	0.0	0.0	84.04208374023438	178.2657928466797	263.11517333984375	364.75372314453125	259.0102233886719	321.3352966308594	334.9085388183594	405.98919677734375	203.5157470703125	134.47926330566406	364.73126220703125	741.2274169921875	157.81031799316406	33.77056121826172	590.8284912109375	627.2406616210938	256.7972106933594	620.2294311523438	498.9519958496094	128.12643432617188	49.02962112426758	391.10504150390625	331.519775390625	172.3331756591797	34.92539596557617	0.0	0.0	156.6782684326172	202.7528533935547	0.0	345.7198181152344	273.11761474609375	127.07017517089844	0.0	0.0	69.1880874633789	0.0	0.0	2.308744430541992	0.0	0.0	103.13102722167969	397.3847961425781	228.68707275390625	0.0	319.53472900390625	462.15478515625	26.86703872680664	21.506746292114258	802.075439453125	1155.412109375	945.8182983398438	64.08570861816406	0.0	500.19696044921875	959.3718872070312	376.9925231933594	137.79531860351562	92.39134216308594	0.0	294.68829345703125	90.2742691040039	0.0	74.20274353027344	71.82669830322266	569.8551635742188	661.2036743164062	340.4290771484375	116.91896057128906	845.4925537109375	1419.09765625	1302.76416015625	328.145263671875	82.05095672607422	120.65303039550781	147.62673950195312	109.41688537597656	170.75347900390625	151.6587371826172	0.0	132.7823944091797	578.5730590820312	594.3080444335938	211.62986755371094	140.0164031982422	526.4696044921875	397.15478515625	23.644548416137695	76.00051879882812	62.09309768676758	0.0	203.06239318847656	381.28790283203125	0.0	71.3236083984375	599.6300659179688	447.9094543457031
27.273290634155273	1023.792724609375	1443.3878173828125	283.2160949707031	293.9153747558594	1457.97314453125	1193.620361328125	162.5146484375	1044.016845703125	1416.0294189453125	199.71231079101562	174.5121307373047	1203.3160400390625	887.449462890625	196.46945190429688	59.45366287231445	6.785464286804199	42.24862289428711	56.47914505004883	0.0	43.27638626098633	0.0	50.96767807006836	0.0	50.03669357299805	43.73926544189453	0.0	13.954107284545898	0.0	0.0	0.0	15.399323463439941	62.15152359008789	89.268310546875	251.3245086669922	81.20852661132812	61.97342300415039	193.0811004638672	176.58993530273438	83.30460357666016	75.82551574707031	177.7593231201172	65.50714111328125	78.28947448730469	0.0	0.0	90.10150909423828	0.0	19.471607208251953	0.0	0.0	25.799291610717773	0.0	0.0	0.0	61.76933288574219	0.0	0.0	52.71236801147461	61.72077560424805	0.0	0.0	69.26732635498047	13.672506332397461	18.897235870361328	142.40101623535156	513.98486328125	289.67913818359375	61.39016342163086	375.7987365722656	438.7158203125	32.171875	166.49375915527344	453.83465576171875	214.20481872558594	32.1418342590332	531.3909912109375	667.2765502929688	23.28399085998535	50.15715789794922	13.30811882019043	0.0	1344.356201171875	1144.3099365234375	4.071052074432373	651.7093505859375	1402.2860107421875	233.04710388183594	0.0	1402.600830078125	1209.888427734375	7.105163097381592	492.1492919921875	1110.429443359375	55.354454040527344	7.7651567459106445	5.466028690338135	0.0	134.23031616210938	90.72766876220703	2.7184739112854004	45.4085578918457	107.69173431396484	39.163761138916016	17.21381378173828	106.4599609375	95.0489273071289	0.0	0.0	63.008758544921875	0.0	0.0	25.246458053588867	0.0	198.37059020996094	403.4522399902344	31.15228843688965	0.0	460.8452453613281	409.61663818359375	13.104676246643066	272.9117736816406	486.63800048828125	130.16673278808594	252.8441619873047	449.2935791015625	421.93231201171875	10.670117378234863	70.44316101074219	145.62139892578125	112.87200927734375	74.26473999023438	155.05072021484375	90.62152862548828	112.78199768066406	77.2704086303711	150.83859252929688	100.71473693847656	112.0822982788086	81.98290252685547	47.1829719543457	22.21112632751465	98.09758758544922	69.68290710449219	98.67076110839844	89.16818237304688	0.0	0.0	120.59326171875	0.0	0.0	74.07591247558594	90.49657440185547	0.0	13.197111129760742	73.12601470947266	0.0	0.0	86.33198547363281	28.895755767822266	24.480785369873047	209.72848510742188	606.8748779296875	196.0816192626953	27.734392166137695	664.0670166015625	674.6622314453125	252.5679473876953	244.42002868652344	717.1754760742188	396.593994140625	214.8759307861328	577.789794921875	690.066650390625	309.1121826171875	61.90125274658203	28.873048782348633	0.0	190.06874084472656	185.58982849121094	0.0	208.38076782226562	226.18553161621094	89.45800018310547	0.0	231.5816192626953	133.86485290527344	5.7246575355529785	435.72796630859375	398.0132141113281	150.1193084716797	11.147404670715332	87.49193572998047	477.34210205078125	416.38140869140625	30.23649787902832	307.1831970214844	499.86614990234375	188.10400390625	19.898975372314453	486.5916748046875	468.55413818359375	22.514862060546875	0.0	446.67303466796875	65.30766296386719	0.0	0.0	76.29956817626953	61.94635009765625	0.0	130.90255737304688	62.75925064086914	0.0	60.477210998535156	76.482666015625	36.639747619628906	0.0	115.88080596923828	51.5003662109375	3.4045114517211914	151.42076110839844	127.27657318115234	55.67844009399414	111.05616760253906	178.98590087890625	198.93756103515625	74.43182373046875	137.13511657714844	152.71815490722656	0.0	89.9580307006836	152.2003173828125	136.13999938964844	0.0	80.82060241699219	188.49050903320312	0.0	128.22500610351562	61.89061737060547	17.867334365844727	0.0	173.83363342285156	436.7385559082031	0.0	0.0	507.7713317871094	447.12603759765625	0.0	303.1219787597656	542.0743408203125	91.12680053710938	195.89447021484375	741.8714599609375	511.0491638183594	0.0
1153.6351318359375	1380.3621826171875	576.92041015625	242.58746337890625	1362.9942626953125	1160.21484375	371.03875732421875	215.70846557617188	1142.853515625	913.8665771484375	1176.143798828125	251.83053588867188	806.6322021484375	862.1785888671875	951.5794067382812	206.6562957763672	40.32928466796875	0.0	0.0	11.316603660583496	0.0	0.0	0.0	85.25967407226562	0.0	0.0	0.0	0.0	0.0	0.0	0.0	0.0	225.0758819580078	240.3587188720703	65.54961395263672	186.9099578857422	138.1042938232422	431.41253662109375	565.0892944335938	211.5086212158203	27.47842025756836	378.86175537109375	644.0320434570312	437.2828063964844	0.0	0.0	0.0	83.22465515136719	0.0	0.0	87.93907928466797	48.80788803100586	0.0	0.0	207.27978515625	92.74433898925781	0.0	0.0	0.0	0.0	65.80641174316406	0.0	0.0	0.0	294.1086730957031	629.3110961914062	556.8037109375	50.268829345703125	367.4521179199219	264.5216979980469	241.52003479003906	224.6877899169922	242.02391052246094	425.1414489746094	663.913330078125	597.5452880859375	260.884033203125	629.3734130859375	805.9971313476562	467.23944091796875	0.0	1268.411376953125	1214.977294921875	0.0	453.6138000488281	945.2391357421875	240.23219299316406	116.23169708251953	333.91357421875	658.7687377929688	399.0600891113281	507.7501525878906	205.1226348876953	142.4916534423828	524.1504516601562	295.3131103515625	40.49550247192383	92.43502807617188	86.0458984375	19.39383316040039	63.20123291015625	46.68038558959961	79.72186279296875	0.0	40.88911056518555	85.55201721191406	19.31090545654297	3.127216100692749	0.0	0.0	0.0	0.0	20.650453567504883	203.2841339111328	283.14166259765625	141.5634002685547	81.16360473632812	761.259765625	679.1712036132812	289.4683837890625	270.3321533203125	557.7554931640625	504.3924560546875	625.8978881835938	250.5126190185547	826.4490966796875	710.8070678710938	467.59002685546875	132.26377868652344	129.61907958984375	93.21194458007812	194.21432495117188	0.0	126.95259857177734	180.83840942382812	168.65426635742188	25.35137939453125	78.07875061035156	40.861663818359375	56.295677185058594	105.92050170898438	42.006675720214844	0.0	0.0	26.0351619720459	0.0	0.0	24.237674713134766	0.0	0.0	0.0	40.79490280151367	0.0	0.0	0.0	0.0	0.0	0.0	0.0	0.0	322.1590576171875	621.494873046875	533.758544921875	242.55726623535156	553.693359375	624.3872680664062	564.6573486328125	351.453125	636.9564819335938	610.6510620117188	412.0673828125	226.72879028320312	631.1741943359375	611.534423828125	657.1416015625	199.11802673339844	0.0	428.7970275878906	438.8641662597656	302.16278076171875	177.80662536621094	204.1692352294922	60.13655090332031	48.27970886230469	196.40724182128906	65.52706146240234	39.597347259521484	116.01722717285156	354.6437683105469	575.7955322265625	533.1913452148438	322.3690185546875	528.6487426757812	474.67437744140625	0.0	0.0	583.318603515625	329.7850341796875	103.9189682006836	0.0	315.3497009277344	303.99090576171875	29.282773971557617	0.0	128.3147735595703	103.16767883300781	0.0	0.0	84.43755340576172	0.0	218.07583618164062	221.61526489257812	0.0	476.6455078125	218.50181579589844	84.83675384521484	401.0853271484375	857.0917358398438	795.4749145507812	387.03765869140625	677.682373046875	801.2982177734375	772.7955322265625	660.5679321289062	194.74021911621094	240.14759826660156	359.76141357421875	492.91229248046875	170.46774291992188	0.0	320.22222900390625	350.22760009765625	328.7524719238281	495.3914489746094	856.7958374023438	95.54072570800781	414.7684326171875	542.98779296875	396.8411560058594	406.0048522949219	0.0	308.4287414550781	571.8599853515625	490.8370666503906	0.0	389.3478698730469	412.0649719238281	58.79066848754883	194.6350860595703	316.3437194824219	0.0	87.22374725341797	434.842529296875	576.6756591796875	823.9144287109375	643.507080078125
1359.8157958984375	353.3284912109375	495.3822326660156	763.60888671875	1403.053955078125	55.92683029174805	292.03021240234375	1256.878173828125	798.1508178710938	124.9888916015625	102.2401123046875	1257.3314208984375	871.6776733398438	197.74826049804688	523.9192504882812	991.794921875	0.0	0.0	0.0	0.0	26.583749771118164	0.0	31.44042205810547	40.547760009765625	0.0	22.1035099029541	49.81909942626953	39.08687973022461	0.0	0.0	92.26892852783203	17.011157989501953	320.6102294921875	0.0	57.69340896606445	510.1768493652344	237.2039337158203	178.87786865234375	15.872344970703125	318.83489990234375	368.18670654296875	228.7577362060547	154.32290649414062	245.16555786132812	434.8251953125	383.6042175292969	225.30899047851562	146.92613220214844	0.0	81.47798919677734	66.54434967041016	0.0	0.0	211.75848388671875	169.7234649658203	0.0	0.0	46.1671142578125	67.62387084960938	0.0	0.0	0.0	0.0	0.0	504.01275634765625	589.4229736328125	235.81126403808594	304.1090087890625	357.510498046875	4.359071731567383	276.5306396484375	247.15162658691406	58.37619400024414	79.96249389648438	1.1394753456115723	268.3603515625	361.2471923828125	435.0145568847656	766.1159057617188	938.7958374023438	993.6060180664062	922.47607421875	0.0	0.0	1194.5189208984375	382.05523681640625	0.0	0.0	787.3135375976562	40.413509368896484	50.21182632446289	301.5534973144531	142.30926513671875	63.282569885253906	0.0	706.36767578125	59.91921615600586	96.75564575195312	58.11923599243164	59.15660095214844	126.85445404052734	115.8673324584961	34.26573181152344	3.930180788040161	178.7618865966797	0.0	7.620471477508545	68.31404113769531	0.0	0.0	0.0	59.65432357788086	483.6740417480469	508.8139343261719	359.9703063964844	408.37884521484375	352.87548828125	407.1504821777344	106.3260726928711	21.96031379699707	465.6332092285156	261.8961486816406	22.60702133178711	63.183189392089844	792.89501953125	1142.4556884765625	1012.7084350585938	531.5575561523438	20.8205509185791	0.0	96.03060150146484	19.645401000976562	133.40267944335938	116.69745635986328	282.2691345214844	291.8782653808594	128.0105743408203	116.0125503540039	105.31627655029297	206.2404022216797	91.2967529296875	0.0	201.58689880371094	106.04662322998047	0.0	0.0	0.0	0.0	69.20883178710938	301.4557800292969	231.77920532226562	0.0	0.0	70.23614501953125	132.65744018554688	0.0	0.0	0.0	0.0	0.0	334.19073486328125	349.96124267578125	364.25323486328125	291.6425476074219	674.276611328125	360.7400207519531	359.6234436035156	338.2293701171875	552.0474243164062	317.0488586425781	122.81432342529297	781.68212890625	328.6905212402344	445.5132141113281	373.1726989746094	806.696044921875	401.4322204589844	604.8126220703125	614.51318359375	188.6589813232422	277.7620849609375	219.90733337402344	167.29893493652344	131.87745666503906	115.67705535888672	15.391124725341797	12.001617431640625	17.512361526489258	104.99263000488281	8.539650917053223	53.312320709228516	432.86224365234375	159.0225372314453	0.0	0.0	19.71869659423828	283.03082275390625	0.0	0.0	106.47504425048828	213.64779663085938	0.0	190.59432983398438	325.11993408203125	196.1067657470703	21.759994506835938	140.90719604492188	299.529052734375	622.1835327148438	564.4560546875	1216.1571044921875	1172.5950927734375	44.54725646972656	178.79930114746094	24.423227310180664	820.0973510742188	171.1641387939453	65.54911041259766	82.80673217773438	0.0	1240.0052490234375	712.4939575195312	380.0821533203125	109.85404968261719	770.662353515625	804.1813354492188	1399.9111328125	1181.3782958984375	240.90914916992188	414.3462219238281	714.259765625	949.96533203125	0.0	160.61819458007812	143.62208557128906	278.9809265136719	578.441650390625	98.21361541748047	288.8157653808594	233.5889129638672	207.24127197265625	692.494140625	634.133544921875	295.22357177734375	356.4681091308594	431.42266845703125	0.0	0.0	379.3019104003906	134.06631469726562	8.299116134643555	0.0	172.9424591064453	29.103561401367188	0.0	324.3732604980469
530.9721069335938	1154.4857177734375	1037.9783935546875	1406.7886962890625	1317.322998046875	1218.3836669921875	1412.8609619140625	1595.3690185546875	1319.72119140625	901.965087890625	1420.295166015625	477.1487121582031	815.559326171875	890.6483764648438	785.3856811523438	234.39610290527344	60.92938995361328	0.0	14.996465682983398	0.0	16.811460494995117	0.0	0.0	81.62403106689453	6.9007086753845215	0.0	16.321863174438477	0.0	0.0	0.0	0.0	0.0	255.44996643066406	255.6503143310547	90.41616821289062	483.4443664550781	196.93414306640625	79.55204010009766	329.6398620605469	379.9429626464844	119.71672058105469	265.408935546875	264.014404296875	36.0220832824707	258.8027648925781	188.1793975830078	0.0	92.62483978271484	0.0	0.0	0.0	0.0	0.0	0.0	17.396862030029297	0.0	0.0	47.414024353027344	3.291809558868408	63.19524002075195	0.0	0.0	1.8981775045394897	106.11724853515625	18.15038299560547	787.9260864257812	898.1890258789062	318.2939147949219	611.0540771484375	704.9779052734375	323.5953369140625	634.744140625	488.2589416503906	132.4236602783203	683.1185302734375	401.558837890625	439.19091796875	985.2523193359375	926.4517211914062	21.033111572265625	5.167988300323486	855.4603881835938	1138.1138916015625	700.318359375	639.2977905273438	1359.773193359375	395.8423767089844	1159.9130859375	1252.908935546875	980.0093994140625	1197.908203125	1342.439697265625	523.486083984375	373.1948547363281	713.2727661132812	72.9358139038086	28.602365493774414	46.440086364746094	116.74059295654297	106.24342346191406	47.021602630615234	88.92738342285156	118.20886993408203	78.96273803710938	83.34111785888672	103.22836303710938	49.278316497802734	69.28163146972656	36.55569839477539	0.0	27.492938995361328	0.0	42.31280517578125	332.5478515625	252.10728454589844	311.6730651855469	216.66299438476562	258.89898681640625	298.54803466796875	394.2275085449219	215.98318481445312	400.2063293457031	193.9877166748047	497.1358642578125	1156.705810546875	1222.910888671875	396.4541320800781	407.8431091308594	154.71432495117188	178.3564910888672	55.31804275512695	141.1846160888672	173.07708740234375	5.584010601043701	289.4163818359375	312.5197448730469	1.0569452047348022	310.1531982421875	248.97816467285156	164.33602905273438	153.2743377685547	209.43106079101562	30.18400764465332	135.78372192382812	79.05886840820312	0.0	0.0	0.0	0.0	0.0	0.0	21.01578712463379	0.0	0.0	0.0	0.0	0.0	0.0	0.0	91.9758529663086	68.32917785644531	401.917236328125	586.4618530273438	510.3166809082031	422.4367980957031	527.7202758789062	813.6048583984375	726.032470703125	648.3538208007812	545.8408813476562	820.3961791992188	522.5127563476562	617.2537231445312	674.4378662109375	834.6428833007812	358.89306640625	0.0	212.4319305419922	384.4531555175781	304.2942810058594	197.06137084960938	404.0335693359375	282.1073303222656	155.3893585205078	421.5162658691406	316.22119140625	314.9371643066406	262.4373779296875	269.7276306152344	655.9254760742188	586.8543090820312	202.67391967773438	197.59303283691406	400.6382751464844	290.15399169921875	124.46282196044922	436.5015869140625	384.6632995605469	301.7251892089844	173.2101593017578	508.4005432128906	261.1379699707031	325.7584228515625	36.91070556640625	4.175034523010254	208.8932647705078	0.0	0.0	164.63555908203125	16.73148536682129	672.4940795898438	678.8824462890625	62.42056655883789	186.32745361328125	0.0	257.0218505859375	0.0	148.31997680664062	0.0	148.28382873535156	1182.8861083984375	491.62921142578125	263.79052734375	108.57793426513672	222.260986328125	277.87054443359375	390.8408203125	713.540771484375	221.83970642089844	148.5599822998047	356.0303649902344	414.68377685546875	105.84974670410156	520.383544921875	334.9232482910156	0.0	499.44573974609375	41.13117599487305	0.0	139.3533477783203	0.0	0.0	414.0635070800781	319.243408203125	0.0	443.5895080566406	424.3843078613281	218.01771545410156	388.09478759765625	504.0522155761719	153.0533905029297	555.0642700195312	535.3458251953125	479.7084045410156	862.7427978515625	652.6901245117188
640.0809936523438	304.37713623046875	1277.0244140625	1183.02880859375	490.95001220703125	184.3278350830078	1498.1729736328125	1360.0511474609375	186.1973876953125	415.893798828125	1387.873291015625	917.8248291015625	155.57745361328125	645.0960083007812	1273.3116455078125	337.79315185546875	48.4283447265625	0.0	0.0	0.0	0.0	0.0	45.9553108215332	7.335759162902832	0.0	5.079091548919678	4.275142192840576	0.0	0.0	9.142003059387207	7.787558078765869	0.0	400.3689880371094	91.5159912109375	306.1107482910156	521.3953857421875	0.0	192.13043212890625	285.8081970214844	420.2154541015625	185.92715454101562	221.4998016357422	241.4364776611328	141.48658752441406	75.37568664550781	0.0	263.4649353027344	110.0506591796875	0.0	0.0	0.0	0.0	47.12147521972656	115.24052429199219	0.0	0.0	233.0445556640625	102.89483642578125	0.0	0.0	117.76756286621094	0.0	0.0	0.0	808.0243530273438	720.1829223632812	553.9788818359375	201.2787322998047	823.4605102539062	37.58873748779297	284.6280822753906	285.5572509765625	137.4237060546875	125.8079605102539	308.28680419921875	303.8311462402344	107.76183319091797	146.47056579589844	364.43463134765625	256.4654846191406	660.58984375	365.40521240234375	0.0	695.3112182617188	1002.205322265625	32.926517486572266	196.19386291503906	1038.374755859375	0.0	0.0	762.0845336914062	1233.997314453125	19.761363983154297	0.0	1043.393310546875	1110.58544921875	65.1972885131836	0.0	48.518310546875	108.65575408935547	21.414899826049805	16.15448570251465	141.93881225585938	175.11618041992188	64.26530456542969	9.257286071777344	137.3108367919922	95.14997863769531	0.0	0.0	152.8439178466797	47.815494537353516	663.0145263671875	549.19580078125	333.5882873535156	462.2543640136719	504.55224609375	187.9945068359375	0.0	467.8711242675781	201.84678649902344	51.41858673095703	0.0	431.2020568847656	107.78636169433594	81.03887939453125	240.8533477783203	510.8802185058594	180.52450561523438	72.47721099853516	0.0	78.52892303466797	0.0	239.27833557128906	229.3592987060547	221.62464904785156	203.19851684570312	177.6077880859375	179.5623779296875	214.53736877441406	149.5703125	115.90813446044922	135.11900329589844	156.97940063476562	0.0	0.0	0.0	0.0	0.0	212.28097534179688	0.0	0.0	297.1967468261719	286.42633056640625	0.0	0.0	249.11093139648438	104.57688903808594	0.0	0.0	274.1357116699219	243.46826171875	359.5227355957031	207.78013610839844	347.6543273925781	309.5303649902344	719.3414306640625	325.6316223144531	411.7032165527344	177.62879943847656	754.68798828125	307.4622497558594	149.3563995361328	227.16836547851562	692.5670776367188	260.5770263671875	152.6299285888672	486.0358581542969	334.9675598144531	156.61834716796875	590.3759155273438	527.6722412109375	90.97676849365234	61.33919906616211	233.47714233398438	0.0	86.27446746826172	39.602622985839844	41.689327239990234	0.0	150.32301330566406	14.53426456451416	51.643924713134766	9.840582847595215	86.13387298583984	113.0968246459961	0.0	76.73809814453125	277.39117431640625	175.4460906982422	0.0	369.9195556640625	400.7087097167969	187.0189666748047	0.0	466.2884826660156	367.1997985839844	124.52283477783203	213.51535034179688	489.26373291015625	803.0369873046875	380.3387756347656	354.414306640625	116.86618041992188	3.1417551040649414	204.35377502441406	154.09188842773438	198.61827087402344	0.0	119.8776626586914	48.0269889831543	0.0	0.0	101.5953140258789	220.63323974609375	311.1250915527344	901.9244384765625	532.2879638671875	444.4529724121094	540.2052001953125	775.5711059570312	388.8739318847656	394.6728515625	306.1719970703125	101.8450927734375	0.0	134.50189208984375	185.01220703125	140.41229248046875	0.0	20.060527801513672	332.2999572753906	239.94737243652344	154.9784393310547	667.0491333007812	579.6060180664062	36.10159683227539	59.4268684387207	772.2479858398438	0.0	35.2213020324707	262.7900390625	0.0	0.0	229.90415954589844	340.24517822265625
911.2160034179688	1038.575927734375	1255.494140625	1241.625	652.381103515625	1196.1156005859375	1183.57958984375	847.6075439453125	868.8263549804688	1510.69580078125	944.6514282226562	192.625244140625	1112.8203125	732.7360229492188	1112.4849853515625	84.0225830078125	0.0	0.0	0.0	67.46627044677734	0.0	0.0	0.0	23.76461410522461	17.903711318969727	0.0	0.0	0.0	0.0	0.0	0.0	0.0	93.99129486083984	107.29832458496094	334.3498229980469	632.90380859375	0.0	563.3599243164062	375.8688049316406	0.0	123.102783203125	182.27420043945312	528.783203125	401.8148498535156	0.0	0.0	307.7330017089844	176.837890625	0.0	0.0	0.0	0.0	1.2231416702270508	0.0	0.0	0.0	0.0	0.0	0.0	67.28337097167969	0.0	0.0	0.0	0.0	283.32037353515625	480.55767822265625	316.6612548828125	596.5765380859375	165.04833984375	147.42691040039062	743.6709594726562	625.0479736328125	241.1536865234375	708.0269165039062	652.364013671875	246.09666442871094	472.5712585449219	552.0	800.2021484375	529.376220703125	0.0	1013.0629272460938	399.0096740722656	785.0797119140625	12.11677074432373	138.33682250976562	886.670654296875	931.0911865234375	0.0	960.9035034179688	755.0146484375	405.3675231933594	346.7083740234375	907.2203369140625	515.0248413085938	476.33416748046875	0.0	94.97103118896484	93.4801025390625	72.14851379394531	27.370542526245117	132.80502319335938	46.91090774536133	58.024784088134766	85.95545959472656	82.8171615600586	131.40835571289062	35.414710998535156	0.0	34.89405059814453	19.092065811157227	14.925442695617676	102.59603118896484	202.116943359375	199.00970458984375	358.2941589355469	14.71280288696289	487.8288269042969	625.2660522460938	340.5595703125	140.41598510742188	345.900146484375	395.21844482421875	417.781005859375	242.87747192382812	884.4478149414062	572.8677368164062	468.1830139160156	98.6444320678711	50.827903747558594	268.7545471191406	164.27023315429688	11.19880485534668	149.46771240234375	347.1029052734375	128.7630157470703	249.8394775390625	294.2349548339844	78.17859649658203	226.8323211669922	0.0	85.64299011230469	100.35034942626953	0.0	0.0	0.0	0.0	0.0	0.0	34.95577621459961	0.0	0.0	0.0	0.0	0.0	29.538679122924805	0.0	0.0	0.0	0.0	291.3324279785156	503.41473388671875	509.6251525878906	305.8124694824219	577.85595703125	429.41009521484375	748.3718872070312	284.8495178222656	551.4627685546875	665.4596557617188	651.5712280273438	388.97705078125	543.5399780273438	695.0414428710938	682.9006958007812	220.010986328125	105.81771087646484	464.4448547363281	424.44354248046875	56.49967956542969	187.9794464111328	100.10785675048828	259.2843017578125	286.418212890625	0.0	254.85397338867188	330.4654235839844	117.20986938476562	367.5245666503906	282.73931884765625	324.2762451171875	234.89517211914062	320.56280517578125	395.4294128417969	0.0	0.0	322.34197998046875	225.1774139404297	415.3728332519531	0.0	334.6336975097656	396.7226867675781	179.65049743652344	0.0	434.1998291015625	212.01329040527344	0.0	0.0	108.07003784179688	1.5594655275344849	858.0628662109375	582.4269409179688	324.0491638183594	754.1640014648438	0.0	345.73828125	132.1727752685547	334.0530700683594	632.0217895507812	55.62357711791992	337.1689758300781	285.6463623046875	489.218505859375	321.9004211425781	254.95684814453125	210.0542449951172	1185.2452392578125	824.0494384765625	398.8633117675781	507.2382507324219	377.43701171875	229.4440460205078	275.63092041015625	583.5675048828125	278.1923828125	248.85716247558594	246.1990509033203	164.0318145751953	494.78167724609375	55.30966567993164	0.0	366.88482666015625	378.2475891113281	246.4669952392578	73.2252426147461	220.38497924804688	166.6800079345703	466.0796203613281	0.0	0.0	397.5915222167969	524.7039794921875	98.47972106933594	482.599609375	336.8126220703125	349.8903503417969
835.3331298828125	1003.5884399414062	731.9365234375	952.795654296875	743.05322265625	1211.84619140625	804.6270141601562	854.6123046875	1030.2041015625	1434.094482421875	738.6669311523438	153.59632873535156	1139.275390625	726.3157348632812	228.80674743652344	82.09561157226562	12.789795875549316	0.0	0.0	0.0	0.0	25.15472412109375	0.0	0.0	46.14725112915039	24.197471618652344	0.0	0.0	0.0	0.0	0.0	25.68480110168457	109.57801818847656	196.66094970703125	244.9742889404297	500.8311462402344	82.75328826904297	627.0283813476562	488.46295166015625	0.0	288.5665283203125	266.35308837890625	161.80982971191406	181.98504638671875	148.8150177001953	0.0	117.29619598388672	68.77971649169922	0.0	0.0	0.0	0.0	0.0	0.0	0.0	7.208974838256836	0.0	0.0	0.0	197.9947052001953	0.0	0.0	32.669681549072266	91.83251190185547	274.9837646484375	567.0736694335938	326.8065185546875	938.3162841796875	162.90406799316406	303.47308349609375	796.5322875976562	1032.931640625	530.066650390625	587.62109375	394.6638488769531	126.41152954101562	720.4563598632812	721.0023193359375	333.4480285644531	75.82872772216797	0.0	891.0380859375	620.3004150390625	423.9667053222656	0.0	396.97393798828125	770.6524047851562	620.020751953125	383.3261413574219	901.0245361328125	1027.125732421875	48.68806838989258	788.6036376953125	646.671142578125	399.2251281738281	0.0	0.0	87.6136474609375	40.17852783203125	22.796287536621094	0.0	128.405517578125	43.81515121459961	0.0	94.19277954101562	79.4581298828125	104.0029067993164	55.48649597167969	0.0	0.0	0.0	0.0	93.44326782226562	82.15612030029297	185.84036254882812	532.0661010742188	12.504343032836914	587.1500244140625	868.3035888671875	511.3393249511719	94.13469696044922	347.6702880859375	373.3414001464844	189.9104461669922	654.2709350585938	707.205078125	442.61773681640625	164.60816955566406	105.90906524658203	12.48375129699707	233.08941650390625	288.9131774902344	0.0	221.53201293945312	376.7703857421875	0.0	256.32373046875	274.91265869140625	14.227185249328613	180.12930297851562	0.0	0.0	13.488751411437988	110.34513092041016	56.89784240722656	0.0	0.0	0.0	0.0	0.0	0.0	0.0	0.0	0.0	0.0	315.84747314453125	0.0	0.0	84.0360336303711	145.4681854248047	224.48768615722656	417.4237060546875	517.8151245117188	410.0001525878906	569.3049926757812	523.50146484375	689.78076171875	456.1239929199219	657.043212890625	644.5701904296875	450.8973693847656	419.1028137207031	532.322265625	751.4610595703125	356.89898681640625	229.5148162841797	20.21001434326172	414.8744201660156	439.72442626953125	100.07083892822266	144.21615600585938	106.53377532958984	441.0014343261719	720.2039794921875	0.0	316.9397277832031	479.9126892089844	362.0461730957031	452.7955627441406	522.8296508789062	224.81468200683594	6.702706336975098	367.8918762207031	355.18353271484375	0.0	0.0	363.5505065917969	190.67681884765625	115.93409729003906	0.0	474.33526611328125	352.5404357910156	122.47393035888672	0.0	433.9555969238281	77.47071075439453	0.0	0.0	100.03841400146484	242.21615600585938	821.5322265625	654.39892578125	211.90127563476562	622.9134521484375	78.59693145751953	383.27325439453125	0.0	147.4271697998047	89.60464477539062	127.562744140625	373.1912536621094	292.64666748046875	368.35205078125	39.08195877075195	215.77947998046875	253.14382934570312	1377.588134765625	1183.7239990234375	386.0283203125	451.76910400390625	498.36199951171875	390.5651550292969	298.6163024902344	505.97650146484375	275.1338195800781	472.6570129394531	116.9041976928711	0.0	109.72915649414062	61.0416145324707	0.0	329.2719421386719	449.3396301269531	301.1831970214844	0.0	218.00828552246094	217.04898071289062	752.5198364257812	0.0	196.35804748535156	467.4236145019531	675.817626953125	572.0433959960938	803.1533203125	589.13720703125	50.93461608886719
493.34954833984375	642.4744873046875	593.2447509765625	1161.4315185546875	1079.0013427734375	657.9963989257812	706.0863037109375	1435.906494140625	983.4063720703125	534.4215087890625	1144.3870849609375	1121.886474609375	432.9259338378906	462.50701904296875	571.8128662109375	215.1573486328125	44.424339294433594	54.593868255615234	0.0	0.0	0.0	0.0	0.0	80.23649597167969	0.0	0.0	0.0	76.45173645019531	0.0	0.0	0.0	0.0	374.7607116699219	397.79925537109375	339.6125793457031	226.8494110107422	307.9363708496094	0.0	247.42108154296875	446.9394226074219	237.8108673095703	471.70404052734375	545.8655395507812	188.39601135253906	325.5064392089844	125.02190399169922	0.0	144.30039978027344	38.06038284301758	0.0	0.0	0.0	0.0	0.0	77.6879653930664	9.340347290039062	32.398155212402344	244.7484893798828	78.27006530761719	0.0	0.0	0.0	2.249401807785034	127.55509185791016	26.720935821533203	858.059326171875	1072.2374267578125	946.1201171875	883.224853515625	994.3933715820312	298.27911376953125	707.4971313476562	517.8198852539062	458.3510437011719	1048.2777099609375	829.7776489257812	344.3550720214844	941.2728271484375	942.7525024414062	0.0	0.0	460.8814697265625	551.31201171875	344.0838623046875	983.743896484375	903.0670776367188	444.96575927734375	1022.0460205078125	1070.6402587890625	276.95245361328125	443.7833557128906	1181.886962890625	361.5323791503906	217.94529724121094	535.8604125976562	320.5247497558594	32.07188415527344	22.19564437866211	19.675065994262695	47.87458038330078	24.17182731628418	3.652832269668579	41.9909553527832	116.04021453857422	45.71254348754883	81.7426986694336	21.943735122680664	56.973995208740234	63.224403381347656	0.0	0.0	11.417159080505371	329.4983825683594	784.6858520507812	735.0056762695312	549.85693359375	569.1739501953125	598.5731201171875	160.9353790283203	147.544677734375	652.9550170898438	643.375244140625	699.2650756835938	399.58953857421875	1295.38916015625	1169.80517578125	636.9866333007812	282.80572509765625	217.4814453125	248.609619140625	187.0868377685547	0.0	193.01950073242188	0.0	303.7065734863281	356.5457458496094	78.84376525878906	404.0281677246094	491.7407531738281	176.9283905029297	91.38156127929688	101.12844848632812	0.0	216.2161407470703	27.158952713012695	0.0	0.0	0.0	0.0	0.0	0.0	36.009395599365234	0.0	131.5920867919922	100.02947998046875	0.0	0.0	0.0	0.0	59.92903518676758	177.57752990722656	290.27691650390625	311.2567138671875	493.9579162597656	322.7540588378906	440.55615234375	520.6008911132812	853.6973876953125	615.0130004882812	628.4950561523438	617.5055541992188	805.972412109375	515.307373046875	485.540771484375	586.4560546875	545.4940795898438	0.0	0.0	545.2720947265625	519.1040649414062	382.9124755859375	743.437255859375	801.8723754882812	281.41815185546875	574.4404296875	541.9378051757812	358.8937072753906	475.3209228515625	386.59429931640625	737.7245483398438	789.3871459960938	485.2690734863281	70.21866607666016	78.38533782958984	124.6223373413086	140.82725524902344	291.0495910644531	74.84999084472656	0.0	43.45734405517578	282.66937255859375	0.0	119.65298461914062	25.932395935058594	0.0	0.0	2.2966389656066895	0.0	244.25331115722656	271.7471618652344	379.724609375	484.7123107910156	175.0541534423828	174.3276824951172	156.4290771484375	0.0	45.777645111083984	276.1886291503906	149.5562286376953	118.93513488769531	1061.6943359375	531.1049194335938	190.56344604492188	195.81634521484375	267.1652526855469	331.9089050292969	332.25604248046875	463.3388671875	308.6263732910156	398.962890625	822.0035400390625	835.597412109375	207.26522827148438	813.1365356445312	709.4266967773438	102.89613342285156	580.1248168945312	305.7626953125	411.2825927734375	395.8163146972656	0.0	0.0	182.2786407470703	458.1853332519531	88.02021789550781	763.1927490234375	639.8997802734375	529.4393920898438	480.8302307128906	739.3228149414062	0.0	635.5604858398438	730.4710083007812	700.9727783203125	944.5326538085938	876.0974731445312
1268.4342041015625	973.1577758789062	686.0125732421875	528.044189453125	1414.4228515625	114.59937286376953	485.53106689453125	1503.561767578125	853.7354125976562	151.71856689453125	557.8251953125	1606.9224853515625	828.3931884765625	448.9073181152344	693.5484619140625	861.67431640625	0.0	0.0	0.0	0.0	0.0	0.0	42.17217254638672	47.78764724731445	0.0	4.155796051025391	111.72229766845703	87.21370697021484	0.0	0.0	0.0	0.0	300.81304931640625	26.792016983032227	236.45498657226562	497.133544921875	165.3616180419922	193.98085021972656	0.0	536.47119140625	407.4119567871094	368.72528076171875	332.367431640625	301.9794006347656	196.6686248779297	260.9893493652344	109.11985778808594	0.0	0.0	0.0	0.0	0.0	0.0	257.8783874511719	185.37051391601562	0.0	0.0	199.1343994140625	138.12777709960938	0.0	0.0	0.0	0.0	0.0	715.9885864257812	851.5217895507812	457.2994079589844	268.5214538574219	442.2823486328125	30.854448318481445	258.0988464355469	235.30029296875	303.11297607421875	425.1662292480469	275.7530822753906	831.5493774414062	441.0586242675781	420.15911865234375	801.631591796875	929.3211669921875	1011.6455688476562	1172.500244140625	288.8355712890625	0.0	1351.736328125	747.0233154296875	0.0	0.0	870.8914184570312	0.0	15.777530670166016	929.0667724609375	302.65936279296875	0.0	176.54568481445312	819.0791015625	48.5980110168457	44.12527084350586	11.597354888916016	13.211600303649902	106.47496032714844	76.79861450195312	24.860498428344727	84.54047393798828	124.72747039794922	0.0	7.4438252449035645	73.60920715332031	0.0	0.0	0.0	0.0	340.2252502441406	654.7837524414062	938.8982543945312	768.6022338867188	210.6820526123047	281.1427001953125	73.3124771118164	0.0	1097.8673095703125	828.2432250976562	351.9990234375	370.2721252441406	1020.3220825195312	1123.899658203125	1103.2264404296875	641.2116088867188	174.19728088378906	0.0	0.0	0.0	0.29344800114631653	245.1844482421875	340.8574523925781	212.96363830566406	91.88368225097656	135.98085021972656	385.64111328125	410.4590759277344	16.816240310668945	0.0	0.0	0.0	0.0	0.0	0.0	0.0	0.0	126.11702728271484	196.47732543945312	0.0	0.0	145.06167602539062	174.08013916015625	0.0	0.0	0.0	0.0	0.0	445.2245178222656	532.0265502929688	433.83148193359375	416.2431335449219	596.6600341796875	666.2296752929688	539.6697998046875	370.9150390625	627.5968017578125	508.9013977050781	431.9576721191406	809.5928344726562	332.1788635253906	350.4708251953125	387.0876770019531	713.7145385742188	317.2054138183594	678.529541015625	531.4456787109375	102.45294189453125	447.046630859375	457.35260009765625	368.8529968261719	204.28941345214844	202.1464385986328	0.0	0.0	167.7740020751953	503.1484069824219	421.62744140625	657.5868530273438	697.1737060546875	438.0828552246094	254.70375061035156	0.0	38.727195739746094	433.27362060546875	0.0	0.0	0.0	222.8085479736328	0.0	186.85923767089844	230.84783935546875	0.0	0.0	250.48472595214844	139.95860290527344	0.0	836.5099487304688	1389.012939453125	1192.1998291015625	6.4443359375	13.52649211883545	614.3878173828125	1195.7962646484375	630.5145874023438	156.88267517089844	143.58102416992188	0.0	1337.5443115234375	1215.613525390625	766.3751220703125	214.9882049560547	297.9679260253906	561.5135498046875	987.5390625	513.322021484375	21.646398544311523	479.5634460449219	1206.9404296875	1367.7659912109375	0.0	244.04417419433594	155.32821655273438	480.9518737792969	1068.62646484375	986.4365844726562	317.7193603515625	10.377242088317871	0.0	786.1870727539062	707.923583984375	168.9469757080078	492.6951904296875	718.1762084960938	467.3570556640625	56.69407653808594	411.3448486328125	205.47402954101562	0.0	0.0	606.6410522460938	457.50885009765625	580.3911743164062	972.6090087890625
869.7088012695312	428.90179443359375	1281.36083984375	543.8045654296875	599.0346069335938	814.165283203125	1119.673583984375	310.7403564453125	375.8841247558594	1514.0150146484375	699.2238159179688	173.70587158203125	477.0618896484375	1350.7122802734375	846.3693237304688	100.39962768554688	0.0	0.0	32.797271728515625	52.699161529541016	0.0	0.0	79.19633483886719	0.0	40.980003356933594	8.0826997756958	68.36893463134766	0.0	0.0	24.813642501831055	0.0	0.0	101.74771881103516	76.90475463867188	490.3414306640625	456.94000244140625	124.52134704589844	405.8299255371094	295.0416564941406	48.89993667602539	0.0	313.70513916015625	408.7474365234375	174.62762451171875	0.0	205.85830688476562	469.5500793457031	254.6419677734375	0.0	0.0	0.0	0.0	0.0	0.0	0.0	0.0	18.99953842163086	0.0	0.0	43.13576126098633	0.0	0.0	0.0	0.0	395.7898254394531	372.1756591796875	376.52191162109375	453.33837890625	140.4777374267578	115.38822174072266	543.1463012695312	325.0143127441406	159.0297393798828	306.7712097167969	252.44113159179688	127.80677032470703	175.79818725585938	396.1558837890625	556.7205200195312	335.8571472167969	263.725341796875	862.4752807617188	153.72262573242188	710.5406494140625	53.353240966796875	38.651424407958984	962.5282592773438	822.4202270507812	0.0	398.64373779296875	852.199462890625	57.85634231567383	0.0	691.9465942382812	675.413818359375	387.81634521484375	37.02640151977539	123.36978149414062	102.93883514404297	58.58650207519531	29.79202651977539	72.8009033203125	33.231285095214844	37.852474212646484	40.9986457824707	19.79045867919922	128.3324432373047	0.0	0.0	40.74290466308594	90.6162109375	24.964675903320312	128.9113006591797	229.60606384277344	1.6781635284423828	316.4645690917969	196.15713500976562	500.95953369140625	362.583984375	315.0289611816406	30.152719497680664	60.48473358154297	425.49517822265625	253.31503295898438	111.81968688964844	333.30780029296875	612.2507934570312	340.4130554199219	0.0	191.2528839111328	182.96420288085938	72.25469970703125	66.7652359008789	244.86521911621094	204.70094299316406	95.70489501953125	258.6056213378906	108.68535614013672	55.00772476196289	120.52705383300781	132.1736297607422	119.75239562988281	82.60533142089844	85.79953002929688	0.0	0.0	0.0	0.0	0.0	88.2400131225586	0.0	0.0	103.94044494628906	0.0	0.0	38.04937744140625	109.86746978759766	0.0	0.0	20.638370513916016	418.3832702636719	422.31109619140625	469.885498046875	181.0374755859375	427.58837890625	447.2143249511719	702.4022827148438	145.17877197265625	372.596435546875	436.6072998046875	629.3018798828125	276.41607666015625	200.57354736328125	634.5694580078125	343.66864013671875	224.1972198486328	258.54339599609375	411.383056640625	286.00335693359375	62.97975158691406	208.3653564453125	0.0	130.57107543945312	193.354736328125	77.41771697998047	158.6256103515625	177.5447235107422	68.64798736572266	17.529714584350586	87.37694549560547	25.47890853881836	85.1108169555664	314.9510498046875	85.67994689941406	0.0	7.923513889312744	77.43680572509766	380.54815673828125	173.26065063476562	19.87535858154297	196.9244842529297	349.8641357421875	167.32424926757812	0.0	355.2774963378906	384.5213623046875	133.53494262695312	0.0	27.18807601928711	367.1527099609375	728.704833984375	364.27716064453125	650.8991088867188	846.4559936523438	0.0	203.0814666748047	0.0	389.25518798828125	195.57888793945312	44.10292053222656	71.78986358642578	306.1170959472656	553.9076538085938	129.83755493164062	178.283203125	567.203125	1047.8642578125	423.3125	460.1534118652344	383.2027893066406	224.369873046875	55.19287109375	436.615478515625	571.181640625	39.776248931884766	165.70545959472656	96.5306167602539	120.43466186523438	155.8855743408203	0.0	20.396371841430664	394.5167236328125	319.8977355957031	88.84391021728516	165.38307189941406	267.8867492675781	208.65257263183594	372.4095764160156	83.98867797851562	0.0	397.9892578125	394.9653015136719	0.0	70.35884094238281	183.18772888183594	106.44380187988281
122.90786743164062	1318.580810546875	1016.2154541015625	51.16977310180664	173.47044372558594	1305.6451416015625	959.9931640625	27.629323959350586	181.2576904296875	1263.898681640625	844.5313110351562	28.52326011657715	150.87838745117188	1101.8173828125	742.1714477539062	59.21283721923828	0.0	22.682071685791016	0.0	17.018184661865234	0.0	17.087440490722656	0.0	11.938453674316406	0.0	0.0	0.0	18.196073532104492	0.0	0.0	0.0	26.573232650756836	0.0	285.9868469238281	375.88165283203125	121.08740997314453	0.0	238.3255615234375	272.1846618652344	87.71382904052734	0.0	250.7071990966797	297.4271240234375	55.43246078491211	0.0	66.30551147460938	207.3214111328125	39.401424407958984	12.639986991882324	0.0	0.0	2.9241974353790283	11.25284481048584	0.0	0.0	9.595414161682129	2.7009871006011963	0.0	0.0	2.328015089035034	11.942137718200684	0.0	0.0	12.468596458435059	73.90103912353516	183.6644744873047	164.285888671875	115.8505859375	43.313297271728516	174.2801971435547	151.07278442382812	66.26065063476562	52.990753173828125	221.32191467285156	138.8306884765625	68.02304077148438	59.598045349121094	264.6538391113281	284.8171691894531	202.74652099609375	1.9511356353759766	169.42335510253906	929.3737182617188	184.8183135986328	2.776279926300049	298.9443359375	976.7282104492188	146.621337890625	6.879431247711182	318.26202392578125	910.927734375	146.6825408935547	6.641423225402832	230.1112518310547	642.1380615234375	67.35484313964844	0.0	140.74972534179688	145.1311798095703	36.93106460571289	0.0	126.0906982421875	133.16275024414062	11.700072288513184	2.3653128147125244	126.70804595947266	96.12725067138672	0.0	4.518793106079102	56.955299377441406	58.66377258300781	0.0	26.688505172729492	0.0	363.90740966796875	165.81805419921875	30.759754180908203	0.0	406.3561096191406	142.1739044189453	39.427303314208984	0.0	389.823974609375	135.6678009033203	28.744155883789062	211.47015380859375	533.0869750976562	307.5296325683594	63.08810043334961	35.31611633300781	135.51235961914062	2.406703233718872	56.45339584350586	68.73822021484375	156.62823486328125	15.563673973083496	31.568470001220703	61.403507232666016	150.3833465576172	20.60952377319336	32.48318099975586	63.036293029785156	42.997928619384766	0.0	67.27410125732422	0.0	0.0	0.0	28.134057998657227	0.0	0.0	0.0	6.032069683074951	0.0	0.0	0.0	0.0	0.0	0.0	0.0	13.885581016540527	515.4691772460938	186.86825561523438	108.78555297851562	9.231252670288086	616.4150390625	272.7174987792969	116.82490539550781	11.566147804260254	583.044189453125	263.9908142089844	114.7265625	81.14115905761719	545.7813110351562	264.43212890625	197.8654022216797	2.7619996070861816	50.6562385559082	61.03582763671875	24.46880531311035	3.6192426681518555	40.04602813720703	12.078311920166016	7.969786643981934	12.357148170471191	18.653566360473633	9.106432914733887	4.834075927734375	112.38446044921875	168.5574951171875	103.57398223876953	35.4837532043457	338.2380676269531	392.4558410644531	234.0766143798828	0.9131711721420288	385.42803955078125	393.4208068847656	274.64471435546875	13.798783302307129	383.42236328125	345.155517578125	267.0729064941406	0.839179515838623	331.7271423339844	260.13134765625	215.60150146484375	0.0	0.0	56.41386795043945	82.26638793945312	3.4260048866271973	0.0	0.0	60.46026611328125	12.678345680236816	1.7844351530075073	0.0	33.97500991821289	9.219325065612793	0.0	449.6888427734375	529.9593505859375	41.558006286621094	33.82865524291992	311.8446960449219	0.0	28.84369659423828	25.578611373901367	120.22938537597656	0.0	30.053579330444336	33.584007263183594	152.8325653076172	0.0	42.6598014831543	38.107994079589844	288.3447265625	0.0	23.036399841308594	0.0	0.0	105.8030776977539	32.13920593261719	0.0	0.0	184.68284606933594	0.0	0.0	27.581523895263672	206.53587341308594	14.805253982543945	12.656315803527832	152.09902954101562	320.0099792480469	126.33885955810547
202.4753875732422	1063.92041015625	543.1143798828125	42.52539825439453	138.84466552734375	1203.261962890625	745.6817626953125	33.05302810668945	157.54693603515625	1197.4739990234375	741.2927856445312	29.82367515563965	147.65357971191406	969.9462280273438	598.0774536132812	42.8856315612793	0.0	26.47713851928711	4.143777370452881	9.199984550476074	0.0	28.48295021057129	7.863112926483154	12.024060249328613	0.0	13.509343147277832	0.0	13.568302154541016	0.0	0.0	0.0	22.200021743774414	0.0	334.6891174316406	383.82000732421875	55.30036163330078	0.0	276.75439453125	352.9918518066406	63.445350646972656	0.0	239.24537658691406	278.9601745605469	52.87905502319336	0.0	50.582618713378906	163.510986328125	28.48337745666504	18.113964080810547	0.0	0.0	6.997417449951172	27.660327911376953	0.0	0.0	10.358842849731445	10.749700546264648	0.0	0.0	7.983211994171143	8.262543678283691	0.0	0.0	16.362890243530273	149.0879364013672	144.16815185546875	147.7823944091797	76.21635437011719	61.66777038574219	190.89842224121094	141.93576049804688	90.25596618652344	47.71426010131836	226.7574005126953	153.101806640625	74.39986419677734	38.89107894897461	231.6140899658203	186.21945190429688	131.97349548339844	0.0	228.86036682128906	596.4651489257812	69.34303283691406	9.581148147583008	265.637451171875	765.875244140625	103.80419921875	8.20997142791748	322.2426452636719	793.5613403320312	95.24211883544922	7.584481716156006	276.5311279296875	597.3496704101562	50.03374099731445	0.0	122.42924499511719	57.499752044677734	1.9082895517349243	0.0	126.44796752929688	58.140769958496094	4.050956726074219	4.788276672363281	120.7358627319336	71.35747528076172	0.0	5.123818874359131	72.64289093017578	37.83417892456055	0.0	20.102386474609375	0.0	267.1749572753906	46.59502410888672	17.84825325012207	0.0	341.10711669921875	92.58952331542969	29.264053344726562	0.0	359.42864990234375	111.21073150634766	20.997756958007812	135.69845581054688	387.61474609375	153.74154663085938	45.04461669921875	47.2902717590332	50.53056335449219	10.503950119018555	47.687477111816406	74.60225677490234	105.46937561035156	0.7394440174102783	35.04277801513672	81.20206451416016	96.29839324951172	7.644046306610107	27.565963745117188	59.5407829284668	50.07087707519531	0.0	8.16234016418457	0.0	0.0	0.0	33.12836837768555	0.0	0.0	0.0	19.76396369934082	0.0	0.0	0.0	0.0	0.0	0.0	0.0	88.40491485595703	425.06658935546875	153.58578491210938	71.84954833984375	64.60070037841797	502.2991027832031	165.9371337890625	87.35660552978516	8.266073226928711	509.0411376953125	182.59449768066406	94.84664154052734	57.133480072021484	511.3309631347656	214.46080017089844	135.1774139404297	20.1415958404541	53.55948257446289	26.089296340942383	9.541415214538574	27.74523162841797	5.72796106338501	27.11227798461914	4.997162818908691	14.539891242980957	33.56288146972656	43.682491302490234	5.620543479919434	84.50933074951172	138.25918579101562	88.0879135131836	15.899168014526367	298.7476806640625	182.43673706054688	103.45809173583984	0.0	364.158203125	232.0958709716797	193.4979248046875	0.0	366.8199462890625	261.7729187011719	208.81805419921875	1.3854243755340576	325.7569580078125	219.40696716308594	150.28518676757812	0.0	0.0	237.2834930419922	138.53082275390625	15.544333457946777	0.0	58.7470817565918	113.95145416259766	10.65892219543457	0.0	0.0	95.20053100585938	6.138258934020996	0.0	253.78152465820312	306.59417724609375	29.968303680419922	137.85638427734375	366.2626647949219	37.788917541503906	54.59608459472656	19.765501022338867	227.5924530029297	1.8085631132125854	44.21712112426758	29.094919204711914	202.31103515625	0.0	31.603500366210938	28.059812545776367	179.85935974121094	0.0	12.742953300476074	0.0	0.0	56.01875305175781	27.362533569335938	0.0	0.0	68.97927856445312	27.59271812438965	0.0	28.53223419189453	190.38406372070312	23.953731536865234	6.431413173675537	157.4980010986328	286.9224853515625	66.9380874633789
427.35205078125	1188.315673828125	1020.9918212890625	265.4233703613281	1301.5614013671875	1392.27392578125	676.73583984375	340.2890319824219	1372.330810546875	1214.0047607421875	940.264892578125	133.8144989013672	979.4172973632812	412.8616943359375	159.9228515625	220.76580810546875	53.964385986328125	0.0	13.306015014648438	21.821678161621094	16.857486724853516	110.19927978515625	0.0	83.16206359863281	29.76032257080078	0.0	0.0	0.0	0.0	0.0	0.0	32.75282669067383	146.44851684570312	196.47442626953125	101.03949737548828	293.9875793457031	176.96783447265625	454.5426940917969	559.9107666015625	441.8272705078125	230.9102783203125	288.8760986328125	303.81658935546875	71.0013656616211	0.0	0.0	87.61779022216797	146.66610717773438	0.0	0.0	0.0	140.19155883789062	0.0	0.0	213.7814483642578	101.5367202758789	0.0	0.0	0.0	0.0	0.0	101.9996566772461	220.3140106201172	195.1477813720703	37.467079162597656	487.8480529785156	719.2367553710938	62.12575912475586	242.72756958007812	353.2462158203125	375.87872314453125	508.6426086425781	608.2899780273438	806.2430419921875	909.8184814453125	545.8992919921875	520.0985107421875	624.5083618164062	84.48028564453125	148.36573791503906	0.0	821.0261840820312	1270.84619140625	307.6935119628906	33.47368621826172	1152.740478515625	711.241455078125	333.6710510253906	763.4412231445312	1023.3034057617188	576.7435302734375	401.5478515625	608.571533203125	537.77490234375	291.172607421875	0.0	10.242781639099121	48.10573959350586	112.50911712646484	86.51192474365234	18.968046188354492	147.92013549804688	103.06571960449219	0.0	63.094444274902344	103.85031127929688	3.4039058685302734	0.0	9.714932441711426	0.0	31.24678611755371	30.079118728637695	18.11249351501465	198.8009490966797	201.53298950195312	285.1784973144531	4.024830341339111	466.2091979980469	867.9654541015625	703.825927734375	493.838623046875	812.9384765625	738.3928833007812	619.2601318359375	557.5609130859375	806.8796997070312	175.23233032226562	79.67799377441406	123.00272369384766	142.68597412109375	43.29938507080078	208.3974609375	127.4967041015625	185.643798828125	239.06112670898438	230.7938690185547	15.722373008728027	135.930908203125	58.33956527709961	0.0	0.0	0.0	160.5175323486328	189.86402893066406	84.75468444824219	0.0	0.0	61.52973175048828	0.0	0.0	0.0	22.71345329284668	0.0	0.0	0.0	0.0	0.0	0.0	86.52729034423828	213.20675659179688	27.029062271118164	512.65380859375	600.71533203125	430.6152648925781	402.7043762207031	625.3197021484375	562.0032958984375	502.4313659667969	675.9081420898438	636.6320190429688	455.4227600097656	204.1598663330078	604.8382568359375	705.1129760742188	570.2254028320312	269.3503723144531	0.0	258.40728759765625	405.6333312988281	296.6197509765625	40.99840545654297	226.9346160888672	62.00982666015625	117.6023178100586	127.30687713623047	265.0521240234375	582.6709594726562	483.1703796386719	688.1166381835938	666.636962890625	619.8638916015625	152.5326690673828	254.82615661621094	495.6297912597656	287.2908630371094	0.0	543.9940795898438	560.0714111328125	188.276123046875	0.0	546.480224609375	258.1291809082031	212.5229949951172	0.0	105.87651824951172	37.57328414916992	0.0	0.0	118.92913818359375	0.0	57.20301055908203	90.1373291015625	47.0050048828125	297.56298828125	252.6942596435547	220.15878295898438	0.0	571.8326416015625	580.0087890625	601.0368041992188	464.0442810058594	353.1166076660156	246.29769897460938	184.01934814453125	155.310302734375	176.89862060546875	72.85380554199219	364.6954650878906	189.86849975585938	89.94365692138672	269.67901611328125	275.2205505371094	155.42169189453125	299.31396484375	476.4101257324219	507.7903747558594	455.83062744140625	464.0898132324219	521.2145385742188	638.4249267578125	0.0	0.0	657.13232421875	608.51318359375	0.0	98.62904357910156	421.58984375	38.25004959106445	0.0	301.4836120605469	461.783447265625	633.0375366210938	973.4755249023438	982.79541015625	768.056884765625	480.1939392089844
795.8894653320312	458.2110290527344	787.9014282226562	1253.648681640625	844.8124389648438	652.947998046875	1144.0245361328125	1217.4405517578125	1166.849853515625	1290.4300537109375	980.728515625	200.88015747070312	1101.6470947265625	898.2083740234375	1016.802734375	75.92919158935547	0.0	0.0	0.0	0.0	0.0	0.0	19.52562141418457	0.0	11.70529842376709	0.0	7.619879245758057	0.0	0.0	0.0	0.0	0.0	286.03204345703125	78.10162353515625	122.341796875	392.5934143066406	284.1680908203125	683.4594116210938	386.0859680175781	197.15733337402344	397.4488830566406	599.0223999023438	380.3863220214844	299.8691711425781	208.35830688476562	0.0	261.1642150878906	191.73724365234375	0.0	0.0	0.0	0.0	0.0	142.2630157470703	94.56745147705078	0.0	59.89727783203125	0.0	0.0	147.1554412841797	0.0	0.0	0.0	45.55806350708008	614.0068359375	894.1726684570312	574.2758178710938	555.003662109375	400.80389404296875	113.70816040039062	840.1395263671875	863.5961303710938	401.98931884765625	783.7898559570312	708.3927001953125	99.65908813476562	707.4526977539062	717.6073608398438	890.3313598632812	436.4537658691406	649.269775390625	662.4172973632812	197.71475219726562	635.4911499023438	602.3837890625	130.6309814453125	467.5005798339844	966.452392578125	79.77813720703125	612.3257446289062	907.9209594726562	737.736572265625	688.87744140625	897.8012084960938	571.2837524414062	314.3974914550781	56.26042938232422	2.7805368900299072	2.5943922996520996	99.9345932006836	75.31802368164062	93.33810424804688	74.2690200805664	93.32670593261719	110.0053939819336	45.12767028808594	111.57115936279297	94.68495178222656	46.06704330444336	0.0	75.3727798461914	46.13132095336914	636.0325927734375	708.2049560546875	440.06256103515625	292.62158203125	493.2250671386719	658.6132202148438	530.0311279296875	389.7309875488281	126.75724029541016	546.212158203125	466.60382080078125	380.1687927246094	787.8128662109375	1001.6861572265625	533.6109619140625	431.3437805175781	157.1377716064453	0.0	145.40846252441406	129.78695678710938	0.0	326.3857421875	366.7409362792969	179.24331665039062	308.8280029296875	193.8634490966797	0.0	225.2014617919922	187.44268798828125	140.0306854248047	85.30097961425781	86.94113159179688	0.0	0.0	0.0	0.0	0.0	51.13779067993164	0.0	0.0	0.0	29.177648544311523	0.0	26.404254913330078	0.0	0.0	0.0	114.94024658203125	256.2330627441406	270.2992858886719	482.03912353515625	562.31201171875	418.6511535644531	598.0967407226562	783.0364379882812	752.3121948242188	516.9913940429688	383.37445068359375	648.125	572.8607177734375	613.3677978515625	740.8915405273438	704.3858642578125	296.7668762207031	307.1810302734375	678.678955078125	466.80096435546875	232.06231689453125	459.6568908691406	394.4531555175781	237.77471923828125	515.8226928710938	220.34970092773438	302.9760437011719	546.5599365234375	470.26025390625	286.6322937011719	394.69207763671875	311.1730041503906	210.00926208496094	343.3117980957031	1.2620823383331299	41.52469253540039	151.01834106445312	216.94696044921875	0.0	59.25843811035156	18.216266632080078	147.9977569580078	196.16639709472656	219.2987823486328	0.0	317.3482666015625	134.70831298828125	0.0	0.0	241.28419494628906	577.80078125	705.7180786132812	568.4029541015625	781.5746459960938	349.60595703125	32.468570709228516	181.33790588378906	1092.973876953125	869.5780029296875	186.24269104003906	69.93473815917969	401.6126708984375	57.56882858276367	442.22357177734375	300.72821044921875	242.74649047851562	554.6976318359375	1171.7288818359375	1156.4981689453125	376.4959411621094	908.3042602539062	986.705078125	586.3795776367188	801.046142578125	890.8203735351562	328.86480712890625	273.1692199707031	112.07916259765625	542.1232299804688	713.6217651367188	47.96924591064453	92.49198913574219	647.1049194335938	669.5413208007812	218.31613159179688	297.31219482421875	531.9099731445312	0.0	585.2394409179688	333.11529541015625	0.0	503.7701110839844	684.7324829101562	116.89087677001953	419.632080078125	343.9596862792969	378.6079406738281
972.0053100585938	658.82958984375	393.109619140625	742.09619140625	983.3753051757812	81.33412170410156	100.39905548095703	893.6008911132812	663.6448974609375	124.67306518554688	303.0276794433594	760.3947143554688	724.8917236328125	159.66587829589844	515.0504760742188	633.4060668945312	4.400339126586914	0.0	0.0	0.0	52.83793640136719	0.0	23.799768447875977	23.482696533203125	0.0	54.074378967285156	78.60026550292969	65.0243911743164	0.0	49.04448318481445	64.91143798828125	0.0	134.9824981689453	0.0	0.0	433.9534912109375	91.44379425048828	193.22518920898438	120.29901885986328	28.328893661499023	256.4168395996094	155.73117065429688	205.77694702148438	164.9587860107422	339.9018249511719	259.61663818359375	168.76388549804688	58.01280212402344	0.0	61.91688919067383	178.33505249023438	0.0	0.0	214.26622009277344	244.02293395996094	0.0	0.0	54.0587272644043	35.65901565551758	19.63406753540039	0.0	10.584372520446777	0.0	0.0	457.0545349121094	731.4607543945312	191.7946014404297	320.118408203125	265.54534912109375	9.476675987243652	217.14730834960938	263.7991943359375	45.60264587402344	65.20923614501953	6.186135292053223	425.2292785644531	318.0235595703125	553.9304809570312	749.367919921875	647.5321044921875	684.1275024414062	1054.7406005859375	163.98419189453125	0.0	970.9545288085938	515.3695678710938	0.0	0.0	629.0625610351562	74.49642944335938	38.88551712036133	575.4461669921875	313.6754150390625	0.0	93.58013916015625	674.46044921875	42.85349655151367	93.36919403076172	59.119056701660156	0.0	91.83496856689453	103.51470947265625	0.0	20.64948081970215	143.49740600585938	0.0	9.40243911743164	49.399169921875	21.494958877563477	0.0	0.0	52.15388107299805	224.07252502441406	182.9244384765625	109.68254852294922	353.84979248046875	141.41189575195312	320.0242004394531	158.06654357910156	54.34309005737305	287.7838439941406	209.84194946289062	14.378047943115234	153.69227600097656	1041.5350341796875	1071.5557861328125	746.904541015625	287.5702209472656	102.90699005126953	1.6809355020523071	173.4117889404297	79.4626235961914	57.2231330871582	97.81803131103516	277.81842041015625	233.24273681640625	120.36941528320312	116.3233642578125	136.00625610351562	171.0381317138672	13.518397331237793	102.53837585449219	176.3835906982422	0.0	0.0	0.0	0.0	0.0	0.0	280.7197265625	278.8403015136719	0.0	0.0	88.18276977539062	80.076416015625	0.0	0.0	0.0	0.0	0.0	354.0003662109375	308.47869873046875	395.4619140625	241.38113403320312	513.1964111328125	313.4881591796875	374.9427185058594	376.4672546386719	464.34075927734375	262.6942443847656	99.0369644165039	550.8994140625	330.34197998046875	386.06756591796875	323.70159912109375	446.3564147949219	280.66070556640625	591.243408203125	731.19482421875	212.6972198486328	317.555419921875	196.3770751953125	84.57686614990234	187.1987762451172	105.53337860107422	0.0	0.0	34.226749420166016	89.87462615966797	15.856897354125977	319.8612060546875	465.5091247558594	304.8392028808594	88.55115509033203	0.0	0.0	346.96356201171875	0.0	0.0	70.18032836914062	147.66162109375	0.0	101.48126220703125	166.79721069335938	159.00872802734375	0.0	149.06625366210938	121.72200012207031	26.738243103027344	258.74017333984375	1093.4364013671875	1094.4404296875	39.57929611206055	125.1644515991211	131.7152557373047	489.95379638671875	0.0	46.616668701171875	78.44499969482422	0.0	1080.465087890625	397.9798583984375	212.2235107421875	184.2346954345703	221.03799438476562	420.0140380859375	1226.9595947265625	1290.849853515625	80.80467224121094	113.3066177368164	328.7053527832031	814.8404541015625	0.0	177.6050262451172	184.0368194580078	144.33206176757812	238.15603637695312	249.97036743164062	300.44342041015625	57.50181579589844	0.0	619.3750610351562	686.6904907226562	293.6192626953125	334.6186828613281	498.41009521484375	14.533221244812012	0.0	319.0158996582031	174.0459747314453	0.0	15.253243446350098	117.61080932617188	39.5446662902832	84.87968444824219	539.1607666015625
977.9159545898438	830.7028198242188	1246.33203125	645.7307739257812	1173.0877685546875	748.6943969726562	1197.667236328125	534.3927001953125	703.2422485351562	718.0897216796875	1056.5228271484375	325.59814453125	52.189544677734375	800.5768432617188	1304.51513671875	168.07675170898438	40.545902252197266	40.08077621459961	30.109416961669922	37.30393981933594	0.0	6.554101467132568	90.15083312988281	0.0	0.0	0.0	0.0	0.0	13.967732429504395	0.0	0.0	0.0	355.05108642578125	431.4703674316406	375.805419921875	344.10162353515625	308.054443359375	314.0362243652344	356.1729736328125	211.99356079101562	0.0	0.0	371.42669677734375	257.0179138183594	105.89317321777344	0.0	338.6465148925781	207.2769317626953	0.0	0.0	0.0	0.0	0.0	0.0	0.0	0.0	29.039024353027344	0.0	0.0	0.0	194.0404510498047	112.88846588134766	0.0	0.0	147.85308837890625	330.3533630371094	312.9114074707031	196.7783203125	507.56512451171875	588.32470703125	598.3977661132812	247.5858612060547	398.77313232421875	239.40802001953125	115.46916198730469	155.23805236816406	0.0	291.9921875	436.4596862792969	280.815673828125	0.0	736.5738525390625	383.1966857910156	945.8283081054688	394.5063781738281	889.4666137695312	548.920654296875	893.222412109375	519.2586669921875	434.26171875	693.115478515625	646.3209228515625	93.23643493652344	0.0	786.9677734375	604.0545654296875	78.45609283447266	119.20449829101562	112.15755462646484	89.30663299560547	66.38509368896484	118.31305694580078	147.79086303710938	61.59994125366211	38.915016174316406	0.0	119.1727523803711	15.481544494628906	59.274288177490234	0.0	131.0474395751953	16.829740524291992	95.78389739990234	251.3354034423828	83.30877685546875	304.4837646484375	567.6791381835938	996.6831665039062	500.31878662109375	425.19842529296875	255.01199340820312	580.6864013671875	243.7251434326172	396.1632385253906	207.837158203125	271.51031494140625	392.5730285644531	476.158935546875	114.40801239013672	137.95570373535156	83.74234008789062	143.60232543945312	20.343488693237305	142.25479125976562	119.47730255126953	158.90785217285156	0.0	0.0	164.35133361816406	136.18980407714844	208.95570373535156	258.3818664550781	128.9661865234375	60.67874526977539	0.0	75.1964340209961	0.0	0.0	0.0	0.0	0.0	0.0	0.0	0.0	0.0	0.0	308.2228088378906	361.845458984375	58.92454147338867	32.176185607910156	268.5513916015625	183.5166015625	460.19342041015625	184.9671173095703	579.025390625	360.24298095703125	859.91796875	305.5951843261719	522.1920776367188	353.77984619140625	706.6280517578125	208.1194610595703	471.9862976074219	491.4066162109375	589.9172973632812	178.3527374267578	0.0	39.096622467041016	68.25749206542969	54.49689865112305	50.8802490234375	41.81165313720703	145.37290954589844	77.30750274658203	505.52520751953125	425.9222106933594	264.7703857421875	27.63172721862793	191.9080352783203	102.69660186767578	134.10658264160156	60.1865234375	274.1165771484375	261.21929931640625	233.6115264892578	113.85645294189453	388.4552001953125	403.88446044921875	244.2823944091797	139.83840942382812	145.2727813720703	252.77227783203125	99.24363708496094	45.994991302490234	0.0	83.26038360595703	44.14415740966797	0.0	186.2205352783203	37.05471420288086	97.6468505859375	74.36517333984375	271.91864013671875	312.6661682128906	20.81704330444336	146.70083618164062	762.0604858398438	961.8452758789062	301.6293029785156	114.49128723144531	98.29017639160156	0.0	122.21422576904297	117.5823974609375	258.0787353515625	40.4313850402832	253.47036743164062	28.36784553527832	187.97557067871094	79.76109313964844	343.01373291015625	0.0	566.1488037109375	1019.3964233398438	794.8422241210938	67.59004211425781	263.3307800292969	895.886474609375	769.6513061523438	40.75104904174805	0.0	0.0	0.0	140.55166625976562	0.0	5.162620544433594	173.7791290283203	251.5025177001953	715.8993530273438	665.7933959960938	460.16400146484375	374.9602966308594	316.76727294921875	98.2619400024414	122.56617736816406	178.97059631347656
1316.6820068359375	1272.1666259765625	1054.439697265625	1179.941162109375	1458.755615234375	531.8023681640625	1255.0469970703125	1502.700439453125	1270.7171630859375	622.8458251953125	1251.5367431640625	1410.6182861328125	964.4197998046875	709.4071044921875	770.6199340820312	401.30999755859375	12.245474815368652	0.0	0.0	0.0	0.0	0.0	66.56182861328125	57.528770446777344	0.0	0.0	125.49126434326172	68.80441284179688	0.0	0.0	0.0	0.0	301.06866455078125	204.7730255126953	228.58218383789062	505.092041015625	204.9008026123047	99.18194580078125	255.73422241210938	476.6863708496094	432.43017578125	489.0232238769531	288.5755615234375	214.81434631347656	207.01390075683594	148.4550018310547	0.0	0.0	0.0	0.0	0.0	0.0	0.0	68.44645690917969	24.416099548339844	0.0	0.0	167.93173217773438	45.41411209106445	0.0	0.0	0.0	0.0	87.69015502929688	490.4588623046875	659.1207885742188	565.9270629882812	184.8221435546875	479.7666320800781	387.1319885253906	204.20237731933594	367.2948303222656	252.2364959716797	292.6376953125	746.3001708984375	754.2628784179688	439.10284423828125	738.6819458007812	782.550048828125	533.70458984375	539.1433715820312	1075.9940185546875	570.6996459960938	443.9698181152344	1233.85986328125	1142.9609375	0.0	857.7381591796875	997.5496215820312	371.6669006347656	484.0116882324219	927.9735107421875	580.621337890625	102.3307876586914	543.7175903320312	588.6712646484375	58.402061462402344	82.33222198486328	85.20435333251953	133.74574279785156	84.29334259033203	81.36981964111328	62.88178634643555	109.6059799194336	69.26963806152344	89.34516906738281	26.763948440551758	81.24544525146484	0.0	0.0	0.0	0.0	154.0640411376953	445.1774597167969	486.15399169921875	348.68243408203125	236.00128173828125	336.5773620605469	65.49752807617188	329.24462890625	733.4847412109375	734.8882446289062	595.748046875	692.769287109375	1059.498291015625	1055.99365234375	774.7078857421875	529.800537109375	157.20135498046875	43.63631057739258	0.0	17.064678192138672	37.379093170166016	142.52601623535156	312.724853515625	213.76596069335938	141.5804443359375	249.1678466796875	355.8964538574219	243.3092498779297	7.7150774002075195	0.0	0.0	76.75969696044922	0.0	0.0	0.0	0.0	0.0	22.941997528076172	0.0	0.0	0.0	27.275602340698242	0.0	0.0	0.0	0.0	0.0	0.0	437.4164733886719	580.1400756835938	489.9406433105469	335.5018005371094	608.9569702148438	617.05078125	742.6470336914062	518.3574829101562	614.3346557617188	492.1055603027344	925.3848876953125	676.9652709960938	603.7906494140625	389.7447204589844	667.1934814453125	642.2623901367188	101.99051666259766	429.0196838378906	318.8546142578125	122.34516906738281	333.05804443359375	404.2488098144531	258.9793701171875	20.058576583862305	177.6507110595703	0.0	155.24801635742188	265.1587829589844	395.98651123046875	569.9088745117188	745.3804931640625	543.669677734375	477.65753173828125	376.7499694824219	106.865966796875	75.66500091552734	542.5327758789062	63.66724395751953	112.63916778564453	92.49848175048828	393.26702880859375	196.03285217285156	270.4054870605469	125.19647216796875	102.98988342285156	134.1976776123047	105.40172576904297	0.0	0.0	214.71978759765625	645.598388671875	530.8900756835938	0.0	0.0	311.8839416503906	452.34149169921875	314.42913818359375	192.20187377929688	0.0	367.21295166015625	878.1439208984375	885.70849609375	299.0040283203125	374.44085693359375	239.6032257080078	276.77557373046875	686.0811767578125	531.0762329101562	141.27304077148438	241.3552703857422	732.0767211914062	596.0188598632812	0.0	334.5058898925781	403.2193298339844	160.93585205078125	530.6676635742188	553.8930053710938	372.2305603027344	447.8064270019531	0.0	430.92022705078125	347.6781921386719	118.61730194091797	371.7047119140625	597.560791015625	377.0513610839844	0.0	373.0552978515625	292.97723388671875	0.0	309.0366516113281	606.45703125	565.0068359375	1017.5380859375	951.8582763671875
1234.6492919921875	1071.4222412109375	891.9594116210938	196.05812072753906	1047.33935546875	623.2288818359375	1356.5673828125	278.2355651855469	758.4141235351562	775.6602172851562	1154.443115234375	282.6761474609375	88.99213409423828	1082.228271484375	1402.457763671875	54.73374938964844	17.328866958618164	0.0	7.153604030609131	87.40425109863281	11.816964149475098	0.0	37.1099853515625	50.53424072265625	0.0	0.0	0.0	0.0	23.873945236206055	0.0	0.0	0.0	256.4349365234375	257.92987060546875	735.2760009765625	510.7447509765625	187.22142028808594	224.59400939941406	595.9782104492188	372.4273986816406	0.0	0.0	340.7427978515625	201.3323516845703	118.81463623046875	111.71321105957031	417.6676025390625	122.03942108154297	0.0	0.0	0.0	0.0	0.0	0.0	0.0	0.0	27.002355575561523	0.0	0.0	0.0	143.40304565429688	74.2571792602539	0.0	7.198038101196289	412.7480773925781	632.2745971679688	186.51377868652344	245.3525848388672	179.4368133544922	766.3037719726562	906.087890625	407.5320739746094	303.6451416015625	448.9974365234375	157.88035583496094	176.9716796875	0.0	397.2485656738281	539.3706665039062	251.03268432617188	285.2174987792969	1158.1151123046875	159.92636108398438	558.879150390625	398.10687255859375	738.9790649414062	761.2927856445312	739.8980712890625	306.2344055175781	255.69720458984375	810.0822143554688	619.3992919921875	134.53184509277344	0.0	963.1998901367188	479.4023132324219	63.40945816040039	96.83428955078125	71.20396423339844	36.80949783325195	74.70657348632812	130.9298095703125	130.54049682617188	47.81971740722656	9.053009986877441	0.0	111.5907211303711	27.16452407836914	34.71464157104492	26.37250518798828	124.68018341064453	3.051138162612915	176.03045654296875	590.1109619140625	530.1380004882812	330.6054382324219	523.5736083984375	1021.9977416992188	499.36993408203125	448.7045593261719	294.459228515625	484.258056640625	301.2022399902344	373.9320068359375	216.06427001953125	360.58038330078125	561.2377319335938	467.8758850097656	125.81098175048828	13.54178237915039	142.53030395507812	89.53781127929688	9.011273384094238	294.2270202636719	274.0238037109375	0.5810612440109253	28.177135467529297	0.0	215.00343322753906	146.9970245361328	180.71022033691406	278.7589111328125	196.26824951171875	40.240779876708984	0.0	0.0	0.0	0.0	0.0	0.0	0.0	0.0	0.0	0.0	0.0	0.0	297.8692626953125	179.17567443847656	97.6849594116211	13.69501781463623	388.45281982421875	369.20709228515625	319.877685546875	273.1890869140625	614.716796875	639.0689086914062	785.2967529296875	184.69497680664062	569.3576049804688	537.0574951171875	771.1204223632812	179.7709503173828	429.0595397949219	624.0911865234375	697.5977783203125	171.01657104492188	242.50930786132812	387.4576721191406	240.51658630371094	2.424283504486084	264.58416748046875	139.41258239746094	263.0509948730469	172.662109375	451.06903076171875	508.8314514160156	308.24267578125	10.991808891296387	180.8417205810547	93.34835815429688	111.36955261230469	47.0144157409668	416.8703918457031	133.10696411132812	51.08238220214844	0.0	445.671142578125	303.6016540527344	87.01907348632812	8.899144172668457	22.606950759887695	285.5738220214844	119.95999908447266	14.910111427307129	0.0	189.98080444335938	55.483585357666016	0.0	166.5825653076172	914.0471801757812	748.05908203125	57.758399963378906	605.2991333007812	354.7393493652344	453.15496826171875	264.0349426269531	831.3192749023438	908.4134521484375	82.37971496582031	123.14180755615234	137.31874084472656	0.0	104.82807922363281	95.27725982666016	310.97967529296875	748.2904052734375	944.0285034179688	125.28772735595703	240.6343536376953	681.3318481445312	1069.06787109375	134.86270141601562	573.009033203125	845.178466796875	648.9696655273438	89.38102722167969	270.84033203125	773.2296142578125	550.10205078125	44.928592681884766	0.0	295.5145568847656	276.3161926269531	156.7510223388672	51.55552291870117	225.5636749267578	0.0	94.55497741699219	470.1888427734375	463.9977722167969	494.2131042480469	264.20184326171875	168.24407958984375	96.69481658935547	154.35174560546875	184.19131469726562
25.815351486206055	1156.2103271484375	1474.2088623046875	117.27825927734375	243.40150451660156	1478.404052734375	1245.5634765625	82.017333984375	701.7892456054688	1410.0728759765625	767.4356689453125	84.61571502685547	880.6000366210938	1215.796142578125	220.29922485351562	89.34481048583984	8.414697647094727	7.16011905670166	42.75995635986328	0.0	9.208823204040527	0.0	2.6405155658721924	0.0	20.60756492614746	13.574191093444824	0.0	7.9444804191589355	0.0	0.0	0.0	17.425708770751953	32.374263763427734	97.05925750732422	363.3983459472656	256.09002685546875	35.3055419921875	184.63462829589844	242.6989288330078	81.99165344238281	35.25697326660156	253.7161407470703	215.867431640625	64.81552124023438	0.0	0.0	26.38929557800293	45.65515899658203	13.261161804199219	0.0	0.0	0.0	0.0	0.0	0.0	0.0	0.0	0.0	0.0	32.432987213134766	0.0	0.0	0.0	5.908542633056641	32.10930252075195	231.0072479248047	383.2662048339844	256.3005676269531	47.37868118286133	245.40609741210938	320.53173828125	141.8721466064453	94.42076110839844	386.0124206542969	318.86956787109375	103.28785705566406	375.4696350097656	570.1177368164062	333.1098937988281	23.09765625	3.5954172611236572	0.0	1236.1424560546875	771.9044799804688	8.649103164672852	415.4197998046875	1185.908447265625	378.4329528808594	0.0	1048.6636962890625	1257.98828125	49.35307693481445	0.0	1007.8975830078125	694.4182739257812	0.0	1.1334748268127441	25.719860076904297	145.3749542236328	41.61650466918945	0.0	88.18653106689453	140.3919219970703	17.448518753051758	0.0	94.52811431884766	123.10453033447266	4.741710662841797	0.0	23.769699096679688	0.45858240127563477	0.0	23.73792839050293	0.0	227.5205078125	428.08477783203125	23.58620262145996	0.0	445.86468505859375	390.48095703125	9.142607688903809	268.6667175292969	557.6821899414062	181.68955993652344	204.49551391601562	488.9378662109375	573.3362426757812	100.8396224975586	78.56283569335938	121.28714752197266	144.11007690429688	53.99952697753906	110.73026275634766	20.60093879699707	160.86264038085938	59.59836196899414	109.95970916748047	134.07147216796875	171.8416290283203	34.234832763671875	95.07196807861328	30.735057830810547	8.814051628112793	39.5166130065918	103.67081451416016	7.0437703132629395	0.0	0.0	80.98565673828125	0.0	0.0	34.753173828125	94.19513702392578	0.0	0.0	32.524070739746094	0.0	0.0	0.0	0.0	9.180709838867188	405.59246826171875	605.0767211914062	105.73392486572266	20.18843650817871	696.2689819335938	667.4598999023438	181.67144775390625	171.989990234375	746.696533203125	482.79522705078125	173.71234130859375	474.015869140625	622.5882568359375	328.8990173339844	176.3502960205078	0.0	4.842558860778809	107.75914764404297	91.44856262207031	0.0	148.31314086914062	127.7761459350586	29.191125869750977	0.0	109.60363006591797	95.14922332763672	32.48597717285156	301.7521057128906	429.02606201171875	171.69107055664062	6.996213436126709	138.58668518066406	484.8550720214844	294.3822937011719	0.0	350.0186462402344	505.6776428222656	215.05447387695312	35.37256622314453	462.7686767578125	512.0361328125	168.9460906982422	0.0	404.0738220214844	305.38018798828125	0.0	0.0	31.123716354370117	0.0	235.88792419433594	228.47744750976562	27.734962463378906	0.0	64.72407531738281	53.16756820678711	33.551658630371094	0.0	57.945518493652344	57.31832504272461	64.91709899902344	270.246826171875	269.8779296875	68.01571655273438	67.56550598144531	264.91265869140625	349.3903503417969	124.89972686767578	105.4953384399414	153.93238830566406	0.0	112.45345306396484	142.3220977783203	123.55660247802734	0.0	58.969940185546875	248.4093017578125	78.89170837402344	127.2554702758789	102.4893569946289	0.0	0.0	189.4443817138672	207.77110290527344	0.0	0.0	347.53607177734375	195.72604370117188	0.0	58.68402099609375	339.2239074707031	93.74456787109375	65.54509735107422	722.2664184570312	623.9817504882812	63.11384201049805
43.8555908203125	1286.25341796875	1425.65771484375	103.3996353149414	219.62911987304688	1383.7744140625	1142.302734375	53.80261993408203	387.7392578125	1382.179443359375	807.3770751953125	62.70281219482422	526.0009765625	1147.9088134765625	320.0579833984375	65.74976348876953	12.943343162536621	0.0	58.42762756347656	0.0	0.0	0.0	0.0	0.0	0.0	0.417917937040329	0.0	12.089409828186035	0.0	0.0	0.0	13.168696403503418	46.62841033935547	100.48893737792969	348.4518737792969	143.8196258544922	8.08357048034668	218.97398376464844	286.8927001953125	101.5464859008789	0.0	273.7651672363281	229.05075073242188	69.08509063720703	0.0	129.15870666503906	48.178802490234375	16.079303741455078	12.88496208190918	0.0	0.0	1.7200536727905273	0.0	0.0	0.0	0.0	0.0	0.0	0.0	23.68177604675293	0.0	0.0	0.0	15.52917194366455	41.90351867675781	224.43551635742188	358.2774353027344	105.77989196777344	57.76029586791992	205.94541931152344	152.8902587890625	89.33580017089844	69.39537048339844	233.65225219726562	186.8963165283203	45.727928161621094	269.154296875	478.8738708496094	339.0535583496094	63.184391021728516	0.0	0.0	1203.26416015625	566.495849609375	3.150571823120117	371.0866394042969	1158.326171875	227.57058715820312	0.0	766.9574584960938	1176.6875	74.06304931640625	0.0	898.4242553710938	915.3091430664062	0.0	0.0	20.9322452545166	182.858642578125	23.255569458007812	0.0	119.92863464355469	166.43612670898438	29.91657829284668	0.0	125.19970703125	116.1758804321289	12.11407470703125	0.0	90.08145141601562	21.330385208129883	0.0	24.732282638549805	0.0	325.52276611328125	362.32574462890625	30.647945404052734	0.0	483.7853698730469	326.5000915527344	12.668514251708984	0.0	435.95849609375	150.37191772460938	144.14625549316406	323.9693298339844	543.1456298828125	79.652587890625	91.95769500732422	120.68489837646484	148.99664306640625	63.679935455322266	103.42826843261719	0.0	190.80047607421875	51.97301483154297	60.90480422973633	145.63011169433594	186.0743408203125	38.104923248291016	92.10865783691406	89.14601135253906	58.870765686035156	15.63228988647461	99.85431671142578	0.0	0.0	0.0	56.061614990234375	0.0	0.0	31.207000732421875	74.53616333007812	0.0	0.0	7.565605640411377	41.38835525512695	0.0	0.0	0.0	10.063826560974121	484.06915283203125	565.38671875	150.87489318847656	2.7137229442596436	709.0333862304688	531.6490478515625	182.61048889160156	84.67008209228516	696.7139892578125	350.8633117675781	123.28990173339844	255.19906616210938	676.4802856445312	266.2676086425781	138.47938537597656	0.0	98.01902770996094	129.60455322265625	97.84237670898438	0.0	157.20643615722656	75.44217681884766	19.822446823120117	0.0	64.30658721923828	10.87224006652832	17.402576446533203	126.25054168701172	287.655517578125	124.77006530761719	7.313552379608154	175.83721923828125	480.0711364746094	313.8918151855469	57.45098114013672	368.6083679199219	525.9607543945312	231.24349975585938	68.88054656982422	458.174560546875	441.2622985839844	236.8760223388672	0.0	424.1766662597656	306.10491943359375	71.00370025634766	0.0	40.44134521484375	0.0	20.2617130279541	97.20248413085938	29.54283332824707	0.0	101.14409637451172	14.693681716918945	0.0	0.0	30.194791793823242	37.77227020263672	67.8412094116211	249.1528778076172	226.45263671875	20.574291229248047	68.7563705444336	204.80657958984375	167.5447235107422	95.79649353027344	47.69706726074219	128.7627410888672	0.0	14.920699119567871	100.15190887451172	138.02523803710938	0.0	59.3795051574707	181.4593505859375	137.42031860351562	0.0	16.4122314453125	0.0	0.0	258.4909362792969	237.0944366455078	0.0	0.0	321.431884765625	124.33052062988281	0.0	98.56475067138672	269.6278381347656	4.477285385131836	0.0	410.768310546875	506.7548828125	35.74931716918945
454.2981262207031	448.86346435546875	542.1484985351562	543.6152954101562	452.0072021484375	596.2416381835938	1386.873291015625	945.145751953125	182.83209228515625	921.9370727539062	1512.53125	765.210205078125	102.00701904296875	1077.9859619140625	1168.957275390625	164.8476104736328	65.2251968383789	86.83611297607422	100.93258666992188	101.34425354003906	0.0	0.0	0.0	0.0	0.0	16.113473892211914	13.05966567993164	0.0	0.0	0.0	0.0	0.0	354.1758117675781	392.7030029296875	369.7117004394531	377.59625244140625	0.0	0.0	398.5885314941406	455.049072265625	95.8263168334961	144.2752227783203	322.2255554199219	189.45285034179688	48.01985168457031	0.0	0.0	64.49453735351562	15.376001358032227	8.165633201599121	4.9995646476745605	0.0	0.0	0.0	0.0	0.0	289.2165222167969	223.31837463378906	0.0	0.0	111.65373992919922	0.0	0.0	51.57771682739258	751.1988525390625	733.8977661132812	609.1924438476562	331.0651550292969	446.05499267578125	362.6133728027344	239.04281616210938	352.60968017578125	10.265257835388184	247.97679138183594	656.3582763671875	573.2886962890625	94.94847869873047	429.4010314941406	632.5547485351562	243.32485961914062	105.21729278564453	108.4375228881836	65.06538391113281	273.6365051269531	107.259521484375	0.0	184.59617614746094	748.0593872070312	0.0	0.0	1143.337646484375	1046.28369140625	9.510461807250977	148.3771514892578	1127.1632080078125	519.515625	11.836036682128906	33.93516540527344	31.346355438232422	46.35690689086914	0.0	0.0	104.13874053955078	94.98594665527344	62.961673736572266	84.36429595947266	137.72293090820312	142.39669799804688	2.5609774589538574	0.0	34.67923355102539	0.0	1246.57763671875	1111.775634765625	837.759521484375	537.1295166015625	736.2805786132812	700.2721557617188	450.1011962890625	422.37445068359375	247.2584686279297	242.38743591308594	344.03973388671875	433.44293212890625	163.55447387695312	321.21038818359375	576.458740234375	558.7742919921875	108.40193176269531	124.39081573486328	117.11576080322266	53.19397735595703	0.0	0.0	44.53291702270508	110.0722885131836	239.7161865234375	319.4194030761719	266.56500244140625	113.86730194091797	134.7093505859375	120.81449127197266	85.5295181274414	62.95631790161133	0.0	0.0	0.0	0.0	0.0	0.0	0.0	0.0	430.66326904296875	300.41748046875	0.0	0.0	261.5786437988281	0.0	0.0	11.894976615905762	361.1159973144531	351.8609619140625	346.7311096191406	353.09783935546875	346.92364501953125	326.23980712890625	429.865478515625	343.75189208984375	408.04010009765625	512.09814453125	665.6602783203125	405.4791259765625	64.54173278808594	514.9165649414062	689.5989990234375	357.1390380859375	0.0	0.31534355878829956	0.0	62.290138244628906	693.5204467773438	617.584228515625	270.8423156738281	93.53594207763672	289.1188659667969	220.47666931152344	264.3333435058594	206.1573944091797	12.846137046813965	336.1142272949219	421.6412048339844	164.85208129882812	0.0	13.979958534240723	74.68010711669922	43.383689880371094	0.0	0.0	115.07006072998047	59.6220703125	0.0	176.43763732910156	231.82325744628906	0.0	221.1250457763672	316.0432434082031	165.95254516601562	0.0	606.514404296875	594.7243041992188	358.8627014160156	181.45875549316406	1038.5771484375	1101.0606689453125	715.9896240234375	341.7689208984375	145.57025146484375	19.305734634399414	105.61524963378906	185.53379821777344	230.20350646972656	212.0498809814453	274.948974609375	154.85902404785156	202.53115844726562	181.28514099121094	155.02610778808594	132.88409423828125	1218.1575927734375	1348.7718505859375	1151.3973388671875	589.3402709960938	916.6600341796875	1103.4449462890625	1092.3228759765625	344.6848449707031	94.2098159790039	297.8243103027344	0.0	86.57858276367188	0.0	0.0	0.0	24.86203956604004	839.3699340820312	768.1406860351562	314.53167724609375	136.60963439941406	207.96209716796875	85.28101348876953	31.16753578186035	302.59954833984375	0.0	107.43450927734375	690.860595703125	544.5857543945312
679.0496826171875	1024.16796875	1119.124267578125	941.666748046875	1276.843017578125	979.4371948242188	656.2556762695312	1358.6329345703125	1365.588134765625	689.8910522460938	1084.84814453125	1193.28759765625	751.9215698242188	844.461669921875	813.8426513671875	196.3512420654297	55.32413101196289	26.73751449584961	0.0	0.0	0.0	0.0	0.0	40.94882583618164	0.0	0.0	0.0	72.67755889892578	0.0	0.0	0.0	0.0	381.2463684082031	311.4732360839844	105.20284271240234	348.9337463378906	364.9129333496094	19.581546783447266	319.0924072265625	489.7365417480469	158.52586364746094	588.5487060546875	516.4746704101562	261.7507629394531	340.53436279296875	291.0256652832031	0.0	105.66326904296875	10.155938148498535	0.0	0.0	0.0	0.0	0.0	61.79201126098633	61.02695083618164	0.0	109.3432388305664	59.55592346191406	0.0	0.0	0.0	0.0	134.50328063964844	87.4986801147461	789.4807739257812	857.1494750976562	535.0255126953125	695.61083984375	761.1177978515625	150.3320770263672	557.4854736328125	520.34130859375	105.28196716308594	952.9471435546875	889.6766967773438	680.6719360351562	1096.908935546875	1125.1859130859375	197.01986694335938	0.0	772.1891479492188	1060.1280517578125	352.37481689453125	982.3182373046875	1133.2239990234375	692.6199951171875	906.451416015625	1312.3389892578125	715.4267578125	539.6602783203125	1190.6094970703125	725.9580078125	310.3948669433594	650.7139892578125	533.8410034179688	41.85603713989258	45.49595642089844	11.70979118347168	112.93441009521484	54.99534606933594	50.647003173828125	91.225830078125	90.07413482666016	81.408935546875	110.61498260498047	14.750566482543945	53.27832794189453	26.36444091796875	0.0	0.0	11.301136016845703	215.54335021972656	401.4828186035156	574.8629760742188	445.5179443359375	386.8494567871094	496.41424560546875	257.89990234375	251.24359130859375	285.1147155761719	472.0517883300781	567.6390380859375	494.1322021484375	1174.9140625	1136.1817626953125	815.6207275390625	367.5860595703125	240.16873168945312	202.34251403808594	20.908647537231445	42.78152847290039	179.29360961914062	0.0	384.9522399902344	409.6257019042969	72.63897705078125	458.7059020996094	396.91510009765625	270.2569580078125	226.0011749267578	238.20840454101562	0.0	173.5578155517578	19.547208786010742	0.0	0.0	0.0	0.0	0.0	0.0	0.0	0.0	38.32670593261719	74.77281188964844	0.0	0.0	0.0	0.0	0.0	181.67857360839844	502.4821472167969	497.61968994140625	554.6486206054688	359.3626708984375	591.7604370117188	648.3823852539062	825.3341674804688	593.1148071289062	562.1906127929688	645.6168212890625	808.4446411132812	605.979736328125	509.2997131347656	615.302978515625	549.3663940429688	0.0	257.83154296875	581.7857666015625	408.68572998046875	267.4998474121094	556.333984375	596.4568481445312	102.17902374267578	476.945556640625	433.4399719238281	223.46388244628906	381.4294738769531	175.45811462402344	716.3290405273438	877.5885620117188	592.83642578125	233.8949737548828	374.25860595703125	241.28269958496094	47.15410614013672	401.9725036621094	293.5318603515625	88.34754943847656	0.0	399.9700927734375	0.0	167.91757202148438	39.25081253051758	84.23041534423828	0.0	23.70602798461914	0.0	136.80404663085938	47.9201774597168	487.60107421875	542.3525390625	78.1026382446289	226.6845703125	92.31697082519531	380.237548828125	24.68832778930664	277.3341979980469	184.4214324951172	126.7958755493164	931.2349243164062	512.0704956054688	237.717041015625	232.32666015625	211.20761108398438	463.47711181640625	372.7403869628906	640.0371704101562	250.89892578125	111.61349487304688	537.5324096679688	851.3741455078125	93.87747192382812	640.0741577148438	570.4296875	129.06210327148438	174.34596252441406	268.81414794921875	250.99295043945312	365.26690673828125	0.0	0.0	511.438232421875	549.6055297851562	0.0	661.5081787109375	673.8468627929688	239.03890991210938	463.8741760253906	628.298583984375	80.48893737792969	492.9565124511719	481.6358947753906	546.02392578125	1013.0101928710938	951.0086669921875
972.1263427734375	561.201904296875	1210.47705078125	526.8138427734375	842.5194702148438	732.6144409179688	1411.738037109375	565.4503784179688	411.0150146484375	1283.2958984375	1079.4967041015625	600.0146484375	438.47210693359375	1384.67431640625	579.8760375976562	337.23773193359375	0.0	0.0	0.0	46.77058792114258	0.0	0.0	121.51361083984375	5.401566982269287	0.0	0.0	17.939163208007812	0.0	45.87436294555664	27.11114501953125	0.0	0.0	252.02012634277344	143.76744079589844	673.8289794921875	559.90576171875	77.01773071289062	228.43540954589844	398.8672180175781	299.3563232421875	0.0	189.33888244628906	209.9178924560547	196.1696014404297	127.57649230957031	261.0532531738281	46.41030502319336	0.0	0.0	0.0	0.0	0.0	0.0	0.0	0.0	0.0	127.96968841552734	22.576425552368164	0.0	0.0	22.429353713989258	29.09877586364746	118.06988525390625	100.9613265991211	433.52679443359375	715.06689453125	294.1162414550781	357.4490966796875	244.15576171875	476.13519287109375	761.8632202148438	428.2120361328125	168.44813537597656	194.04029846191406	402.40557861328125	291.1353454589844	84.60900115966797	419.8753967285156	350.80328369140625	165.60394287109375	479.97161865234375	995.2064819335938	259.0326232910156	732.3106689453125	600.1246948242188	512.7100830078125	843.2017822265625	740.7334594726562	205.81300354003906	101.7895736694336	877.1285400390625	253.04940795898438	0.0	1050.835693359375	1096.6436767578125	212.69371032714844	72.04795837402344	22.1885929107666	30.493165969848633	66.81806945800781	66.77587890625	79.1829833984375	155.4204559326172	67.95797729492188	57.379051208496094	49.065040588378906	127.79097747802734	29.737720489501953	13.468690872192383	81.66842651367188	83.88922119140625	0.0	361.2173767089844	571.0384521484375	433.5755310058594	404.30096435546875	473.6876220703125	853.5518188476562	399.48687744140625	450.8333435058594	0.0	0.0	326.747314453125	418.6362609863281	91.97483825683594	155.4014892578125	408.17608642578125	88.1587142944336	121.2516860961914	1.726704716682434	156.4110565185547	119.8757095336914	0.0	251.3330078125	210.58551025390625	35.104026794433594	213.54714965820312	62.68548583984375	209.3129425048828	68.59681701660156	299.8430480957031	187.9308624267578	188.2054443359375	103.25261688232422	0.0	0.0	0.0	0.0	0.0	0.0	0.0	0.0	0.0	0.0	0.0	0.0	236.38026428222656	0.0	12.58887767791748	0.0	237.34376525878906	191.3389892578125	332.9071960449219	280.0517883300781	537.4146118164062	515.2135009765625	790.32421875	185.71498107910156	524.8853759765625	634.2620849609375	713.1389770507812	437.7405090332031	258.2420959472656	705.9813842773438	366.18731689453125	463.92132568359375	229.11390686035156	394.0808410644531	278.150146484375	57.78956985473633	241.62144470214844	173.5332489013672	216.69944763183594	119.66059875488281	323.0345764160156	283.69781494140625	355.3272705078125	123.76676177978516	0.0	197.82681274414062	175.2957000732422	147.485107421875	309.2746276855469	0.0	15.069636344909668	79.90997314453125	276.3609619140625	225.939208984375	99.39009094238281	117.71836853027344	119.85063171386719	176.53305053710938	86.4504165649414	76.06232452392578	283.06427001953125	284.6154479980469	73.7056884765625	0.0	237.51492309570312	838.33544921875	821.5325317382812	222.5192108154297	702.0134887695312	470.2150573730469	236.21847534179688	388.5577697753906	621.6599731445312	702.2210083007812	69.52265930175781	227.0150909423828	183.77699279785156	0.0	0.0	155.24703979492188	240.93722534179688	752.21826171875	1064.42724609375	230.89703369140625	271.66839599609375	767.1484375	942.1633911132812	231.19387817382812	488.47174072265625	864.4034423828125	514.9485473632812	232.45486450195312	72.14911651611328	205.4373016357422	0.0	181.77462768554688	9.749455451965332	345.93902587890625	293.76702880859375	154.0792999267578	165.9005584716797	191.90618896484375	18.017044067382812	208.1292724609375	463.90692138671875	305.8794250488281	403.4106140136719	283.894287109375	0.0	12.421246528625488	370.7602233886719	207.70303344726562
1458.197265625	1348.1075439453125	1034.320556640625	726.498291015625	1374.8187255859375	724.3452758789062	913.2845458984375	1346.33642578125	1242.206298828125	463.1271667480469	1436.9410400390625	1303.798095703125	1156.35400390625	924.3306274414062	1095.3680419921875	509.42303466796875	0.0	21.08851432800293	0.0	0.0	0.0	0.0	0.0	0.0	0.0	0.0	21.25360870361328	0.0	0.0	0.0	0.0	0.0	274.7091064453125	273.0395812988281	476.57208251953125	538.5267333984375	161.0132598876953	0.0	202.45811462402344	486.3881530761719	263.1723937988281	354.6951599121094	319.8068542480469	418.3108215332031	75.9006576538086	273.07696533203125	0.0	0.0	0.0	0.0	0.0	0.0	0.0	0.0	0.0	0.0	0.0	0.0	0.0	0.0	0.0	0.0	0.0	42.52896499633789	407.76800537109375	517.1005249023438	367.8755187988281	215.6891326904297	304.8878479003906	276.389404296875	299.1177062988281	403.1659240722656	178.87631225585938	280.1194152832031	565.1791381835938	634.58837890625	377.7661437988281	671.076904296875	926.0403442382812	611.9794311523438	568.8590087890625	1014.611083984375	432.5852966308594	264.8350524902344	927.1233520507812	979.8553466796875	287.4623107910156	734.5498657226562	645.1664428710938	589.485107421875	308.758056640625	1017.784912109375	264.5028991699219	226.75735473632812	581.7520751953125	782.8812255859375	58.4582405090332	96.11703491210938	86.63192749023438	62.391937255859375	144.1224365234375	54.22675323486328	110.16613006591797	101.97107696533203	129.91262817382812	54.4485969543457	28.92133903503418	85.9034423828125	0.0	0.0	0.0	13.73283576965332	53.9174690246582	364.25115966796875	445.7867736816406	440.1438903808594	45.141929626464844	389.2456359863281	100.77816772460938	183.49539184570312	363.87799072265625	593.2142333984375	241.1090087890625	481.3427429199219	531.1065673828125	1093.904541015625	825.7243041992188	483.5266418457031	95.7149887084961	86.39519500732422	10.237666130065918	0.0	80.9963150024414	126.84033203125	139.66622924804688	106.37110137939453	65.66754913330078	162.26051330566406	210.40306091308594	199.1688232421875	120.83126831054688	54.843631744384766	0.0	3.179732084274292	0.0	0.0	0.0	0.0	0.0	0.0	0.0	0.0	0.0	0.0	0.0	0.0	0.0	0.0	0.0	0.0	515.5733032226562	457.90081787109375	368.5924987792969	217.51235961914062	676.11865234375	694.2262573242188	604.2569580078125	539.8890380859375	686.3171997070312	835.803466796875	746.2319946289062	742.257080078125	684.2808227539062	639.8270874023438	731.698486328125	610.3984985351562	148.7504119873047	140.3477020263672	139.38209533691406	81.67681884765625	240.95042419433594	190.3739776611328	155.02438354492188	20.324926376342773	124.08163452148438	13.7977294921875	159.49020385742188	96.40269470214844	290.798095703125	367.0519104003906	603.9364624023438	411.7384033203125	503.94482421875	380.5378723144531	260.1246643066406	55.94240188598633	548.0289916992188	324.1684875488281	329.25836181640625	115.5461196899414	337.9881286621094	386.9853210449219	321.8348693847656	167.1011199951172	56.47829055786133	158.1794891357422	184.73703002929688	0.0	0.0	315.709716796875	650.5391235351562	608.7529296875	0.0	133.2010498046875	368.52362060546875	526.1324462890625	465.2628479003906	178.91091918945312	351.9382019042969	192.74398803710938	990.2100219726562	1220.0245361328125	300.6204833984375	276.3891296386719	244.271728515625	272.7520446777344	600.8895874023438	377.0574645996094	110.07136535644531	330.52655029296875	508.8907470703125	642.4903564453125	288.0670166015625	325.606201171875	399.6429443359375	92.12740325927734	651.522216796875	588.395263671875	12.38148307800293	139.83151245117188	0.0	201.71844482421875	66.69539642333984	95.16786193847656	255.98548889160156	332.2977600097656	206.6121826171875	44.455928802490234	309.0741882324219	268.0809631347656	6.4118571281433105	328.9927978515625	308.4056701660156	284.6092529296875	842.0245361328125	839.5012817382812
1288.5316162109375	718.50146484375	623.4774780273438	723.2797241210938	1211.4818115234375	85.64778900146484	337.34515380859375	1107.6593017578125	862.9567260742188	144.53326416015625	230.64657592773438	1188.745849609375	753.797607421875	173.21217346191406	550.8527221679688	891.008056640625	39.17850875854492	0.0	0.0	0.0	6.1267547607421875	0.0	30.927156448364258	66.70317840576172	0.0	35.23816680908203	64.59454345703125	58.45728302001953	0.0	25.524433135986328	88.99815368652344	2.8636326789855957	126.77092742919922	0.0	159.93478393554688	394.4958190917969	185.08468627929688	195.04396057128906	0.0	281.492919921875	247.88589477539062	176.67507934570312	200.3533477783203	277.5263366699219	360.07574462890625	337.016845703125	261.2316589355469	104.21195983886719	0.0	79.01119995117188	29.76426124572754	0.0	0.0	232.96421813964844	185.5178985595703	0.0	0.0	78.76166534423828	71.4948959350586	0.0	0.0	40.86302947998047	0.0	0.0	533.418701171875	755.980224609375	293.16827392578125	284.9027404785156	287.9026184082031	0.0	255.34596252441406	179.17245483398438	57.83211898803711	86.49251556396484	35.98415756225586	359.230224609375	276.3784484863281	480.84771728515625	877.9471435546875	861.1072998046875	988.8262329101562	1199.0521240234375	0.0	104.88584899902344	1217.7974853515625	584.4638061523438	0.0	0.0	755.3458251953125	58.19113540649414	50.44517135620117	577.3862915039062	244.39633178710938	4.779361724853516	0.0	868.100830078125	66.24374389648438	120.47797393798828	23.954153060913086	64.17289733886719	112.40364074707031	102.01753234863281	2.9889190196990967	33.90815353393555	165.2056121826172	0.0	33.06414031982422	89.50868225097656	24.23107147216797	0.0	0.0	101.22608947753906	152.97283935546875	325.3211975097656	365.8651428222656	462.33538818359375	277.99090576171875	451.71038818359375	92.59842681884766	51.90753936767578	378.0904235839844	254.6966552734375	37.595497131347656	60.235504150390625	871.0064697265625	1086.9443359375	953.1284790039062	446.8690490722656	81.53126525878906	20.673274993896484	88.7886962890625	0.0	89.4115982055664	187.9938201904297	250.20156860351562	311.1444396972656	126.3929672241211	115.25874328613281	163.52967834472656	208.1881561279297	54.032569885253906	39.88960266113281	196.46835327148438	44.17934036254883	0.0	0.0	0.0	0.0	5.206719875335693	302.5499572753906	234.7209930419922	0.0	19.972192764282227	108.11640930175781	151.12094116210938	0.0	0.0	0.0	0.0	0.0	542.7141723632812	337.8965148925781	367.02032470703125	240.18875122070312	609.9933471679688	362.14239501953125	425.34527587890625	307.7787780761719	533.9829711914062	284.1368408203125	148.8663787841797	620.790283203125	332.6427917480469	411.60711669921875	373.8743591308594	636.4443359375	387.45892333984375	596.7669067382812	533.527099609375	262.520263671875	296.22991943359375	176.79571533203125	221.09547424316406	180.2516326904297	162.7303009033203	7.6065354347229	0.0	25.824016571044922	91.98587036132812	0.0	190.40194702148438	453.3287658691406	414.28216552734375	0.0	0.0	0.0	405.6741943359375	0.0	0.0	18.16644287109375	203.10601806640625	0.0	191.3089599609375	260.810302734375	178.9496612548828	17.593660354614258	210.2706298828125	237.3433837890625	0.0	702.9318237304688	1174.7264404296875	1046.2822265625	59.88825988769531	154.72779846191406	0.0	647.1715087890625	25.9222412109375	41.88597869873047	115.66130065917969	0.0	1040.72705078125	521.0933227539062	255.59535217285156	239.85459899902344	338.95233154296875	670.0952758789062	1411.095458984375	1096.79541015625	17.85761260986328	206.98500061035156	688.469970703125	901.3762817382812	0.0	195.90432739257812	168.64791870117188	196.41375732421875	386.0543518066406	180.01931762695312	321.92535400390625	155.28587341308594	79.5525894165039	745.613037109375	559.5311889648438	250.51429748535156	407.00897216796875	569.8709716796875	0.0	14.589521408081055	389.0512390136719	216.22463989257812	11.909494400024414	0.0	175.77371215820312	0.0	0.0	484.45916748046875
668.7150268554688	1165.1729736328125	1260.5711669921875	1176.5040283203125	1301.056884765625	1300.1055908203125	1278.5711669921875	410.94903564453125	1066.162841796875	1086.7489013671875	960.0814208984375	137.9619140625	646.151123046875	1196.1795654296875	108.02495574951172	250.2816619873047	56.0893440246582	121.23593139648438	69.30029296875	45.42060089111328	0.0	95.84339904785156	22.51934051513672	0.0	0.0	0.0	0.0	0.0	5.8024983406066895	0.0	0.0	36.90464401245117	177.8192901611328	521.7988891601562	282.3697509765625	265.1312255859375	146.52279663085938	394.3668212890625	375.99969482421875	159.7908935546875	0.0	0.0	0.0	115.88497924804688	0.0	137.49118041992188	73.14447021484375	132.4281463623047	0.0	0.0	0.0	0.0	0.0	0.0	0.0	58.47538757324219	0.0	0.0	0.0	2.616867780685425	18.25750732421875	173.85040283203125	183.4943084716797	121.72953033447266	103.5455551147461	406.7685241699219	375.9101257324219	380.7365417480469	447.09820556640625	514.196533203125	521.1815795898438	247.76544189453125	626.5543212890625	433.0238037109375	455.20770263671875	194.16749572753906	136.8307342529297	518.6697998046875	308.1327819824219	103.26383972167969	0.0	848.6163330078125	391.2170715332031	1162.7047119140625	121.50902557373047	934.6148071289062	844.35302734375	1153.4893798828125	515.5318603515625	681.0084838867188	849.5572509765625	202.19583129882812	182.60842895507812	864.9984741210938	796.4525146484375	0.0	6.930241584777832	99.86425018310547	91.9166030883789	105.40116119384766	44.29304885864258	132.4728240966797	114.57623291015625	115.62619018554688	62.254085540771484	70.3501205444336	21.85433006286621	0.0	48.26520919799805	62.26515579223633	100.70155334472656	0.0	7.390714645385742	208.14019775390625	288.579345703125	340.6224060058594	259.7224426269531	686.1768798828125	607.089111328125	474.08428955078125	291.8631286621094	846.574462890625	673.554931640625	620.75634765625	334.810791015625	410.6587219238281	522.06396484375	75.0032958984375	142.4473419189453	172.6737518310547	182.9921417236328	85.7756576538086	131.2856903076172	222.09458923339844	10.396515846252441	125.54098510742188	0.0	33.3986701965332	0.0	56.916175842285156	204.9079132080078	167.97079467773438	162.85760498046875	138.55178833007812	118.30422973632812	163.01202392578125	0.0	0.0	0.0	0.0	0.0	0.0	0.0	0.0	0.0	0.0	18.742191314697266	121.89533233642578	82.10623168945312	133.72393798828125	84.32593536376953	292.953857421875	516.79296875	391.0469055175781	532.9542846679688	552.9130859375	796.6109008789062	404.0099182128906	612.4086303710938	582.889892578125	849.8803100585938	305.8545837402344	539.6327514648438	700.4366455078125	509.15478515625	154.47608947753906	0.0	0.0	199.3904266357422	147.85400390625	83.04532623291016	39.033172607421875	195.15664672851562	128.3268585205078	407.1118469238281	495.97552490234375	320.0369567871094	247.65476989746094	298.6048583984375	306.4219665527344	280.2955627441406	91.14187622070312	269.25921630859375	313.79742431640625	372.1906433105469	186.3033905029297	430.5321044921875	523.4055786132812	433.0143127441406	15.195144653320312	333.02435302734375	389.0500183105469	129.89187622070312	0.0	170.2640838623047	83.8515396118164	0.0	0.0	205.61790466308594	109.64779663085938	0.0	176.45657348632812	0.0	0.0	0.0	35.040283203125	325.1031494140625	504.4964294433594	515.8689575195312	372.3377380371094	0.45171883702278137	80.61436462402344	115.85698699951172	205.53558349609375	227.20411682128906	211.07798767089844	139.34906005859375	205.25221252441406	187.30442810058594	187.41294860839844	119.21619415283203	0.0	361.16290283203125	420.419677734375	374.7592468261719	158.67605590820312	498.77398681640625	684.9982299804688	591.4827270507812	555.5715942382812	0.0	0.0	0.0	303.9601745605469	0.0	70.08078002929688	79.11801147460938	401.5760803222656	397.1828918457031	678.6050415039062	786.72119140625	583.3643188476562	301.87152099609375	298.7292175292969	474.4145812988281	193.4611358642578
694.2742919921875	475.5394287109375	305.68548583984375	256.9347839355469	1031.8057861328125	828.3052978515625	204.09999084472656	190.47964477539062	1288.582275390625	946.2766723632812	529.43310546875	32.37312316894531	540.9801025390625	971.5758056640625	1077.08251953125	56.11407470703125	0.0	0.0	0.0	0.0	0.0	0.0	106.34004974365234	56.973854064941406	0.0	0.0	76.42985534667969	0.0	0.0	0.0	84.44966888427734	6.120629787445068	122.64600372314453	39.996803283691406	0.0	0.0	501.2550964355469	723.6079711914062	265.4922790527344	84.28876495361328	251.49298095703125	345.0744323730469	517.0399780273438	179.2642822265625	0.0	237.45193481445312	553.7982788085938	246.20091247558594	0.0	0.0	0.0	0.0	0.0	29.52635955810547	170.29469299316406	168.9876251220703	0.0	0.0	10.966595649719238	102.75602722167969	89.5685806274414	26.134963989257812	0.0	0.0	393.20391845703125	605.5086059570312	288.5910339355469	245.7371368408203	96.50305938720703	221.78573608398438	175.28578186035156	114.10731506347656	742.504150390625	711.8325805664062	292.1342468261719	126.79810333251953	291.9864501953125	819.3670654296875	943.44482421875	318.7917175292969	316.995361328125	620.5813598632812	71.08955383300781	16.245628356933594	76.27971649169922	463.4376220703125	84.71393585205078	0.0	599.0079956054688	830.5723266601562	193.10755920410156	232.4860076904297	646.5470581054688	353.2124938964844	567.84814453125	380.4686279296875	45.011871337890625	69.34457397460938	0.0	0.0	135.48931884765625	141.92208862304688	74.67815399169922	101.77166748046875	56.88230514526367	19.86684799194336	50.98807907104492	0.0	87.9637680053711	66.09407043457031	33.85740661621094	50.06449890136719	319.9861145019531	567.54052734375	653.2046508789062	820.0908813476562	150.22845458984375	590.1968383789062	390.9716491699219	207.13011169433594	433.1634521484375	815.4470825195312	593.6188354492188	221.16278076171875	346.94110107421875	691.8934326171875	406.7647399902344	328.5872802734375	61.254913330078125	0.0	0.0	0.0	97.40850830078125	181.84646606445312	180.96670532226562	241.7578125	116.36651611328125	53.30733871459961	9.755017280578613	77.05882263183594	252.88453674316406	339.56329345703125	136.70065307617188	6.256061553955078	0.0	0.0	0.0	0.0	0.0	234.0945281982422	166.45948791503906	211.1211395263672	0.0	0.0	0.0	126.73760986328125	0.0	0.0	0.0	0.0	314.33892822265625	246.41578674316406	297.6678771972656	195.07077026367188	446.8382568359375	489.9889221191406	426.4327087402344	294.9503173828125	574.47705078125	242.60154724121094	311.96575927734375	168.90464782714844	692.7850341796875	712.647705078125	393.8139953613281	164.99700927734375	384.3428955078125	569.8912963867188	541.0404052734375	581.6658935546875	190.72203063964844	195.22793579101562	257.9366455078125	265.1832275390625	321.8427429199219	277.20477294921875	123.55504608154297	0.0	492.52215576171875	345.3304443359375	214.56997680664062	176.71597290039062	229.34329223632812	0.0	0.0	0.0	210.61676025390625	45.25362777709961	0.0	0.0	255.05880737304688	0.0	28.129959106445312	0.0	198.58970642089844	13.991978645324707	0.0	0.0	351.9560852050781	880.06298828125	1107.192138671875	1133.138916015625	449.7885437011719	292.2341003417969	102.37300109863281	58.96173095703125	454.437255859375	1059.4136962890625	390.1397399902344	147.6934051513672	74.35066223144531	673.719482421875	610.6376953125	157.4461669921875	359.77655029296875	835.89404296875	1251.6048583984375	1218.9022216796875	345.3031005859375	615.1859130859375	899.6317138671875	1057.4560546875	440.7964782714844	331.42669677734375	130.2427978515625	53.935401916503906	351.3605041503906	979.8502807617188	880.501708984375	19.496601104736328	139.10665893554688	735.7026977539062	742.8475952148438	662.6159057617188	37.31865692138672	267.707763671875	124.395263671875	173.4652557373047	85.39866638183594	257.2901306152344	188.0909423828125	95.81721496582031	503.816162109375	618.85546875	15.780741691589355	142.68218994140625
197.12811279296875	457.6686096191406	885.7417602539062	688.0177001953125	478.0819396972656	387.43304443359375	567.1458740234375	327.9053649902344	415.3358154296875	199.05836486816406	440.0274658203125	855.9014282226562	279.7084045410156	120.79869842529297	506.0290832519531	824.5536499023438	0.0	179.93923950195312	38.76301956176758	3.630054235458374	0.0	0.0	32.66102981567383	0.0	14.290374755859375	0.0	12.480948448181152	13.301139831542969	0.0	34.501220703125	74.94496154785156	0.0	266.4929504394531	351.46820068359375	342.9674072265625	477.7423400878906	367.2200622558594	225.84194946289062	0.24329720437526703	265.7645263671875	16.619781494140625	115.6419906616211	193.12046813964844	497.9004821777344	399.2875671386719	249.67156982421875	97.75543212890625	0.0	194.5298309326172	114.31787109375	0.0	0.0	188.45791625976562	0.0	0.0	96.95626068115234	183.0952911376953	336.7474365234375	215.34336853027344	0.0	50.907649993896484	226.34457397460938	103.3570785522461	0.0	73.26990509033203	132.92843627929688	618.5302734375	535.8174438476562	635.8917846679688	774.6748046875	853.2689208984375	278.9296569824219	321.3255310058594	103.82759857177734	119.80724334716797	429.05145263671875	439.8594970703125	654.8379516601562	748.1149291992188	948.400634765625	514.7748413085938	0.0	250.86766052246094	548.954345703125	249.10499572753906	208.8912353515625	378.9823303222656	264.76861572265625	436.5750732421875	210.15489196777344	0.0	281.2495422363281	138.5531463623047	0.0	0.0	420.0486755371094	73.74738311767578	61.46678924560547	154.369873046875	75.74114227294922	0.0	0.0	0.0	0.3555869460105896	56.080360412597656	76.657470703125	70.00569915771484	11.712257385253906	14.26915168762207	0.0	0.0	37.740543365478516	122.5778579711914	82.41192626953125	106.2259521484375	361.6231689453125	914.2999267578125	973.991455078125	925.1460571289062	788.9614868164062	47.56269836425781	0.0	61.13361358642578	365.52099609375	1070.29833984375	1123.0201416015625	941.388427734375	553.9129028320312	224.07553100585938	315.489501953125	254.50234985351562	39.611915588378906	243.01414489746094	197.14154052734375	49.33539962768555	45.15187072753906	24.513093948364258	190.6490020751953	241.3660430908203	114.8218765258789	165.45001220703125	340.6200866699219	371.82537841796875	35.96818923950195	0.0	0.0	0.0	0.0	200.89010620117188	46.97123718261719	0.0	0.0	0.0	0.0	0.0	0.0	3.447336196899414	86.12890625	0.0	0.0	409.5863342285156	470.37371826171875	517.3798217773438	290.8028259277344	399.2764892578125	511.226318359375	665.6461791992188	517.8987426757812	510.95635986328125	552.2338256835938	471.2781677246094	442.14154052734375	518.5687866210938	576.2564086914062	505.9895935058594	580.5070190429688	556.1004638671875	378.73199462890625	268.0040588378906	297.1282958984375	168.15054321289062	402.6854248046875	438.8181457519531	345.5792541503906	618.7999877929688	733.4151000976562	517.83935546875	125.25186157226562	118.18395233154297	111.83868408203125	396.8147888183594	550.4862670898438	0.0	0.0	0.0	0.0	0.0	0.0	20.90922737121582	0.0	0.0	0.0	0.0	0.0	0.0	0.0	0.0	0.0	0.0	399.3402099609375	763.7123413085938	573.2822875976562	768.4732055664062	846.8636474609375	707.42431640625	135.76605224609375	330.36724853515625	510.0724182128906	1094.544189453125	916.4229736328125	1186.877685546875	708.2557983398438	557.5034790039062	441.7303466796875	765.5297241210938	1329.4010009765625	1289.3934326171875	721.2391967773438	265.59161376953125	57.079254150390625	0.0	391.2085876464844	716.0897216796875	1164.7801513671875	1349.08056640625	1305.202880859375	220.31072998046875	331.81634521484375	469.545654296875	602.9567260742188	642.2874755859375	552.4116821289062	196.98265075683594	229.99185180664062	28.55089569091797	320.3102722167969	381.50634765625	327.6054382324219	585.9122924804688	882.7374267578125	834.4931030273438	247.08839416503906	232.16702270507812	79.72130584716797	246.70062255859375	541.40966796875
1070.303955078125	81.65775299072266	995.7610473632812	1393.4891357421875	838.71240234375	426.1416320800781	1160.3846435546875	1156.116943359375	626.2203369140625	513.7422485351562	1175.549072265625	747.5894165039062	247.43873596191406	665.1271362304688	1320.583251953125	211.57546997070312	51.56688690185547	9.088421821594238	56.25353240966797	63.52724075317383	0.0	72.50988006591797	55.99592590332031	68.25592803955078	0.0	0.0	0.0	0.0	0.0	0.0	0.0	0.0	477.10406494140625	169.69874572753906	53.13343811035156	303.0341796875	315.1097106933594	412.5812683105469	254.88746643066406	369.838134765625	107.44587707519531	25.604154586791992	249.20127868652344	127.26985168457031	69.44512176513672	0.0	375.5758972167969	194.43582153320312	0.0	0.0	0.0	0.0	0.0	6.631794452667236	0.0	0.0	0.0	0.0	0.0	0.0	272.9627685546875	126.04930877685547	0.0	33.5814094543457	513.95849609375	434.47625732421875	160.82119750976562	354.98358154296875	364.5135192871094	662.4447021484375	671.3312377929688	450.045166015625	501.559326171875	606.4822998046875	439.3572998046875	220.83456420898438	0.0	320.76153564453125	580.8389892578125	332.9034729003906	990.955322265625	489.2608642578125	0.0	1223.5130615234375	989.3950805664062	0.0	233.55325317382812	1023.3634033203125	274.07672119140625	43.582332611083984	560.1399536132812	988.1234741210938	59.698665618896484	0.0	868.3099975585938	799.7608032226562	69.44837188720703	38.714569091796875	0.0	140.33509826660156	106.18875122070312	0.0	21.95550537109375	168.6848907470703	0.0	0.0	100.26244354248047	55.631591796875	19.28659439086914	26.104015350341797	128.68112182617188	96.27134704589844	473.4623107910156	427.7981262207031	16.626588821411133	112.93522644042969	1197.2774658203125	991.191650390625	503.5459899902344	799.9063110351562	1084.5823974609375	1050.843017578125	466.6247863769531	435.25439453125	253.98046875	306.4095153808594	362.9375	538.7446899414062	148.2807159423828	15.298842430114746	144.97987365722656	134.31109619140625	139.35475158691406	170.61854553222656	159.47068786621094	205.9761505126953	0.0	0.0	90.20967864990234	172.2249755859375	224.2601776123047	291.2327880859375	197.59046936035156	162.2264862060547	0.0	0.0	54.00187301635742	0.0	0.0	0.0	0.0	0.0	0.0	0.0	0.0	0.0	280.8116455078125	289.416748046875	52.77899169921875	45.399288177490234	297.5291442871094	163.81837463378906	365.4555358886719	636.0199584960938	491.61480712890625	461.5213928222656	868.3849487304688	793.2300415039062	382.1813659667969	371.4827880859375	759.7183837890625	474.7754821777344	356.763671875	396.6239013671875	689.7645874023438	381.23046875	201.7361297607422	237.17755126953125	0.0	166.53143310546875	280.40277099609375	148.11598205566406	230.3627471923828	111.01918029785156	570.2706909179688	571.2291259765625	458.22412109375	253.0147247314453	410.8929138183594	317.3248596191406	256.9356384277344	107.45179748535156	184.31922912597656	17.20985221862793	427.6114501953125	318.5506591796875	134.50640869140625	45.055789947509766	410.4289245605469	162.3946075439453	0.0	0.0	232.26571655273438	11.572347640991211	0.0	3.199709892272949	0.0	0.0	289.6805114746094	160.9341278076172	39.150177001953125	95.35765838623047	352.395263671875	310.7188720703125	63.803890228271484	339.5149841308594	1300.7220458984375	867.2081909179688	294.7408447265625	549.3697509765625	0.0	35.399776458740234	244.4726104736328	255.8798828125	133.83966064453125	123.82701110839844	245.7895050048828	313.5029602050781	168.57131958007812	467.4607238769531	324.1798095703125	0.0	1028.69287109375	976.7470092773438	657.048583984375	361.8990478515625	976.9556274414062	1325.44140625	1096.430908203125	164.80038452148438	29.827159881591797	256.9847412109375	0.0	230.95115661621094	336.28472900390625	286.6896057128906	0.0	324.8505554199219	700.7720947265625	592.1012573242188	606.9070434570312	611.4202880859375	344.91650390625	210.0926971435547	121.6183090209961	291.6216125488281
1089.043701171875	1101.2474365234375	343.05072021484375	349.4691162109375	1131.8062744140625	488.5021057128906	834.00537109375	625.03076171875	849.6878662109375	891.3905639648438	999.6399536132812	546.9512329101562	688.5647583007812	1006.1716918945312	245.88609313964844	246.8518524169922	56.81357192993164	29.543453216552734	0.0	70.56867218017578	0.0	0.0	53.71282958984375	67.13700103759766	0.0	0.0	0.0	0.0	0.0	0.0	0.0	0.0	160.7674560546875	114.4800033569336	202.3047332763672	275.31500244140625	188.2797393798828	322.1615295410156	488.50762939453125	442.9068908691406	221.76478576660156	327.3349914550781	239.30572509765625	94.65599060058594	0.0	0.0	50.14268493652344	120.12014770507812	0.0	0.0	147.72901916503906	81.90562438964844	0.0	21.779823303222656	180.20237731933594	0.0	0.0	0.0	0.0	0.0	22.187564849853516	0.0	181.88385009765625	204.52426147460938	285.87109375	660.043212890625	244.9282684326172	54.62921905517578	300.9392395019531	121.12828063964844	277.1111145019531	365.6842041015625	248.4387664794922	491.2432556152344	771.0202026367188	698.7435913085938	212.843017578125	446.4137878417969	297.2421569824219	125.78041076660156	42.73918151855469	1057.989990234375	712.2452392578125	128.59149169921875	710.7392578125	1115.7618408203125	198.46337890625	545.0451049804688	488.82818603515625	344.5556945800781	567.009033203125	589.5623779296875	153.351806640625	592.6924438476562	805.16650390625	0.0	38.736717224121094	76.76936340332031	112.17749786376953	19.701473236083984	131.37286376953125	89.48795318603516	29.873411178588867	48.87142562866211	91.11201477050781	19.50853157043457	0.0	0.0	48.873844146728516	42.5416259765625	58.497013092041016	16.93086814880371	79.31436920166016	183.26568603515625	193.66976928710938	0.0	0.0	305.7584228515625	277.862548828125	505.2510986328125	355.6647033691406	809.9580688476562	629.4276733398438	579.4129028320312	85.35932159423828	222.8130340576172	201.7101287841797	3.868931531906128	124.67244720458984	27.94399642944336	161.85128784179688	103.21415710449219	0.0	233.67095947265625	301.4081115722656	180.70057678222656	68.95909881591797	223.26637268066406	141.43093872070312	0.0	156.80101013183594	0.0	94.66085052490234	194.26876831054688	17.398700714111328	0.0	0.0	0.0	0.0	0.0	120.16339111328125	0.0	0.0	0.0	0.0	0.0	0.0	0.0	0.0	187.57138061523438	255.28610229492188	429.5314636230469	353.3921203613281	205.46466064453125	591.1900634765625	452.5043029785156	399.7103271484375	321.9973449707031	565.2714233398438	521.1995849609375	479.2514343261719	367.02862548828125	550.9031372070312	446.18145751953125	501.73046875	420.662109375	75.27189636230469	361.9260559082031	453.9778137207031	93.45154571533203	243.6087188720703	251.0664520263672	0.0	63.127830505371094	167.79168701171875	7.402225017547607	436.5439453125	506.3958435058594	260.2745666503906	465.94403076171875	614.1853637695312	371.751220703125	383.5535583496094	340.1355285644531	0.0	0.0	402.1190490722656	37.00297546386719	76.13835144042969	0.7530640363693237	163.7237548828125	260.28375244140625	212.81715393066406	0.0	107.58149719238281	126.9979476928711	0.0	0.0	118.1794662475586	0.0	279.5890808105469	202.62574768066406	0.0	196.764404296875	236.8172607421875	192.91893005371094	802.21044921875	470.64825439453125	303.3643798828125	423.31219482421875	620.3036499023438	551.4367065429688	230.43505859375	197.9216766357422	173.0835723876953	190.02163696289062	476.6990661621094	450.5293884277344	104.30038452148438	198.5625	325.55316162109375	166.88272094726562	319.8266296386719	172.06216430664062	332.8203125	235.0762939453125	559.231201171875	767.9667358398438	539.9002685546875	543.926513671875	0.0	311.0469665527344	517.6575317382812	292.77764892578125	72.53346252441406	447.4108581542969	110.7472152709961	0.0	147.7567138671875	190.71844482421875	361.2818908691406	572.5751953125	268.91851806640625	324.4999694824219	871.1370849609375	713.3152465820312
1045.92236328125	1211.8612060546875	1182.7353515625	563.1546630859375	738.34716796875	645.6390380859375	1399.0130615234375	527.0103759765625	982.876708984375	1126.744384765625	1042.3623046875	373.9198913574219	1030.3944091796875	733.161376953125	216.8384552001953	498.9637145996094	6.836140155792236	0.0	0.0	44.72883224487305	5.03837251663208	0.0	53.9001350402832	48.053348541259766	8.16646671295166	0.0	0.0	0.0	0.0	0.0	0.0	0.0	126.88748168945312	197.60694885253906	463.40130615234375	481.3316955566406	165.9659423828125	358.77056884765625	463.2430725097656	268.3880615234375	562.12548828125	441.4726257324219	191.19606018066406	284.6225891113281	0.0	0.0	0.0	149.12501525878906	0.0	0.0	0.0	0.0	166.93115234375	68.5721664428711	4.079419136047363	0.0	0.0	0.0	0.0	0.0	0.0	0.0	145.57135009765625	5.215869426727295	534.7290649414062	825.501708984375	478.9972839355469	289.9112243652344	234.9555206298828	280.4776611328125	612.1751098632812	309.54315185546875	503.57513427734375	667.6448974609375	704.4141235351562	322.2779846191406	502.8044128417969	703.9880981445312	295.7037658691406	289.0727844238281	9.120147705078125	985.4715576171875	484.0966796875	591.311767578125	311.9198303222656	690.2041015625	805.9303588867188	928.1732177734375	577.75048828125	510.93963623046875	773.716552734375	219.6365203857422	456.0716857910156	589.8821411132812	395.01715087890625	0.0	1.8304879665374756	66.30579376220703	58.45058822631836	44.90937423706055	41.08693313598633	104.75496673583984	136.24562072753906	52.915008544921875	152.1197967529297	105.29834747314453	0.0	0.0	13.230875015258789	27.380733489990234	25.447904586791992	0.0	295.72198486328125	402.3042297363281	435.8247375488281	355.26605224609375	24.20354461669922	327.465576171875	197.116943359375	235.67926025390625	408.9117126464844	788.2354736328125	809.070068359375	953.8787841796875	528.4855346679688	659.13232421875	126.63424682617188	363.27203369140625	155.09043884277344	0.0	74.44416046142578	107.5580062866211	83.30049896240234	340.3848571777344	237.7376708984375	114.44389343261719	252.40428161621094	339.9795837402344	76.0560302734375	0.0	0.0	0.0	204.4556121826172	88.43431091308594	0.0	0.0	0.0	0.0	0.0	0.0	0.0	0.0	0.0	0.0	0.0	0.0	0.0	0.0	0.0	0.0	305.54547119140625	470.54559326171875	409.7354431152344	235.3377685546875	767.4033203125	658.4827270507812	952.1906127929688	252.50636291503906	597.1787719726562	470.3561096191406	780.1819458007812	430.37286376953125	479.3382263183594	672.668212890625	580.9205932617188	254.8810272216797	185.50538635253906	417.22369384765625	244.21116638183594	91.71517944335938	502.3494567871094	532.3272094726562	90.59248352050781	152.65048217773438	0.0	370.789306640625	387.67913818359375	147.59547424316406	570.8594360351562	621.11865234375	611.601318359375	430.4045104980469	314.45782470703125	281.3382263183594	16.558340072631836	54.275577545166016	329.8564453125	184.8486785888672	127.94377899169922	0.0	308.9224548339844	279.63739013671875	77.29356384277344	65.15596008300781	194.627685546875	86.1236801147461	0.0	0.0	167.199462890625	527.7290649414062	866.042236328125	261.8937072753906	0.0	52.41443634033203	30.55656623840332	274.35455322265625	360.393798828125	254.80030822753906	1032.3427734375	922.2289428710938	285.8365478515625	196.95245361328125	672.9068603515625	1233.375244140625	302.7270812988281	274.8315734863281	787.3943481445312	334.0784912109375	407.4894714355469	490.7727966308594	683.7719116210938	251.08885192871094	145.0541229248047	115.17692565917969	93.2684097290039	0.0	407.33563232421875	390.2259826660156	836.5446166992188	1187.6658935546875	0.0	348.3018798828125	391.2758483886719	131.34022521972656	262.9628601074219	611.9589233398438	242.26609802246094	172.05885314941406	0.0	101.69132995605469	444.3341064453125	351.71112060546875	753.6485595703125	770.4664306640625	816.228271484375	428.7804260253906
1417.7318115234375	1133.710693359375	1421.576416015625	1151.308837890625	1241.9725341796875	1254.0919189453125	1424.3310546875	1064.4466552734375	1373.3341064453125	1497.9935302734375	891.4561157226562	355.76092529296875	1197.9925537109375	745.2573852539062	1144.31591796875	357.5894470214844	0.0	0.0	0.0	3.9997808933258057	0.0	0.0	0.0	0.0	7.503746032714844	0.0	0.0	0.0	0.0	0.0	0.0	0.0	306.0859375	224.38059997558594	541.3405151367188	714.3814086914062	154.64620971679688	510.4955749511719	248.1322479248047	113.8249282836914	131.47633361816406	274.4184875488281	518.7992553710938	539.441650390625	0.0	18.226261138916016	362.3646240234375	285.021240234375	0.0	0.0	0.0	0.0	0.0	0.0	0.0	0.0	0.0	0.0	0.0	28.907026290893555	0.0	0.0	0.0	0.0	361.34893798828125	503.5834045410156	266.2090759277344	481.18817138671875	220.4167938232422	221.28565979003906	606.8866577148438	570.2260131835938	429.3880920410156	599.3270263671875	541.5632934570312	226.2309112548828	469.8939514160156	549.7237548828125	904.2639770507812	720.0596313476562	324.7585754394531	955.0184936523438	251.2980194091797	707.173583984375	351.9130554199219	618.6914672851562	730.8346557617188	889.9011840820312	260.159423828125	997.860107421875	532.8005981445312	503.9642028808594	454.97576904296875	918.2513427734375	577.1085815429688	673.6472778320312	75.35894012451172	99.87037658691406	88.78082275390625	106.82048797607422	98.57754516601562	103.88848114013672	105.77981567382812	78.82086181640625	79.84619140625	82.8592758178711	144.85557556152344	98.38826751708984	6.305311679840088	32.632774353027344	12.92859935760498	2.550389051437378	24.300064086914062	166.60523986816406	215.2455596923828	427.5127868652344	0.0	552.19140625	387.1920471191406	364.35107421875	40.33980178833008	491.8556213378906	335.0821228027344	439.0482482910156	384.9570007324219	1099.0191650390625	857.3060302734375	535.9690551757812	59.78396987915039	93.22087860107422	156.48666381835938	150.019775390625	19.49713706970215	286.02166748046875	300.5299072265625	54.83759689331055	232.86355590820312	176.89276123046875	111.22451782226562	223.55746459960938	0.5129349231719971	128.09994506835938	75.13578796386719	18.65835189819336	0.0	0.0	0.0	0.0	0.0	0.0	0.0	0.0	0.0	0.0	0.0	7.479283332824707	0.0	0.0	0.0	0.0	379.88653564453125	498.97222900390625	490.1876525878906	286.9985046386719	588.231689453125	555.0172729492188	737.6568603515625	285.9283142089844	739.292236328125	586.0127563476562	728.4014282226562	462.799560546875	690.5776977539062	703.4561157226562	782.2027587890625	248.8210906982422	134.5602264404297	296.337890625	247.5035400390625	60.67618179321289	146.26075744628906	65.2271728515625	249.75247192382812	314.45111083984375	75.12163543701172	261.3359069824219	254.35562133789062	77.05702209472656	281.499755859375	198.50318908691406	352.0535888671875	374.2569885253906	506.56427001953125	317.35198974609375	64.78921508789062	75.18236541748047	404.8453063964844	369.8124694824219	378.6507568359375	0.0	453.4910888671875	375.0093078613281	208.83468627929688	34.722259521484375	340.3418884277344	268.15203857421875	0.0	0.0	0.0	417.12310791015625	890.8677978515625	604.8632202148438	415.08026123046875	586.4642944335938	0.0	448.74688720703125	91.4909439086914	376.94219970703125	629.275390625	69.91240692138672	781.1126098632812	615.9254760742188	582.7691040039062	540.1490478515625	197.77027893066406	408.2828674316406	1293.44140625	756.0068969726562	283.3952331542969	111.74365234375	613.5175170898438	455.58355712890625	424.74176025390625	491.99078369140625	530.5460205078125	222.0486602783203	338.6905517578125	235.7823028564453	738.7072143554688	49.044498443603516	0.0	337.7104797363281	149.58056640625	146.86453247070312	159.0841522216797	228.24703979492188	139.8050079345703	415.3822937011719	38.69080352783203	134.9627685546875	347.4114990234375	513.0756225585938	221.92034912109375	338.0390930175781	167.0833740234375	319.59716796875
618.8831787109375	1207.6663818359375	1203.294921875	115.83464050292969	671.6567993164062	591.919189453125	1122.9842529296875	862.2496337890625	164.53384399414062	625.4188842773438	1600.157470703125	941.7232666015625	567.7677001953125	646.5697021484375	761.5740356445312	235.7980499267578	22.60114097595215	0.0	0.0	14.348237991333008	0.0	0.0	0.0	37.18581771850586	7.902627944946289	8.315201759338379	84.32746124267578	1.5386545658111572	0.0	0.0	0.0	0.0	133.44076538085938	384.0575256347656	591.8153686523438	271.7174987792969	0.0	0.0	581.4800415039062	661.865966796875	439.7939758300781	508.3876037597656	531.1923828125	475.42999267578125	374.9654846191406	156.10308837890625	0.0	101.60758209228516	87.0170669555664	0.0	0.0	0.0	0.0	0.0	0.0	0.0	200.3638153076172	251.98785400390625	0.0	0.0	0.0	0.0	0.0	71.54705047607422	161.73110961914062	1025.1650390625	928.0018920898438	156.66534423828125	616.3580932617188	860.8687133789062	327.014892578125	246.4933624267578	0.0	262.15887451171875	990.2048950195312	663.6207885742188	567.569580078125	1014.526123046875	1117.9931640625	64.93646240234375	0.0	360.838134765625	751.573486328125	399.4209899902344	347.0770263671875	538.9703979492188	130.01629638671875	625.1786499023438	281.7968444824219	134.8792266845703	800.7998046875	1020.3741455078125	130.52777099609375	271.0948486328125	804.4426879882812	442.7297668457031	64.81566619873047	48.04392623901367	119.17032623291016	20.80259895324707	0.0	3.3544423580169678	0.0	49.94219970703125	78.56120300292969	69.57703399658203	73.22874450683594	68.95462799072266	8.931052207946777	0.0	0.0	0.0	606.430419921875	821.57177734375	540.5050659179688	246.16329956054688	597.0073852539062	803.016845703125	719.7769775390625	506.42706298828125	239.93402099609375	521.8172607421875	528.4827880859375	459.3464050292969	1194.022705078125	1210.099365234375	695.4434814453125	436.1963806152344	240.1736602783203	262.7285461425781	50.40330505371094	0.0	8.647465705871582	0.0	131.01300048828125	138.150634765625	214.60946655273438	486.9061584472656	394.2893371582031	96.2640609741211	102.49905395507812	118.9661865234375	0.0	133.34693908691406	0.0	0.0	0.0	0.0	0.0	0.0	0.0	27.782020568847656	26.864139556884766	155.55828857421875	0.0	0.0	0.0	0.0	0.0	0.0	517.1017456054688	671.1106567382812	572.2291870117188	275.23419189453125	349.8458251953125	673.9122314453125	542.842041015625	355.1348571777344	580.3606567382812	605.5034790039062	744.43896484375	187.46343994140625	425.5943603515625	516.2178955078125	718.453857421875	362.66925048828125	198.70738220214844	189.59994506835938	333.477783203125	186.048583984375	643.155517578125	840.5945434570312	336.7984619140625	0.0	438.921875	358.39447021484375	219.5243377685547	301.21832275390625	344.0082702636719	713.77978515625	768.1831665039062	368.15716552734375	205.4453887939453	212.8214569091797	37.91719436645508	0.0	108.14088439941406	14.33456039428711	0.0	55.712039947509766	2.9927573204040527	0.0	7.906274318695068	0.0	0.0	19.92384147644043	0.0	0.0	194.38693237304688	310.4483947753906	454.99786376953125	242.6348876953125	581.4386596679688	678.1782836914062	919.8153076171875	389.4598388671875	0.0	153.41102600097656	407.8431701660156	482.37982177734375	1145.052978515625	526.8768920898438	229.36878967285156	170.01779174804688	601.666259765625	1224.2052001953125	931.3920288085938	370.6577453613281	482.46136474609375	740.8916625976562	872.4263305664062	150.80982971191406	561.7509155273438	1103.4237060546875	1300.4293212890625	574.4349365234375	389.0536804199219	0.0	119.64574432373047	224.1389617919922	39.042999267578125	69.56805419921875	191.31292724609375	241.6256103515625	462.6275634765625	955.8532104492188	677.6834106445312	148.39749145507812	430.52130126953125	568.6956176757812	0.0	248.9314727783203	289.9366149902344	633.18115234375	983.071533203125	720.4447631835938
311.5628662109375	658.2476806640625	1239.4730224609375	464.116943359375	588.4639282226562	585.8010864257812	1054.6136474609375	791.7381591796875	474.4025573730469	380.08697509765625	1495.2186279296875	1082.451416015625	507.72247314453125	511.3560485839844	951.7735595703125	608.2099609375	49.71490478515625	21.87303924560547	37.04534912109375	84.23603057861328	0.0	0.0	0.0	0.0	8.398148536682129	4.4920806884765625	40.53165817260742	0.0	0.0	0.0	0.0	0.0	26.409814834594727	166.26962280273438	743.8426513671875	626.192626953125	357.21490478515625	301.9123229980469	126.05944061279297	441.5393981933594	73.40994262695312	337.1264953613281	517.4973754882812	685.2611694335938	441.9085998535156	324.7591247558594	0.0	20.70081901550293	198.92124938964844	190.11558532714844	0.0	0.0	42.58140563964844	0.0	0.0	0.0	208.3887939453125	247.0863037109375	2.6895177364349365	0.0	13.017132759094238	0.0	0.0	16.238435745239258	231.1331329345703	207.4149627685547	667.0008544921875	498.6297912597656	522.8291625976562	986.1317749023438	1111.7950439453125	217.55679321289062	265.9036865234375	26.473339080810547	809.6702880859375	816.1541748046875	629.553466796875	897.9544677734375	1176.4034423828125	588.1473999023438	200.57870483398438	304.6020812988281	473.0223693847656	665.2891235351562	12.904858589172363	393.8132019042969	467.7837829589844	421.3133239746094	305.4519958496094	464.7413024902344	301.3749084472656	864.044921875	182.16693115234375	221.5275421142578	596.177734375	725.7141723632812	99.973876953125	101.88036346435547	151.6741485595703	73.01284790039062	18.452266693115234	0.0	12.026151657104492	0.0	52.834407806396484	78.0655517578125	78.44554901123047	84.55878448486328	17.7742862701416	0.0	0.0	0.0	7.982167720794678	124.34236907958984	46.68373107910156	307.350341796875	764.875244140625	1104.6202392578125	760.6281127929688	445.3146057128906	0.0	169.8675079345703	328.651611328125	540.0466918945312	1088.5584716796875	1285.0150146484375	931.534423828125	493.0950622558594	93.66938781738281	369.6954040527344	250.90293884277344	95.63204956054688	172.9036102294922	278.4114990234375	31.072166442871094	67.87092590332031	80.77069854736328	384.6935119628906	453.4891052246094	235.0723876953125	187.70037841796875	294.884765625	85.87039947509766	35.372894287109375	0.0	0.0	0.0	0.0	0.0	68.53939819335938	0.0	0.0	0.0	0.0	0.0	0.0	0.0	39.78291702270508	0.0	0.0	515.8482055664062	594.0224609375	671.916015625	256.24072265625	433.1686096191406	589.2904663085938	748.2772827148438	333.18585205078125	595.8411254882812	704.8274536132812	920.9931030273438	392.6807861328125	630.2667846679688	586.24609375	791.5498657226562	401.95196533203125	466.5744934082031	598.95947265625	209.93406677246094	113.81787872314453	140.65902709960938	525.2979736328125	414.8461608886719	253.9393310546875	584.3058471679688	743.607177734375	239.21266174316406	119.64701843261719	221.7564697265625	536.0787963867188	769.6455078125	473.47705078125	173.20660400390625	0.0	0.0	0.0	0.0	31.7553653717041	0.0	126.37920379638672	109.8215560913086	0.0	0.0	40.081058502197266	0.0	0.0	0.0	0.0	0.0	759.7822265625	948.37939453125	379.4385070800781	768.2921142578125	645.8424072265625	616.1130981445312	194.61932373046875	25.412166595458984	216.7952117919922	629.109375	583.09375	1113.9097900390625	791.5870971679688	198.306396484375	460.13531494140625	615.781982421875	1278.786865234375	1326.1448974609375	337.9576110839844	313.28240966796875	0.0	0.0	151.06068420410156	656.84423828125	1045.42919921875	1110.1890869140625	419.19915771484375	341.703125	54.553680419921875	0.0	293.92388916015625	294.2662048339844	531.173583984375	320.4163818359375	87.04853057861328	12.256341934204102	385.9302673339844	491.24951171875	329.0547790527344	379.05950927734375	778.7616577148438	597.20703125	93.0910873413086	202.19296264648438	507.9382019042969	917.7070922851562	908.4376220703125
1201.4879150390625	1291.14306640625	899.4466552734375	858.6475830078125	1181.1739501953125	1587.1197509765625	796.3419189453125	448.6005859375	1325.983154296875	1326.4962158203125	783.7177734375	135.90419006347656	1169.3641357421875	578.3212890625	1172.5693359375	190.22003173828125	0.0	0.0	0.0	0.0	0.0	0.0	0.0	0.0	0.0	0.0	0.0	13.429149627685547	0.0	0.0	0.0	0.0	162.0098114013672	359.5696105957031	462.0771179199219	556.598388671875	182.5350341796875	371.8978576660156	116.8604736328125	0.0	105.7557373046875	154.71826171875	780.5016479492188	611.3031005859375	91.42066192626953	184.8316192626953	382.6009521484375	252.47596740722656	0.0	0.0	0.0	0.0	0.0	0.0	0.0	67.09380340576172	0.0	0.0	115.65106201171875	170.03944396972656	0.0	0.0	0.0	0.0	323.62127685546875	301.8078308105469	599.08251953125	869.6845703125	196.06832885742188	623.5538940429688	709.4833984375	625.3316650390625	389.9021301269531	525.25830078125	67.40650939941406	380.2064208984375	341.8160095214844	751.45458984375	931.732666015625	733.9556274414062	8.483689308166504	572.5423583984375	348.9974365234375	475.81451416015625	8.913813591003418	907.1342163085938	857.0057983398438	550.2206420898438	531.85400390625	1183.354736328125	396.8726501464844	329.23919677734375	586.8936767578125	803.703369140625	525.1286010742188	495.5374450683594	87.95709228515625	130.09490966796875	80.88765716552734	0.0	97.63143920898438	96.22197723388672	103.95195007324219	29.38463592529297	98.6344985961914	50.27513885498047	118.74221801757812	73.33837890625	29.8017520904541	60.93722915649414	0.0	0.0	36.16403579711914	314.8990478515625	436.3897399902344	737.2018432617188	52.005149841308594	477.1199951171875	474.2546691894531	288.6748962402344	9.590368270874023	442.72222900390625	457.432373046875	661.366455078125	469.6549072265625	1075.739013671875	740.466796875	748.715087890625	0.0	117.3201904296875	158.73797607421875	78.92021179199219	229.6795196533203	209.3290252685547	133.5603790283203	115.08386993408203	146.3826141357422	138.22171020507812	211.43260192871094	236.5508575439453	0.0	193.62876892089844	133.4841766357422	0.0	0.0	0.0	0.0	0.0	0.0	0.0	0.0	0.0	0.0	0.0	89.51871490478516	162.9204864501953	0.0	0.0	0.0	0.0	455.1898498535156	388.2856750488281	457.1717529296875	340.9449462890625	762.5185546875	556.0490112304688	565.345703125	587.468505859375	735.2349853515625	658.1558837890625	713.7106323242188	682.3027954101562	657.2420043945312	719.876708984375	641.2733764648438	270.44171142578125	141.48220825195312	123.69190216064453	77.18895721435547	252.32101440429688	92.65331268310547	100.88238525390625	593.8260498046875	565.1964721679688	183.03082275390625	294.9230041503906	278.9629821777344	4.307888507843018	233.5146484375	67.85118103027344	510.331787109375	424.99945068359375	364.1667785644531	368.7757263183594	158.9571075439453	0.043974678963422775	344.5013732910156	376.83056640625	210.54818725585938	0.0	487.89056396484375	368.2856140136719	41.31057357788086	0.0	407.57440185546875	202.0797119140625	0.0	0.0	275.9932861328125	303.4936828613281	624.4450073242188	812.0034790039062	28.845869064331055	139.9554443359375	65.37162017822266	593.666259765625	0.0	497.4985046386719	796.4426879882812	115.90814971923828	805.2362060546875	695.2647705078125	891.9383544921875	662.4784545898438	454.83465576171875	432.1030578613281	799.974365234375	741.637451171875	370.6195983886719	284.47119140625	185.33209228515625	732.1343383789062	107.34725189208984	292.49603271484375	497.0096740722656	590.8495483398438	269.9640197753906	305.9974060058594	687.4087524414062	211.98587036132812	0.0	130.07505798339844	0.0	56.60398483276367	9.823817253112793	41.91900634765625	578.5911254882812	744.8284912109375	8.80185604095459	317.4549255371094	462.393310546875	373.18658447265625	254.0686798095703	338.9814758300781	372.0509338378906	441.91827392578125
214.85498046875	280.1844787597656	803.6887817382812	1162.562744140625	103.06936645507812	479.6463317871094	818.0194702148438	855.3421020507812	171.62742614746094	265.62335205078125	236.2130126953125	912.0958251953125	765.9619750976562	300.32342529296875	343.7335205078125	842.9784545898438	0.0	0.0	0.0	40.13508987426758	0.0	0.0	0.0	0.0	13.009275436401367	77.03776550292969	33.12748718261719	22.10448455810547	0.0	0.0	8.097932815551758	16.257883071899414	0.0	66.95661163330078	274.93121337890625	623.640625	256.3190612792969	245.62564086914062	99.16462707519531	0.0	218.6185302734375	157.2187042236328	285.8103942871094	494.1656188964844	425.63189697265625	372.45086669921875	306.10772705078125	77.43987274169922	145.6737823486328	258.3332824707031	151.3290252685547	0.0	270.4158020019531	86.34175109863281	0.0	3.609485149383545	98.46454620361328	134.6845245361328	182.41131591796875	60.57319259643555	0.0	104.12738800048828	146.31492614746094	0.0	488.2320861816406	86.45121002197266	464.4151306152344	852.8906860351562	117.00346374511719	443.09393310546875	1047.0994873046875	949.5381469726562	21.546541213989258	112.1323471069336	0.0	263.145751953125	523.2020263671875	496.1103820800781	819.1843872070312	910.94580078125	595.4271850585938	0.0	0.0	682.126953125	0.0	0.0	370.007568359375	577.661865234375	67.96305847167969	265.29986572265625	307.8167419433594	162.82054138183594	290.55853271484375	208.4102783203125	0.0	497.66015625	42.84245300292969	62.50099563598633	94.6233901977539	47.8125114440918	32.661861419677734	3.415375232696533	0.0	12.222891807556152	35.986412048339844	67.9820556640625	97.837890625	85.36939239501953	8.944367408752441	27.20551109313965	0.0	24.89680290222168	409.8201599121094	65.87088012695312	0.0	438.2208557128906	202.0949249267578	646.7351684570312	812.7734985351562	393.2815856933594	47.20123291015625	27.646093368530273	14.921927452087402	168.50881958007812	918.842529296875	1232.4986572265625	1150.3900146484375	629.7488403320312	19.914615631103516	190.61578369140625	271.9517822265625	123.0860824584961	212.79965209960938	273.7089538574219	216.81463623046875	97.6809310913086	59.568973541259766	48.5239143371582	308.958740234375	302.18377685546875	54.14757537841797	47.18522644042969	367.7662353515625	253.36715698242188	0.0	0.0	0.0	0.0	395.6021728515625	208.30001831054688	0.0	0.0	99.20748901367188	0.0	109.31086730957031	83.62255096435547	0.0	0.0	86.84375762939453	0.0	346.90191650390625	381.6096496582031	485.9165954589844	477.66143798828125	324.81988525390625	313.18902587890625	486.4056701660156	593.832763671875	222.23402404785156	595.9727783203125	566.7493286132812	473.39013671875	284.4525451660156	544.94873046875	566.0390625	597.4815063476562	662.875	682.8863525390625	490.6207275390625	165.25071716308594	159.0564422607422	201.9229278564453	596.8190307617188	477.89776611328125	58.626853942871094	397.1267395019531	560.6727294921875	63.41963577270508	73.72386932373047	75.44125366210938	113.66551971435547	416.1146545410156	0.0	0.0	0.0	25.613697052001953	0.0	0.0	0.0	0.0	113.86286163330078	27.260005950927734	0.0	0.0	85.93848419189453	0.0	19.445693969726562	0.0	615.3258666992188	676.7811279296875	1029.5828857421875	794.4075317382812	181.01559448242188	487.25262451171875	467.98858642578125	406.3256530761719	0.0	0.0	267.449951171875	414.6983947753906	929.839111328125	799.4882202148438	459.4814147949219	213.325927734375	1026.6993408203125	1300.653564453125	1500.2789306640625	1258.3526611328125	619.8411865234375	618.872802734375	327.00897216796875	248.47140502929688	48.5494384765625	439.3812561035156	770.1100463867188	716.478271484375	316.48992919921875	0.0	187.71743774414062	280.3399963378906	802.3714599609375	766.0120239257812	603.8219604492188	198.533203125	320.4206848144531	45.56462860107422	413.592041015625	650.306640625	0.0	298.376708984375	592.040283203125	462.44512939453125	0.0	83.87676239013672	71.65650177001953	327.688232421875
404.3415832519531	1104.3233642578125	542.6033935546875	79.71585845947266	285.24041748046875	752.49560546875	565.8168334960938	174.06454467773438	41.948280334472656	307.7272033691406	1177.2635498046875	310.6966552734375	242.66265869140625	585.4413452148438	845.8890380859375	162.93145751953125	0.0	0.0	0.0	38.63650131225586	0.0	0.0	0.0	26.81383514404297	0.0	44.20730209350586	47.5638313293457	71.67138671875	0.0	0.0	0.0	0.0	0.0	438.03826904296875	438.6112060546875	135.0015411376953	18.497941970825195	0.0	478.3680725097656	338.93524169921875	92.44021606445312	106.43846130371094	507.5148010253906	432.50543212890625	169.2086944580078	258.0555419921875	94.93684387207031	74.68778991699219	20.34182357788086	0.0	0.0	0.0	79.72019958496094	0.0	0.0	0.0	130.24241638183594	126.5324478149414	0.0	0.0	86.31326293945312	95.09811401367188	0.0	0.0	221.1299285888672	572.534912109375	481.544189453125	94.3847427368164	204.39312744140625	517.72998046875	152.2843780517578	111.74178314208984	0.0	76.07142639160156	337.21380615234375	432.5636901855469	96.33641052246094	621.113037109375	836.8804931640625	355.4454650878906	149.1580047607422	243.00399780273438	564.2769165039062	55.85637283325195	46.371665954589844	350.3627014160156	178.7024688720703	237.75668334960938	77.00636291503906	112.7990951538086	524.2960815429688	733.7703857421875	0.0	125.10144805908203	855.9069213867188	620.7605590820312	45.45951843261719	67.90620422363281	55.055397033691406	0.0	5.316707611083984	0.0	33.224830627441406	0.0	17.202280044555664	70.90522766113281	59.46254348754883	65.96485137939453	17.545820236206055	47.223777770996094	43.1154670715332	23.497966766357422	146.56497192382812	311.7725524902344	252.4835662841797	81.85176086425781	324.5821228027344	559.5641479492188	635.409912109375	300.7035217285156	0.0	80.4179458618164	169.3525390625	318.3885192871094	374.5285949707031	572.4689331054688	425.93292236328125	368.74383544921875	141.1828155517578	105.55438232421875	49.17869186401367	30.487384796142578	110.26617431640625	69.29129791259766	14.11668586730957	30.681291580200195	0.0	337.2062072753906	264.3798522949219	20.811613082885742	95.81481170654297	238.45346069335938	193.1866455078125	9.414466857910156	0.0	0.0	0.0	0.0	15.271797180175781	0.0	0.0	0.0	40.81963348388672	160.94790649414062	0.0	0.0	96.92411804199219	146.063232421875	0.0	0.0	277.27276611328125	442.5411682128906	281.6765441894531	172.9355010986328	271.23382568359375	554.3888549804688	327.7671813964844	273.1876220703125	282.08819580078125	472.4111633300781	466.2014465332031	175.9566650390625	85.94235229492188	359.6409912109375	689.3908081054688	187.8388214111328	310.189697265625	262.99591064453125	165.1201629638672	51.2601432800293	294.66461181640625	480.12713623046875	188.03514099121094	0.0	248.16119384765625	229.71762084960938	78.83110809326172	48.81072998046875	0.0	63.789466857910156	296.36297607421875	235.19056701660156	103.30976867675781	74.9415283203125	0.0	0.0	106.00354766845703	0.0	24.56787109375	0.0	106.71855163574219	68.02970886230469	0.0	0.0	47.35017395019531	270.32574462890625	27.179582595825195	0.0	107.50831604003906	376.44781494140625	230.8327178955078	34.66307830810547	161.49961853027344	749.6680908203125	921.8652954101562	58.484100341796875	15.416597366333008	0.0	618.359375	307.2210693359375	396.06890869140625	218.45631408691406	129.3402099609375	293.9798889160156	534.1845703125	712.0842895507812	283.95147705078125	185.7822723388672	141.2593231201172	412.6258239746094	378.2869873046875	112.67414093017578	117.83515167236328	705.1282958984375	997.5581665039062	181.593505859375	177.12408447265625	103.20608520507812	172.55836486816406	160.4474334716797	130.81578063964844	259.311767578125	156.98207092285156	94.11746215820312	236.23228454589844	443.2279968261719	425.78936767578125	79.41866302490234	144.56471252441406	296.9300537109375	33.14094924926758	69.88570404052734	0.0	0.0	376.857177734375	459.00048828125
1065.6053466796875	80.90290832519531	1056.9881591796875	1006.0587768554688	1309.62255859375	216.7303009033203	1104.3804931640625	1055.91943359375	663.360595703125	520.8491821289062	1103.22802734375	869.8312377929688	141.3572235107422	402.5994567871094	1121.5008544921875	556.0517578125	21.605730056762695	0.0	49.80854034423828	0.0	0.0	0.0	85.79631805419922	3.6078474521636963	0.0	0.0	0.0	0.0	0.0	12.565030097961426	0.0	0.0	448.8451232910156	346.5455322265625	191.5634307861328	320.9804382324219	349.9190673828125	280.8850402832031	256.0843811035156	342.4886779785156	0.0	60.618934631347656	311.35186767578125	278.75567626953125	114.54792022705078	39.68687057495117	208.85740661621094	176.49429321289062	0.0	0.0	0.0	0.0	0.0	0.0	0.0	0.0	40.129093170166016	0.0	0.0	0.0	216.02426147460938	175.9108123779297	4.391646862030029	0.0	109.75098419189453	162.8004913330078	180.09214782714844	145.52857971191406	612.3681640625	425.79254150390625	451.4468688964844	289.04827880859375	584.1727905273438	244.8015594482422	331.95819091796875	203.04185485839844	11.863362312316895	131.64190673828125	351.4608154296875	249.46182250976562	634.3140258789062	534.059814453125	50.3704833984375	706.7540283203125	881.176025390625	454.0633239746094	97.40542602539062	815.9539184570312	979.3621215820312	0.0	249.1922149658203	832.3941650390625	50.37729263305664	0.0	451.6646728515625	710.4889526367188	103.0138168334961	21.522878646850586	49.31103515625	172.82284545898438	109.00348663330078	20.88231086730957	69.45216369628906	160.29129028320312	90.9655532836914	0.0	127.98704528808594	51.564292907714844	37.38740539550781	0.0	95.88643646240234	38.40233612060547	230.14022827148438	319.46478271484375	0.0	334.616455078125	885.6536254882812	1017.6702270507812	353.8092041015625	365.16845703125	444.0456237792969	515.1914672851562	379.001708984375	442.5513610839844	182.25938415527344	210.52420043945312	235.91957092285156	348.0381774902344	56.286476135253906	53.54966354370117	65.10211944580078	113.37958526611328	160.3259735107422	0.0	85.39544677734375	186.49853515625	80.76840209960938	50.55501937866211	0.0	121.49776458740234	213.4988250732422	221.47837829589844	144.82501220703125	114.43102264404297	0.0	0.0	0.0	0.0	0.0	0.0	0.0	0.0	0.0	0.0	0.0	0.0	280.0597839355469	286.12078857421875	0.0	0.0	292.966552734375	171.85470581054688	499.4618225097656	222.96156311035156	588.142822265625	330.2109680175781	804.1477661132812	408.1181640625	507.3924255371094	311.5549011230469	731.376708984375	374.7765197753906	339.9648132324219	385.316650390625	585.2301025390625	301.1941223144531	69.3157730102539	4.538433074951172	23.41224479675293	76.1166000366211	86.83000946044922	85.44062805175781	44.55658721923828	31.299156188964844	415.647705078125	338.5408935546875	345.77520751953125	35.67515563964844	151.23507690429688	184.6019744873047	240.27117919921875	122.06278228759766	138.1273956298828	111.73103332519531	359.0119323730469	194.56625366210938	160.8380584716797	215.8195343017578	348.7052307128906	215.830322265625	0.0	0.0	263.0652160644531	194.87918090820312	0.0	105.97457122802734	4.280370712280273	15.85183334350586	293.04345703125	0.0	60.37949752807617	47.85588073730469	825.9185791015625	739.6692504882812	0.0	114.85498809814453	762.029541015625	1126.872802734375	509.3188171386719	108.95858001708984	170.8654022216797	97.32294464111328	124.56082916259766	164.08558654785156	376.6177978515625	76.52571105957031	331.5914611816406	47.82695388793945	361.20538330078125	22.725265502929688	256.8468322753906	0.0	521.2388305664062	1001.2883911132812	742.7763061523438	0.0	279.034423828125	631.7609252929688	826.5068359375	190.22581481933594	25.921424865722656	83.91404724121094	0.0	102.95036315917969	47.50529098510742	109.8840560913086	0.0	129.41366577148438	722.0095825195312	428.3868408203125	347.7629089355469	361.5	534.646728515625	0.0	184.55438232421875	222.63304138183594
762.8229370117188	1154.623291015625	1080.820556640625	163.29129028320312	480.8238220214844	1167.9951171875	622.8580322265625	169.77098083496094	148.47323608398438	430.73358154296875	1246.0943603515625	340.0748291015625	652.0896606445312	630.2732543945312	1205.4000244140625	296.71685791015625	0.0	0.0	0.0	0.0	0.0	0.0	0.0	0.0	2.5966718196868896	74.34124755859375	1.7572605609893799	92.0726547241211	0.0	0.0	46.31264114379883	0.0	143.0669403076172	218.3123321533203	266.5452880859375	175.6643829345703	0.0	0.0	384.8866271972656	300.73388671875	247.21156311035156	119.84759521484375	624.7706298828125	496.724609375	396.8048400878906	300.5382385253906	177.45094299316406	91.6533432006836	0.0	0.0	0.0	0.0	96.32854461669922	0.0	0.0	36.04658126831055	211.40463256835938	109.41939544677734	0.0	0.0	0.0	0.0	0.0	0.0	632.739013671875	612.7495727539062	417.8107604980469	352.3004455566406	139.746826171875	549.8230590820312	511.32489013671875	193.59347534179688	62.41118240356445	176.48133850097656	402.8761291503906	453.9701843261719	391.4183044433594	832.6619873046875	1048.2135009765625	572.1235961914062	205.52830505371094	331.6966857910156	635.9523315429688	426.1660461425781	172.43479919433594	220.40171813964844	603.41357421875	12.859533309936523	171.19444274902344	259.5953674316406	430.5201110839844	749.8651123046875	126.08070373535156	0.0	853.9700317382812	741.7045288085938	0.0	46.42180252075195	42.77532196044922	6.091372013092041	54.219940185546875	27.298133850097656	87.83209991455078	0.0	51.244789123535156	75.93521881103516	38.721946716308594	44.07317352294922	2.6503539085388184	0.0	47.83991622924805	3.693925142288208	527.7167358398438	508.9027099609375	598.012451171875	519.7422485351562	116.59406280517578	235.3032989501953	446.94805908203125	371.0669250488281	89.2356948852539	52.652000427246094	228.72068786621094	371.6693420410156	1048.1065673828125	1175.3616943359375	750.4236450195312	532.8286743164062	0.0	0.0	0.0	0.0	205.23916625976562	104.0131607055664	0.0	116.55915069580078	138.2120361328125	397.3695068359375	356.86651611328125	135.1890411376953	0.0	340.8963928222656	282.5875549316406	0.0	0.0	0.0	0.0	0.0	0.0	0.0	0.0	0.0	77.80318450927734	0.0	56.198265075683594	41.359397888183594	0.0	0.0	0.0	0.0	193.68145751953125	424.88970947265625	444.8336486816406	147.87149047851562	468.8148193359375	642.466064453125	619.5471801757812	385.1995849609375	446.51458740234375	704.43994140625	590.6677856445312	345.0517578125	371.6256103515625	683.2674560546875	797.2092895507812	191.81338500976562	426.8482360839844	345.5635681152344	295.9278564453125	310.99078369140625	400.66522216796875	353.31500244140625	316.0293884277344	105.82600402832031	181.1285400390625	324.1883544921875	88.56816864013672	14.813302993774414	99.67900085449219	132.9091796875	448.64556884765625	350.5362548828125	165.7613067626953	245.03704833984375	144.0422821044922	0.0	70.8459701538086	58.78749084472656	58.166534423828125	0.0	124.67302703857422	0.0	0.0	0.0	112.45868682861328	154.09014892578125	22.221858978271484	0.0	595.705810546875	463.00030517578125	472.9459228515625	379.1059265136719	135.8214874267578	682.16650390625	691.9845581054688	166.05055236816406	0.0	394.4158630371094	888.5443725585938	282.3105163574219	1101.1634521484375	476.4339294433594	251.84974670410156	403.69012451171875	620.586181640625	547.4472045898438	499.8970947265625	425.8020324707031	777.2742309570312	955.6646728515625	214.0315399169922	512.1640625	54.66796112060547	572.7232666015625	799.3147583007812	190.56500244140625	267.0439758300781	148.28489685058594	278.1919250488281	84.02984619140625	148.16744995117188	334.6318664550781	360.7366638183594	388.8620910644531	315.7630920410156	230.17633056640625	420.0200500488281	311.93853759765625	195.76844787597656	334.2110595703125	279.8700256347656	58.53604507446289	0.0	44.76220703125	436.51812744140625	507.7984619140625
429.29095458984375	910.5140991210938	1221.0963134765625	102.46989440917969	445.32720947265625	649.278076171875	1438.8944091796875	233.9624481201172	971.257080078125	860.6331787109375	1113.516357421875	350.5859680175781	757.1915893554688	731.3214111328125	251.64198303222656	406.3889465332031	0.0	0.0	5.895779609680176	15.325824737548828	0.0	184.76602172851562	81.9787368774414	0.0	0.0	0.0	0.0	0.0	0.0	0.0	0.0	0.0	0.0	230.81239318847656	664.1890869140625	422.8540344238281	513.9141235351562	199.23512268066406	527.5568237304688	434.10595703125	487.4846496582031	282.8846435546875	166.75192260742188	249.37278747558594	0.0	0.0	0.0	0.0	245.44117736816406	59.76029968261719	0.0	0.0	296.2847595214844	65.00415802001953	0.0	0.0	0.0	0.0	0.0	0.10672620683908463	98.4361343383789	42.66666793823242	228.37867736816406	179.4481964111328	340.92205810546875	343.37408447265625	245.07925415039062	172.4163818359375	300.114990234375	454.826416015625	422.5182800292969	254.06715393066406	441.9479675292969	753.7448120117188	770.3226928710938	532.4539794921875	413.38555908203125	526.5973510742188	151.233642578125	182.357177734375	498.011474609375	0.0	319.15997314453125	500.5209655761719	196.99252319335938	154.6757354736328	927.7715454101562	878.2926025390625	436.0116882324219	170.87762451171875	867.7997436523438	426.6224670410156	157.5264434814453	392.8973083496094	328.1060791015625	78.95555877685547	103.63531494140625	48.54801559448242	117.07837677001953	41.30950927734375	108.88851165771484	6.962534427642822	121.60356140136719	69.66267395019531	47.48090744018555	0.0	23.788660049438477	0.0	29.879898071289062	39.762046813964844	70.98992919921875	14.725336074829102	0.0	16.61549186706543	337.08843994140625	318.8381652832031	503.8368835449219	417.547119140625	158.71444702148438	362.4937744140625	626.7239379882812	918.7333374023438	1052.3055419921875	1196.8834228515625	257.2275390625	349.49591064453125	231.6851806640625	229.14012145996094	179.9538116455078	247.03126525878906	24.25960350036621	16.267419815063477	287.2537536621094	345.72088623046875	233.54884338378906	30.33925437927246	0.0	53.732093811035156	132.69198608398438	59.103111267089844	147.6973876953125	0.0	96.92475891113281	18.602529525756836	0.0	0.0	0.0	0.0	197.2990264892578	255.28033447265625	0.0	0.0	0.0	0.0	0.0	0.0	0.0	0.0	0.0	0.0	429.7696228027344	436.47760009765625	266.5225830078125	214.0032958984375	494.4065856933594	713.729736328125	789.662841796875	210.0863494873047	247.1629638671875	598.5601806640625	865.5902099609375	361.527587890625	504.5221252441406	561.3121337890625	651.1393432617188	293.3741760253906	741.0455932617188	527.8231811523438	113.59141540527344	0.0	0.0	0.0	82.92308807373047	36.166011810302734	221.41607666015625	247.74354553222656	293.6293640136719	90.76339721679688	550.8386840820312	682.6212158203125	603.000732421875	428.0283508300781	0.0	0.0	20.36168098449707	0.0	20.35820198059082	150.36892700195312	107.72020721435547	0.0	214.7142333984375	379.9524841308594	190.5230712890625	48.13496398925781	0.0	0.0	0.0	0.0	458.8148498535156	1181.439453125	926.4032592773438	28.424819946289062	161.74053955078125	0.0	423.381103515625	144.5547332763672	834.2025146484375	593.763916015625	673.705810546875	645.2552490234375	647.0006103515625	528.0404663085938	817.3267211914062	854.4631958007812	813.272216796875	1451.6126708984375	1158.3070068359375	107.72393798828125	180.74887084960938	616.7784423828125	763.298583984375	112.55191040039062	547.8737182617188	262.3009338378906	44.65494918823242	235.8833465576172	860.6513061523438	791.943603515625	962.5266723632812	1055.950439453125	764.8878784179688	645.3329467773438	223.68930053710938	98.21012878417969	127.10159301757812	0.0	0.0	53.285457611083984	73.70063018798828	96.01350402832031	414.86077880859375	283.29534912109375	581.576416015625	732.8914184570312	972.810791015625	710.2628784179688
650.3961181640625	698.7515869140625	1426.093994140625	219.2444610595703	372.1158447265625	1232.5625	1464.6917724609375	193.14309692382812	1115.1690673828125	986.992919921875	512.3156127929688	622.7769165039062	956.7026977539062	374.5018005371094	479.0115661621094	719.8172607421875	0.0	0.0	0.0	0.0	0.0	0.0	98.27547454833984	0.0	0.0	0.0	0.0	0.0	0.0	0.0	46.94246292114258	0.0	48.90278244018555	26.436819076538086	528.3676147460938	394.4859924316406	548.1400756835938	445.6746520996094	523.7649536132812	247.7830352783203	459.16021728515625	79.75132751464844	40.450992584228516	317.5900573730469	0.0	69.09550476074219	26.45838165283203	184.91822814941406	0.0	0.0	0.0	0.0	229.58477783203125	99.5075912475586	0.0	94.25836944580078	92.1008071899414	0.0	0.0	0.0	0.0	118.17481231689453	190.1820068359375	0.0	956.2747802734375	848.1771850585938	425.29058837890625	417.8112487792969	0.0	678.4736328125	735.5520629882812	156.50001525878906	675.3948364257812	782.0951538085938	527.8115844726562	325.7472839355469	703.7567749023438	364.62176513671875	264.8584289550781	360.16912841796875	521.0661010742188	355.3887023925781	775.9083862304688	802.065185546875	278.62994384765625	194.63043212890625	1221.98779296875	574.4351806640625	527.8319702148438	912.072021484375	716.5900268554688	0.0	732.4789428710938	733.1812133789062	0.0	0.0	0.0	65.47685241699219	114.99039459228516	69.83524322509766	85.27079772949219	50.404266357421875	154.8936309814453	48.17892837524414	55.96931076049805	0.0	0.0	0.0	7.38105583190918	49.161537170410156	8.837569236755371	17.979036331176758	870.6002807617188	596.6992797851562	347.4128723144531	396.7466735839844	291.6041259765625	439.24798583984375	592.8947143554688	500.25079345703125	453.0108337402344	696.567138671875	1191.7247314453125	968.4658203125	490.9162902832031	334.2720947265625	141.85577392578125	199.51309204101562	0.0	49.820369720458984	186.1452178955078	63.42475891113281	384.4366760253906	406.13555908203125	261.9156494140625	19.757394790649414	333.78961181640625	165.3950958251953	16.847381591796875	0.0	0.0	131.23728942871094	259.53826904296875	131.02536010742188	0.0	0.0	0.0	0.0	267.7734375	142.41238403320312	0.0	0.0	251.96475219726562	0.0	0.0	0.0	0.0	5.9530839920043945	76.44097137451172	0.0	236.33453369140625	411.1940612792969	566.6528930664062	151.46963500976562	450.65826416015625	725.1806640625	816.8888549804688	404.072998046875	348.56884765625	734.13818359375	555.638671875	499.5863952636719	563.7300415039062	587.805419921875	513.0398559570312	309.5722351074219	765.5381469726562	590.9769897460938	260.4271545410156	62.33539962768555	537.1837158203125	55.24315643310547	165.98858642578125	184.11410522460938	101.7635726928711	627.6437377929688	491.1069030761719	97.34556579589844	613.9442749023438	640.98828125	417.68194580078125	366.53314208984375	37.374244689941406	34.52714538574219	63.227115631103516	0.0	0.0	129.5166015625	124.18423461914062	39.30913543701172	306.1607971191406	284.64605712890625	0.0	88.21847534179688	250.810791015625	0.0	0.0	0.0	577.2534790039062	755.3125	765.9697265625	307.1087341308594	100.93881225585938	0.0	11.178479194641113	213.93511962890625	221.7567901611328	306.2412414550781	1387.1961669921875	1303.4217529296875	206.53514099121094	320.8493957519531	460.2970886230469	1331.7451171875	438.3748474121094	962.61669921875	1084.2021484375	214.60317993164062	932.1351928710938	1025.572998046875	615.672119140625	272.8363342285156	213.88821411132812	135.84100341796875	653.0044555664062	408.6944274902344	253.74366760253906	276.8113098144531	1230.2628173828125	1438.39697265625	711.285888671875	716.3425903320312	276.203369140625	131.76962280273438	551.4158935546875	200.86228942871094	227.48587036132812	239.23312377929688	0.0	607.161865234375	829.506103515625	141.70111083984375	813.1994018554688	827.7681884765625	736.1824951171875	219.43531799316406
1057.7486572265625	979.6226806640625	328.5209655761719	366.5792541503906	973.5730590820312	448.8870849609375	250.32131958007812	111.54252624511719	588.2810668945312	776.3466186523438	696.3196411132812	42.667232513427734	523.9736938476562	853.4595947265625	1079.788330078125	58.91550827026367	33.84912872314453	0.0	0.0	0.0	0.0	0.0	17.495304107666016	0.0	0.0	0.0	83.02484130859375	20.656169891357422	0.0	0.0	22.96071434020996	35.345699310302734	219.5709991455078	193.3116455078125	0.0	0.0	49.617645263671875	559.1615600585938	366.7263488769531	224.43959045410156	51.635520935058594	492.3429260253906	632.398193359375	332.3838195800781	163.32484436035156	93.93892669677734	401.20562744140625	220.10494995117188	0.0	0.0	0.0	29.382678985595703	0.0	94.135009765625	212.68203735351562	212.51541137695312	75.19532012939453	0.0	0.0	11.138708114624023	0.0	0.0	0.0	0.0	481.0675048828125	850.3872680664062	687.5850219726562	416.7505798339844	304.2257385253906	92.34830474853516	206.34617614746094	134.899169921875	399.32379150390625	351.5050048828125	107.9400863647461	170.2108154296875	297.6339416503906	796.7432250976562	873.4271240234375	510.67156982421875	143.87356567382812	961.1627807617188	466.85784912109375	186.46160888671875	334.4812316894531	732.9338989257812	0.0	0.0	309.27667236328125	138.6031951904297	274.4916076660156	387.2271728515625	108.55741882324219	1.635195016860962	429.6458740234375	380.1219482421875	41.328914642333984	46.315006256103516	0.0	35.275691986083984	0.0	98.55345916748047	45.35207748413086	69.58287811279297	43.08676528930664	0.0	54.30564498901367	0.0	0.0	0.0	27.497636795043945	47.445125579833984	220.92222595214844	595.996826171875	723.1829833984375	522.9551391601562	243.43186950683594	757.0794677734375	490.26654052734375	219.70082092285156	221.86988830566406	588.0571899414062	516.927490234375	317.54754638671875	782.032958984375	1070.1234130859375	675.8134155273438	382.4682312011719	140.87399291992188	48.772010803222656	0.0	0.0	0.0	87.90216064453125	180.44419860839844	190.00759887695312	106.7468032836914	11.292157173156738	61.59172821044922	86.58943939208984	89.75057220458984	210.74449157714844	47.83394241333008	0.0	0.0	0.0	0.0	0.0	0.0	10.164179801940918	214.18325805664062	288.9062805175781	0.0	34.43034362792969	0.0	0.0	0.0	0.0	0.0	0.0	284.13421630859375	383.95269775390625	296.0303039550781	362.0347900390625	527.6317138671875	587.1224365234375	622.0289306640625	386.3274841308594	686.2225952148438	440.1050109863281	405.41204833984375	197.1576690673828	593.9149169921875	684.253173828125	447.4691162109375	179.6818389892578	154.78981018066406	606.8005981445312	737.140380859375	650.478759765625	331.4305114746094	420.7302551269531	237.2723388671875	205.19676208496094	305.4760437011719	296.02978515625	80.20608520507812	0.0	233.96112060546875	113.94731903076172	403.9996337890625	276.90277099609375	427.72906494140625	188.02452087402344	0.0	0.0	332.43560791015625	62.73556900024414	0.0	0.0	117.08387756347656	0.0	5.754885673522949	0.0	12.24109935760498	0.0	0.0	0.0	164.87088012695312	778.0049438476562	1011.899169921875	579.5430297851562	632.4585571289062	490.59033203125	129.9552001953125	157.2852783203125	704.0702514648438	1193.3963623046875	748.7625732421875	44.521392822265625	1215.0062255859375	424.4953308105469	661.646484375	283.5784606933594	260.6388854980469	405.8660583496094	1135.350830078125	1043.576904296875	352.24224853515625	323.3055725097656	953.8645629882812	871.4634399414062	574.9195556640625	971.6558837890625	570.8641357421875	37.27589797973633	526.669921875	935.8019409179688	975.1331176757812	50.8977165222168	0.0	594.1864013671875	846.3479614257812	760.4457397460938	133.0685272216797	577.8987426757812	388.87847900390625	220.8325958251953	368.40679931640625	295.7890625	133.07614135742188	55.449501037597656	175.536865234375	129.41159057617188	215.72061157226562	344.1966857910156
626.2282104492188	552.2398071289062	708.377197265625	1446.5302734375	191.1257781982422	398.2944641113281	886.0606079101562	1356.5576171875	749.9942016601562	628.6726684570312	780.161865234375	525.1517944335938	460.3113708496094	171.41690063476562	833.9827270507812	828.5465698242188	0.0	0.0	33.262054443359375	20.23306655883789	32.046730041503906	58.136661529541016	61.426082611083984	93.58026885986328	14.405081748962402	0.0	0.0	0.0	0.0	0.0	0.0	0.0	0.0	0.0	185.54725646972656	629.257080078125	500.2973327636719	550.6548461914062	470.25311279296875	225.9470672607422	534.68212890625	359.24810791015625	96.64822387695312	357.75213623046875	0.0	0.0	102.2927474975586	411.99029541015625	24.213668823242188	94.57048797607422	43.26398468017578	0.0	212.3481903076172	239.2611846923828	53.477272033691406	0.0	0.0	0.0	0.0	0.0	88.30094909667969	219.5299072265625	96.08802795410156	0.0	470.93402099609375	524.5147705078125	157.730224609375	457.5019226074219	0.0	328.7658996582031	605.52734375	651.7554931640625	1019.388671875	927.6017456054688	810.54833984375	145.6510009765625	740.9252319335938	115.02580261230469	410.3895263671875	385.7112121582031	217.9852752685547	557.5606079101562	86.99059295654297	697.2583618164062	87.37439727783203	117.13192749023438	99.40457153320312	1148.513427734375	531.3175048828125	499.74853515625	238.7330780029297	621.5457763671875	542.2145385742188	231.05496215820312	0.0	188.22557067871094	0.0	75.0288314819336	64.81889343261719	115.31233215332031	61.30306625366211	80.42574310302734	14.90251350402832	55.003875732421875	73.10485076904297	13.68283748626709	0.0	55.772151947021484	0.0	58.37977981567383	9.2881441116333	23.521484375	213.24365234375	164.7870635986328	20.085386276245117	122.89985656738281	268.36468505859375	516.27783203125	394.4635314941406	294.1112365722656	906.3258056640625	1051.9915771484375	817.6983642578125	499.5925598144531	619.1449584960938	179.29891967773438	125.63729858398438	555.9261474609375	11.17032527923584	41.890926361083984	346.937255859375	218.31748962402344	277.90008544921875	366.1513366699219	385.18231201171875	280.2060546875	221.12501525878906	160.52886962890625	0.0	142.63482666015625	0.0	207.73416137695312	248.42666625976562	64.76542663574219	0.0	0.0	0.0	0.0	65.32781982421875	242.79739379882812	305.968505859375	0.0	0.0	0.0	0.0	0.0	0.0	0.0	0.0	0.0	331.11053466796875	371.7977600097656	454.06280517578125	448.9857482910156	483.7195129394531	480.0588684082031	625.7460327148438	783.9852905273438	392.984619140625	406.26702880859375	654.8192749023438	701.0048217773438	523.994873046875	530.6934814453125	581.0189208984375	357.40753173828125	504.923095703125	659.4411010742188	606.2462158203125	119.75109100341797	217.027587890625	104.9106216430664	168.77023315429688	281.8450622558594	274.2276916503906	591.05224609375	557.45654296875	345.0172424316406	801.6209716796875	806.2184448242188	500.18487548828125	218.14404296875	153.72991943359375	0.0	0.0	5.571208477020264	76.65972137451172	0.0	304.6712341308594	34.644161224365234	102.83872985839844	18.87467384338379	280.1083679199219	81.1265869140625	0.0	0.0	0.0	0.0	269.6426696777344	220.89541625976562	677.214599609375	818.9531860351562	134.59600830078125	193.63632202148438	88.1421890258789	197.90232849121094	472.656494140625	693.7437744140625	722.0008544921875	161.2075653076172	403.2095642089844	256.1119689941406	1020.0224609375	1046.2314453125	438.2460021972656	660.6152954101562	1156.1773681640625	1097.3275146484375	287.1259765625	528.4508666992188	486.14337158203125	334.4621887207031	250.3075408935547	151.58177185058594	220.66612243652344	0.0	782.6287231445312	816.3548583984375	1085.5933837890625	797.7413330078125	312.4549560546875	615.9024047851562	746.2644653320312	183.70123291015625	157.9934844970703	314.4898986816406	0.0	375.32904052734375	0.0	403.8591613769531	456.8271179199219	596.5830078125	1038.0517578125	959.8575439453125	673.5154418945312	262.8893737792969
438.9756164550781	550.3753662109375	1360.4686279296875	1152.2880859375	1061.804443359375	841.8823852539062	1316.9818115234375	252.06492614746094	960.2322998046875	1308.5009765625	1235.284423828125	133.3014678955078	621.2274780273438	1227.2491455078125	214.32989501953125	263.9366455078125	53.54454803466797	95.29781341552734	30.313037872314453	66.37841033935547	7.360084056854248	79.1176986694336	77.12738037109375	0.0	20.039100646972656	0.0	0.0	0.0	0.0	0.0	0.0	7.823225975036621	255.42916870117188	411.2859191894531	217.26805114746094	232.46669006347656	364.7157897949219	495.77008056640625	349.6981506347656	110.30139923095703	87.47354888916016	196.89111328125	210.85438537597656	84.03042602539062	0.0	56.38422393798828	38.015411376953125	86.78047180175781	3.717182159423828	41.858333587646484	0.0	0.0	0.0	0.0	0.0	57.41946792602539	0.0	0.0	0.0	30.16110610961914	1.05126953125	0.0	79.62062072753906	71.8942642211914	30.583005905151367	355.7862854003906	374.03546142578125	433.45489501953125	393.5561828613281	392.625	299.653076171875	131.92108154296875	482.1324462890625	376.28424072265625	528.9510498046875	270.9277038574219	213.8578643798828	626.2286987304688	435.3982238769531	85.9649658203125	0.0	340.7159118652344	435.4598388671875	1248.99658203125	206.7721710205078	746.734130859375	1140.8070068359375	1216.9012451171875	362.77850341796875	409.80889892578125	1010.4774780273438	198.63185119628906	119.89111328125	816.7640380859375	1029.907958984375	0.0	19.27171516418457	70.46288299560547	88.331787109375	127.47993469238281	76.69476318359375	93.99673461914062	142.78607177734375	78.8698959350586	43.1323127746582	50.34967041015625	14.61819076538086	0.0	40.48295593261719	48.51224136352539	95.26499938964844	0.0	84.63896942138672	195.1395263671875	112.78588104248047	380.5528564453125	104.9810562133789	233.78115844726562	105.10139465332031	395.21124267578125	308.55975341796875	768.6226196289062	628.6934204101562	681.3610229492188	284.17584228515625	272.3111572265625	395.1939392089844	0.0	113.43869018554688	204.93826293945312	161.07302856445312	106.73230743408203	94.31122589111328	154.16494750976562	126.92723846435547	142.4163818359375	4.9945478439331055	94.86312866210938	72.89220428466797	37.18658447265625	199.74790954589844	0.0	73.76239013671875	91.00337982177734	38.7833137512207	79.69037628173828	0.0	0.0	0.0	77.7607192993164	0.0	0.0	0.0	0.0	0.0	0.0	0.0	0.0	0.0	33.688758850097656	89.93888854980469	214.66915893554688	607.7439575195312	429.2243957519531	416.9061584472656	229.74407958984375	802.0254516601562	345.249267578125	456.91986083984375	712.69775390625	937.3719482421875	323.1524658203125	531.9365234375	699.9027709960938	505.06353759765625	200.68338012695312	0.0	0.0	223.51300048828125	174.50869750976562	53.86272430419922	17.494098663330078	264.927001953125	90.00114440917969	349.0299377441406	311.22784423828125	165.40126037597656	189.2738800048828	264.69818115234375	387.20867919921875	340.7051696777344	152.59262084960938	114.82208251953125	281.8623046875	373.8728332519531	184.1995849609375	381.1778259277344	432.0420227050781	407.149169921875	29.493152618408203	266.850341796875	473.5709533691406	192.6131591796875	7.541734218597412	203.04249572753906	159.2869415283203	0.0	0.0	163.1885528564453	28.854408264160156	0.0	103.1846694946289	78.92237091064453	61.00332260131836	0.0	47.463111877441406	620.0725708007812	425.3023986816406	559.5621948242188	299.039306640625	76.94659423828125	83.99999237060547	432.53607177734375	338.7266540527344	114.39847564697266	164.26095581054688	199.8702392578125	125.15526580810547	202.68470764160156	90.43506622314453	157.45852661132812	19.214962005615234	311.5150451660156	131.05113220214844	9.576360702514648	24.615406036376953	602.5526123046875	801.7010498046875	407.6770324707031	472.1434020996094	0.0	0.0	0.0	399.07183837890625	0.0	0.0	230.6636199951172	458.2091369628906	248.76675415039062	374.833251953125	599.724365234375	435.6974182128906	226.63221740722656	278.7146301269531	671.16796875	350.8280334472656
539.0195922851562	1363.31298828125	874.611328125	479.779541015625	647.8240356445312	1283.352783203125	1191.7996826171875	322.4018249511719	402.0174560546875	1487.1734619140625	1048.567626953125	212.9423065185547	523.7096557617188	1341.2276611328125	316.56671142578125	192.6814422607422	7.220990180969238	55.6265983581543	35.859989166259766	43.1828727722168	0.0	2.337390899658203	0.0	0.0	53.32035446166992	0.0	0.0	0.0	0.0	0.0	0.0	38.4367790222168	33.59451675415039	480.2823791503906	609.6365356445312	441.7768859863281	0.0	199.61766052246094	389.5210266113281	243.99851989746094	0.0	79.88758850097656	78.59146881103516	94.36382293701172	0.0	170.18356323242188	114.05084228515625	111.32950592041016	0.0	0.0	0.0	0.0	0.0	0.0	0.0	0.0	39.69573974609375	0.0	0.0	112.35136413574219	0.0	0.0	110.09646606445312	138.68870544433594	133.26011657714844	315.5710144042969	231.64767456054688	258.1803894042969	233.96002197265625	308.7239990234375	533.3939819335938	437.5858154296875	196.640869140625	244.11131286621094	435.91156005859375	107.7713623046875	194.6085662841797	428.4111022949219	207.22842407226562	123.50334930419922	0.0	849.0505981445312	832.6177978515625	672.0903930664062	0.0	741.861083984375	805.61279296875	767.7127685546875	0.0	603.9567260742188	1158.5089111328125	261.03668212890625	0.0	976.8502197265625	1095.92919921875	0.0	0.9866528511047363	160.59303283691406	101.11898040771484	83.81049346923828	0.0	166.68292236328125	76.43858337402344	42.61485290527344	0.0	47.117496490478516	113.08955383300781	26.709632873535156	0.0	83.49031829833984	70.67578887939453	0.0	9.751623153686523	0.0	425.44183349609375	257.9698181152344	78.28400421142578	366.5953063964844	747.526123046875	644.5136108398438	0.0	84.87035369873047	385.52935791015625	296.2789611816406	193.01953125	375.3858337402344	594.2799072265625	136.6700897216797	105.0521011352539	183.851318359375	169.44935607910156	63.36668395996094	81.89476776123047	231.0074920654297	130.95042419433594	41.5190544128418	84.76626586914062	134.226806640625	65.23502349853516	53.76100540161133	145.252685546875	125.0904541015625	122.8777847290039	129.21385192871094	103.46382141113281	0.0	0.0	0.0	28.90371322631836	0.0	0.0	0.0	0.0	0.0	0.0	0.0	70.73548126220703	0.0	77.3151626586914	175.70782470703125	87.99882507324219	489.02178955078125	344.378173828125	244.10643005371094	360.1600036621094	671.1390991210938	695.91796875	231.3049774169922	466.8335876464844	633.4501342773438	758.299072265625	209.5615997314453	291.9944152832031	705.6090698242188	456.1713562011719	218.19708251953125	0.0	75.95238494873047	0.0	62.96463394165039	79.46373748779297	49.58938217163086	90.88346862792969	177.19558715820312	195.9075927734375	286.08148193359375	304.0863952636719	319.8806457519531	0.0	214.64462280273438	163.97122192382812	16.404497146606445	481.0684509277344	400.38018798828125	272.6058654785156	101.61146545410156	475.7838439941406	610.8706665039062	414.02166748046875	50.22967529296875	324.60931396484375	422.320556640625	221.1370849609375	0.0	351.25701904296875	309.1950988769531	0.0	0.0	31.34686279296875	64.12517547607422	211.5165252685547	0.21398499608039856	35.32843780517578	194.71409606933594	345.6312255859375	481.9690246582031	0.0	249.8444366455078	379.83935546875	585.1212158203125	136.4094696044922	44.61371994018555	174.28045654296875	100.26689910888672	149.69985961914062	279.22015380859375	114.05165100097656	37.98749923706055	138.59689331054688	135.32351684570312	205.98321533203125	0.0	223.85035705566406	366.6143493652344	316.2701721191406	543.9290161132812	117.17411804199219	84.13336944580078	168.66392517089844	324.35296630859375	0.0	0.0	5.780576705932617	81.18804168701172	0.0	128.00579833984375	39.420101165771484	265.6581115722656	22.013662338256836	338.22027587890625	491.68011474609375	626.3390502929688	0.0	160.79429626464844	358.5960693359375	77.8485336303711
351.4146728515625	1052.2386474609375	574.2119750976562	398.2621154785156	772.2925415039062	1113.8302001953125	524.1506958007812	178.5345458984375	1027.44775390625	684.7855224609375	1345.76708984375	58.284759521484375	842.2363891601562	786.1348266601562	1197.690673828125	172.91702270507812	0.0	44.65446472167969	0.0	0.0	6.400484085083008	0.0	0.0	0.0	23.964780807495117	0.0	0.0	0.0	0.0	0.0	0.0	0.0	12.443854331970215	262.76153564453125	339.34417724609375	198.34693908691406	69.8575210571289	294.2366638183594	248.62843322753906	156.56399536132812	71.68359375	243.55938720703125	584.597412109375	329.19927978515625	185.72781372070312	76.30221557617188	60.761314392089844	88.49603271484375	0.0	0.0	0.0	0.0	0.0	0.0	0.0	57.72943115234375	0.0	0.0	0.0	21.18999481201172	0.0	0.0	0.0	0.0	104.54602813720703	292.5365295410156	493.7673034667969	492.9200744628906	175.32579040527344	664.4358520507812	621.4120483398438	140.0657501220703	420.57403564453125	607.9970703125	530.4756469726562	406.5833740234375	280.27337646484375	883.3626708984375	1006.5239868164062	258.9906311035156	0.0	551.62255859375	796.1771850585938	274.5348205566406	0.0	807.9038696289062	738.7422485351562	109.1067123413086	803.5699462890625	1002.3919677734375	710.33447265625	565.5703735351562	608.5370483398438	198.69244384765625	754.9967651367188	251.54202270507812	0.0	128.2809295654297	60.31386184692383	55.4019775390625	48.50242614746094	74.4017562866211	71.60733032226562	0.0	53.97770309448242	92.86893463134766	80.56086730957031	30.813039779663086	80.540283203125	12.740209579467773	0.0	0.0	26.91338539123535	83.71131134033203	610.0194702148438	342.0402526855469	209.46495056152344	325.484130859375	416.4439392089844	180.67681884765625	59.1490592956543	168.51515197753906	365.5072021484375	439.27447509765625	697.3955688476562	961.3734741210938	423.93408203125	404.3173828125	73.1190185546875	81.04048919677734	178.5738983154297	82.50541687011719	132.06607055664062	96.79798126220703	0.0	141.39584350585938	35.72904586791992	201.56919860839844	263.62677001953125	177.37008666992188	52.103580474853516	246.21759033203125	107.21434783935547	23.31659698486328	70.63922119140625	0.0	0.0	31.57713508605957	20.791486740112305	0.0	0.0	0.0	0.0	0.0	158.64320373535156	48.036376953125	0.0	0.0	0.0	0.0	75.09571838378906	445.004150390625	481.62591552734375	421.15191650390625	369.0412292480469	672.2958984375	504.8504638671875	270.60498046875	502.72027587890625	637.6083984375	517.7037353515625	297.40325927734375	540.64111328125	803.173095703125	621.0216064453125	202.7120819091797	0.0	227.39425659179688	286.5461730957031	256.1197814941406	18.566375732421875	215.89720153808594	413.299072265625	310.3626708984375	336.6110534667969	303.1465759277344	171.06326293945312	66.69770050048828	193.0383758544922	316.33770751953125	485.3923645019531	226.1256561279297	418.28399658203125	366.5660400390625	113.13233947753906	0.0	352.970458984375	255.21763610839844	127.91409301757812	0.0	406.8710632324219	184.82847595214844	0.0	0.0	280.0738830566406	153.88124084472656	0.0	0.0	38.28359603881836	72.97675323486328	59.61567306518555	242.33238220214844	57.22480392456055	296.1150207519531	216.73553466796875	229.9669952392578	0.0	449.28912353515625	529.8477783203125	75.53147888183594	696.6668701171875	278.7430114746094	455.6466369628906	212.1825408935547	125.19429016113281	249.304931640625	797.9186401367188	897.9013671875	176.52369689941406	352.1427001953125	160.300048828125	446.2604675292969	142.20449829101562	606.1538696289062	683.3767700195312	29.68143653869629	259.21600341796875	358.921630859375	336.5058288574219	122.75494384765625	0.0	29.650197982788086	364.8759765625	257.25775146484375	0.0	105.03318786621094	368.1712951660156	448.1016845703125	43.527225494384766	325.76751708984375	383.0447082519531	58.11203384399414	309.560546875	280.84564208984375	652.9456176757812	389.6966247558594
8.174273490905762	966.542236328125	1435.2655029296875	708.5140991210938	530.0853881835938	1370.6900634765625	1200.1279296875	188.7676239013672	1377.371826171875	1288.9742431640625	161.88760375976562	184.4285888671875	1143.3524169921875	376.0916748046875	190.6611785888672	75.38957214355469	23.948291778564453	44.07509231567383	0.0	0.0	44.58432388305664	0.0	0.0	0.0	12.41226863861084	0.0	0.0	7.542072772979736	0.0	0.0	7.676031589508057	16.316726684570312	80.30074310302734	212.06211853027344	230.6271209716797	85.89949035644531	185.38267517089844	167.27349853515625	109.21885681152344	92.44284057617188	208.99237060546875	89.33186340332031	80.83065795898438	100.59119415283203	0.0	62.11499786376953	113.90351104736328	0.0	18.320051193237305	0.0	0.0	0.0	0.0	0.0	0.0	100.95997619628906	0.0	0.0	129.74314880371094	103.6991958618164	0.0	100.25688171386719	128.87387084960938	25.68543243408203	16.768545150756836	148.49417114257812	620.2123413085938	598.783447265625	34.38228225708008	603.1193237304688	575.0399169921875	51.28868865966797	457.4211120605469	571.287109375	181.56808471679688	56.23480987548828	719.4326171875	434.4591979980469	56.29484558105469	50.6145133972168	3.846364736557007	0.0	1261.599609375	1178.269775390625	0.0	837.2763061523438	1327.226806640625	444.58245849609375	383.7645263671875	1272.7945556640625	918.3207397460938	7.85846471786499	887.0284423828125	1095.6566162109375	0.0	2.9408457279205322	3.4229791164398193	26.408140182495117	84.61686706542969	88.05418395996094	36.3354377746582	36.41349411010742	88.35980987548828	84.34342956542969	46.201499938964844	44.265174865722656	69.77587890625	0.0	5.903853893280029	60.91682815551758	0.0	0.0	19.18313980102539	30.927350997924805	241.64016723632812	353.84356689453125	39.816932678222656	195.9420623779297	428.8748474121094	404.2962646484375	170.33038330078125	339.8415222167969	382.39306640625	150.21226501464844	344.32965087890625	420.8575744628906	262.4933166503906	24.90709114074707	57.265254974365234	158.67599487304688	123.30775451660156	22.260601043701172	161.1506805419922	141.35128784179688	38.795684814453125	109.36214447021484	143.016845703125	0.0	125.33750915527344	120.87906646728516	0.0	87.73123168945312	141.9157257080078	85.14862823486328	94.8787612915039	78.65885162353516	0.0	0.0	67.2928695678711	0.0	0.0	123.3362808227539	0.0	0.0	48.724178314208984	135.90737915039062	0.0	0.0	143.8328094482422	78.73954772949219	27.762521743774414	153.78965759277344	563.1727905273438	315.88653564453125	47.39899826049805	629.2807006835938	617.7360229492188	353.651123046875	420.1976318359375	667.2630615234375	477.2364501953125	260.24676513671875	565.1168823242188	581.1595458984375	321.62591552734375	60.26519012451172	0.0	0.0	316.4261169433594	277.49505615234375	0.0	194.4231719970703	363.39788818359375	211.21795654296875	139.5052032470703	388.3462219238281	334.1873474121094	1.7336164712905884	544.8939819335938	428.9505615234375	82.93934631347656	17.594987869262695	108.99547576904297	386.25079345703125	464.0794982910156	20.83213996887207	295.706298828125	485.6225280761719	268.0957946777344	0.0	455.8583068847656	425.6266174316406	0.0	0.0	421.09283447265625	0.0	0.0	0.0	48.942222595214844	130.8028564453125	0.0	256.7702941894531	122.79731750488281	0.0	131.81362915039062	69.93938446044922	35.502201080322266	58.924713134765625	147.23414611816406	83.02368927001953	154.63177490234375	204.32577514648438	89.0182113647461	70.06371307373047	72.53694915771484	229.990234375	220.81585693359375	114.56109619140625	152.7773895263672	273.0194091796875	64.1551284790039	160.9251251220703	216.01919555664062	65.79004669189453	163.04624938964844	155.04893493652344	129.26321411132812	100.50530242919922	184.03573608398438	88.1419677734375	0.0	0.0	103.64427185058594	500.3274230957031	0.0	0.0	625.1693725585938	593.3004150390625	0.0	565.3843994140625	666.4859008789062	213.7322540283203	578.9454345703125	825.7575073242188	417.8553466796875	0.0
399.865234375	1062.5423583984375	1132.0875244140625	157.4007110595703	637.8753051757812	937.8931884765625	548.4480590820312	417.5509948730469	367.8251953125	342.8914489746094	1567.8243408203125	871.7054443359375	670.3394775390625	540.3843994140625	1210.0765380859375	578.2218627929688	34.79302978515625	0.0	0.0	0.0	0.0	0.0	0.0	0.0	0.0	46.138084411621094	79.35258483886719	60.28977966308594	0.0	0.0	33.74980163574219	0.0	0.0	214.58944702148438	271.6619567871094	180.8787078857422	207.64208984375	121.27723693847656	460.11016845703125	478.4888916015625	174.0192108154297	188.71177673339844	640.9130859375	641.3981323242188	505.5968017578125	328.97515869140625	0.0	8.461625099182129	123.5593490600586	88.87548065185547	0.0	0.0	0.0	0.0	0.0	94.51424407958984	165.96646118164062	181.79617309570312	0.0	0.0	0.0	114.46016693115234	0.0	0.0	334.4728698730469	581.0730590820312	825.0009765625	312.26434326171875	572.9236450195312	934.3762817382812	541.8787841796875	230.6811981201172	137.77996826171875	121.24413299560547	443.61407470703125	579.1874389648438	359.97015380859375	890.08935546875	1055.1134033203125	649.720703125	320.36474609375	187.39141845703125	724.2295532226562	524.0659790039062	138.4453582763672	542.521728515625	504.86846923828125	223.8428192138672	428.3279113769531	420.3228759765625	287.16156005859375	944.9310302734375	215.24806213378906	0.0	753.7648315429688	942.877685546875	74.34483337402344	86.36514282226562	150.53070068359375	43.68832015991211	58.28215408325195	10.41463565826416	0.0	0.0	78.42433166503906	76.96015930175781	72.80200958251953	79.3646240234375	69.26165771484375	0.0	44.91164016723633	19.920673370361328	0.0	112.74266052246094	257.02813720703125	307.5469055175781	709.4910278320312	880.7800903320312	654.854736328125	511.3651123046875	30.328310012817383	73.45646667480469	16.311691284179688	392.93341064453125	1113.7415771484375	1215.2890625	648.6685791015625	471.5473937988281	123.74795532226562	224.19525146484375	83.68013000488281	51.84901428222656	217.3249969482422	140.3390655517578	66.62981414794922	120.33507537841797	76.34981536865234	435.40814208984375	330.6902770996094	120.50768280029297	136.10897827148438	373.14093017578125	318.04962158203125	0.0	0.0	0.0	0.0	0.0	0.0	0.0	0.0	0.0	0.0	95.75812530517578	0.0	86.451416015625	82.132568359375	124.36785888671875	0.0	0.0	334.20263671875	603.773681640625	657.6021728515625	210.79641723632812	386.99835205078125	664.646240234375	660.1423950195312	426.1752624511719	632.5532836914062	605.317138671875	576.4877319335938	307.254638671875	494.4244079589844	540.7639770507812	773.8548583984375	321.8415222167969	430.454833984375	448.5300598144531	389.331298828125	326.0497131347656	266.6260986328125	542.1212768554688	436.06988525390625	50.301856994628906	582.7318115234375	594.2666625976562	48.43987274169922	69.56069946289062	55.361942291259766	117.72417449951172	521.123046875	357.6139221191406	78.4859619140625	35.506221771240234	0.0	0.0	50.99285125732422	60.47113037109375	0.0	0.0	101.32756042480469	0.0	0.0	0.0	68.52703857421875	95.75814056396484	48.27488708496094	24.981395721435547	375.5944519042969	419.5211486816406	546.9351806640625	417.66790771484375	326.0834655761719	875.1223754882812	970.6959838867188	148.826171875	0.0	367.7351989746094	929.7886962890625	385.225341796875	1013.457763671875	342.1446533203125	192.6230926513672	264.1759338378906	720.55859375	1026.97314453125	850.9071655273438	581.7186279296875	210.76858520507812	88.97944641113281	74.91426086425781	439.59100341796875	480.207763671875	954.397216796875	1123.56103515625	456.1112976074219	163.86903381347656	245.70721435546875	267.5361022949219	0.0	253.41055297851562	373.3229675292969	345.4186096191406	420.8500671386719	194.891357421875	515.447021484375	549.5471801757812	250.2471923828125	450.92950439453125	797.4693603515625	291.6100769042969	38.327728271484375	42.6030158996582	39.61163330078125	488.94976806640625	719.19775390625
1115.3839111328125	1061.700439453125	311.60357666015625	427.0202941894531	1034.568603515625	881.8567504882812	331.7937316894531	374.61688232421875	431.94964599609375	477.1161804199219	1562.9693603515625	856.5621337890625	483.90875244140625	458.5583801269531	1344.450439453125	578.8642578125	3.7449581623077393	0.0	0.0	0.0	0.0	0.0	11.16482162475586	133.14056396484375	4.5380401611328125	18.043771743774414	24.866405487060547	36.85404968261719	0.0	0.0	78.58995056152344	0.0	105.46327209472656	223.3292999267578	120.2437973022461	254.46292114257812	86.17341613769531	407.89398193359375	385.34832763671875	362.78326416015625	0.0	65.52043151855469	630.4631958007812	691.1084594726562	429.1958312988281	401.3226623535156	66.79573059082031	22.89973258972168	0.0	0.0	181.49176025390625	6.645304203033447	0.0	0.0	141.7008819580078	172.77578735351562	223.4561767578125	174.3195037841797	0.0	0.0	80.05110931396484	30.20013427734375	0.0	0.11667107045650482	275.8865966796875	367.76324462890625	208.8907928466797	298.32952880859375	432.3193359375	557.3422241210938	517.7631225585938	341.99652099609375	283.0206604003906	162.73008728027344	463.4784851074219	613.26220703125	376.07958984375	719.927978515625	989.1499633789062	666.0223999023438	0.0	963.5589599609375	248.26318359375	30.383304595947266	147.1293487548828	548.7373046875	0.0	182.64125061035156	278.12237548828125	543.9764404296875	159.67056274414062	899.1497192382812	59.63473892211914	124.38941192626953	810.9557495117188	990.1719970703125	13.636865615844727	172.1672821044922	90.93033599853516	40.560142517089844	2.5169599056243896	53.174495697021484	0.0	0.0	92.7880859375	81.66079711914062	85.55836486816406	89.93083190917969	59.53308868408203	44.926551818847656	58.39815139770508	42.306026458740234	0.0	316.0964660644531	109.66281127929688	302.4591064453125	323.8746032714844	1258.9014892578125	999.7202758789062	601.1940307617188	0.0	0.0	0.0	419.459716796875	691.7913208007812	1011.8900756835938	645.53173828125	441.04962158203125	78.6494369506836	131.51316833496094	148.93576049804688	46.747798919677734	25.541763305664062	96.05030059814453	117.90723419189453	178.3944854736328	58.08329772949219	293.50439453125	234.11923217773438	120.49102020263672	100.28923797607422	395.5850830078125	301.7874450683594	11.73530101776123	0.0	0.0	0.0	0.0	0.0	0.0	0.0	0.0	0.0	0.0	0.0	0.0	79.02467346191406	225.4758758544922	0.0	0.0	521.3698120117188	483.7679443359375	494.6665344238281	387.2566833496094	699.0076904296875	490.15228271484375	633.0634765625	569.928955078125	696.6782836914062	511.3372802734375	488.1207580566406	284.9753112792969	545.5892944335938	544.4603271484375	774.2003784179688	265.2991943359375	137.34954833984375	555.8114013671875	606.5070190429688	360.9063415527344	178.6271514892578	210.7584991455078	174.0777130126953	291.8323059082031	443.1701354980469	575.1331787109375	189.95208740234375	40.71356964111328	0.0	71.56067657470703	485.58758544921875	372.79852294921875	483.9310607910156	215.01783752441406	0.0	0.0	421.4864196777344	12.560779571533203	0.0	0.0	237.6602325439453	0.0	0.0	3.770298480987549	19.25510597229004	118.31039428710938	21.378604888916016	0.0	0.0	234.41001892089844	991.3255004882812	1050.376953125	598.4046630859375	1403.9500732421875	989.335693359375	81.67999267578125	0.0	879.6406860351562	1079.373046875	420.3140869140625	819.2465209960938	498.6815185546875	64.21587371826172	369.1070556640625	331.5289001464844	499.466552734375	1368.5596923828125	1393.5076904296875	385.7028503417969	170.5113067626953	104.95650482177734	646.7755737304688	422.3165588378906	1124.21044921875	1473.1146240234375	568.4439697265625	246.81573486328125	212.91831970214844	447.1111145019531	33.5703125	0.0	417.0086669921875	693.3377075195312	484.39166259765625	136.2569122314453	323.8885192871094	236.7923126220703	171.4150848388672	446.9396667480469	731.7630004882812	275.5354309082031	134.184814453125	0.0	0.0	374.3857116699219	648.497314453125
719.9857788085938	559.9940185546875	888.4637451171875	363.76080322265625	979.1594848632812	620.010498046875	943.2145385742188	388.503173828125	828.5582275390625	449.05059814453125	814.7059326171875	348.5381774902344	271.52655029296875	437.2328186035156	792.4755859375	245.23980712890625	42.45097732543945	18.913541793823242	0.0	0.0	0.0	5.09177827835083	40.021942138671875	43.06429672241211	0.0	0.0	0.0	0.0	15.257012367248535	0.0	0.0	0.0	329.5478820800781	301.31085205078125	271.7632141113281	260.1466369628906	299.9431457519531	267.13165283203125	333.99395751953125	293.9230651855469	10.548578262329102	86.04646301269531	217.90782165527344	177.36424255371094	0.0	0.0	232.07064819335938	214.4197235107422	0.0	0.0	0.0	0.0	0.0	0.0	0.0	0.0	0.0	0.0	0.0	0.0	113.66175842285156	70.30829620361328	0.0	0.0	77.83937072753906	299.49761962890625	217.59747314453125	107.26399230957031	253.03509521484375	159.99542236328125	273.6266784667969	195.73880004882812	290.2129211425781	427.5809326171875	569.8585815429688	250.66542053222656	107.9137191772461	116.35073852539062	362.83148193359375	275.7718811035156	0.0	503.435546875	235.8974151611328	508.9542541503906	237.8997344970703	766.639892578125	411.8484802246094	615.1339111328125	271.8512268066406	389.5303649902344	354.5930480957031	461.86822509765625	196.8208465576172	94.23936462402344	358.7110290527344	443.49169921875	71.29471588134766	64.4654541015625	122.97798156738281	38.745506286621094	113.14669036865234	89.85482788085938	123.76819610595703	26.1684513092041	58.09349060058594	0.0	57.650634765625	0.0	38.82281494140625	13.236915588378906	110.68124389648438	25.160688400268555	53.91761779785156	246.14389038085938	54.52771759033203	220.59957885742188	73.65162658691406	368.904541015625	86.77609252929688	251.78260803222656	444.9519958496094	938.7590942382812	566.3013305664062	433.1473083496094	76.50450897216797	135.8197021484375	160.45120239257812	316.4369201660156	77.04305267333984	68.55827331542969	37.9114990234375	70.6611328125	1.8335732221603394	112.5157470703125	124.00102996826172	98.04869842529297	0.0	59.39171600341797	6.67552375793457	25.617469787597656	171.66229248046875	199.21046447753906	91.19152069091797	80.10611724853516	0.0	18.8499698638916	0.0	0.0	0.0	0.0	0.0	0.0	0.0	0.0	0.0	0.0	0.0	9.049687385559082	0.0	0.0	142.7593536376953	151.87149047851562	431.9783020019531	132.1611785888672	432.3099670410156	278.8288269042969	733.9590454101562	226.00341796875	469.7223815917969	354.9826354980469	733.1751098632812	223.30804443359375	429.5517883300781	284.35455322265625	542.2478637695312	155.05307006835938	0.0	5.159107208251953	62.38020706176758	50.458099365234375	56.59626770019531	92.08592224121094	29.872726440429688	62.3170280456543	314.0276794433594	293.06817626953125	275.0562744140625	96.65946197509766	308.4638366699219	354.4861145019531	238.54246520996094	119.36536407470703	166.47531127929688	263.4286804199219	128.00111389160156	85.67854309082031	307.9178466796875	341.0331726074219	123.4962158203125	69.93415069580078	135.91522216796875	339.4832458496094	64.41694641113281	36.66887664794922	0.0	10.23934268951416	0.0	0.0	121.7491683959961	0.0	144.5889434814453	97.70093536376953	0.0	0.0	34.87999725341797	115.02267456054688	612.7996826171875	868.5455932617188	406.9784240722656	154.3751678466797	0.0	312.4212341308594	371.8062438964844	259.9270935058594	155.4644775390625	84.6857681274414	273.34466552734375	19.30809783935547	174.88270568847656	45.01790237426758	339.7308044433594	10.998507499694824	356.2464904785156	246.4429473876953	90.01640319824219	7.34431791305542	479.1126708984375	949.6189575195312	893.7341918945312	123.86555480957031	0.0	0.0	29.290355682373047	87.30584716796875	0.0	54.77943801879883	68.84686279296875	112.27791595458984	421.6192321777344	496.6423034667969	412.834716796875	347.61822509765625	410.79193115234375	442.0350036621094	280.6978454589844	185.20545959472656
780.6043090820312	690.435546875	1160.204833984375	62.632545471191406	763.6083374023438	1178.6282958984375	967.7161865234375	203.3501434326172	723.3412475585938	1287.9146728515625	555.3859252929688	243.16278076171875	237.52931213378906	786.7850952148438	893.6767578125	464.8456115722656	0.0	0.0	31.238874435424805	5.956865310668945	0.0	0.0	0.0	0.0	0.0	0.0	0.0	48.91752243041992	0.0	0.0	0.0	55.37739181518555	22.254594802856445	278.2055969238281	521.9991455078125	287.0267333984375	244.5578155517578	400.6483459472656	127.54275512695312	129.7573699951172	0.0	284.826904296875	512.5458984375	418.5249938964844	0.0	61.009613037109375	539.9076538085938	503.7841491699219	0.0	0.0	0.0	0.0	0.0	0.0	0.0	48.55528259277344	0.0	0.0	0.0	3.954892158508301	41.012351989746094	0.0	0.0	0.0	425.80084228515625	245.3137664794922	670.2680053710938	341.069580078125	146.98435974121094	487.5850524902344	630.3027954101562	106.70902252197266	242.03558349609375	320.98272705078125	26.330413818359375	114.98199462890625	120.22052001953125	288.8990173339844	648.6273193359375	668.4454956054688	474.31561279296875	736.8787841796875	645.3486938476562	411.3550720214844	7.705981254577637	492.86279296875	895.9578247070312	79.82911682128906	0.0	551.1162719726562	389.9708251953125	190.95663452148438	22.170385360717773	175.53553771972656	332.080322265625	475.6166076660156	88.64881134033203	137.03770446777344	27.546634674072266	95.27465057373047	53.571163177490234	94.43526458740234	37.229000091552734	0.0	0.0	82.72101593017578	60.836097717285156	23.617719650268555	0.0	56.9966926574707	0.0	63.918331146240234	56.70978546142578	201.5621337890625	303.55523681640625	314.04290771484375	246.54409790039062	489.8459777832031	351.4440612792969	149.20162963867188	88.08164978027344	167.4259796142578	480.4692077636719	253.79098510742188	54.336151123046875	561.5045166015625	732.1790771484375	514.2960205078125	0.0	230.87612915039062	202.9758758544922	44.61152267456055	110.60978698730469	179.7099151611328	103.84080505371094	67.54511260986328	138.7548370361328	1.3423223495483398	47.623172760009766	70.4745864868164	28.258102416992188	185.0533905029297	123.12651824951172	18.122234344482422	0.0	0.0	0.0	0.0	0.0	0.0	0.0	0.0	0.0	0.0	0.0	0.0	0.0	0.0	0.0	0.0	370.6827087402344	478.0966796875	396.9724426269531	168.78355407714844	455.45220947265625	686.1795043945312	552.86962890625	190.52940368652344	454.4476623535156	582.2407836914062	447.6197814941406	333.1327819824219	450.61932373046875	644.2844848632812	512.8245849609375	259.0452880859375	310.723876953125	410.0526123046875	162.81944274902344	128.0431365966797	150.3944854736328	145.193115234375	306.3074645996094	234.76101684570312	102.27957153320312	284.36712646484375	18.6970272064209	4.5818586349487305	163.4040069580078	68.13816833496094	33.974449157714844	144.0955047607422	244.08154296875	47.94203567504883	0.09049364924430847	0.0	62.48448181152344	344.3132019042969	0.0	0.0	291.69586181640625	221.25775146484375	84.70245361328125	0.0	188.99789428710938	251.9845428466797	148.5471954345703	0.0	0.0	756.8407592773438	598.4534912109375	191.83987426757812	706.569580078125	524.0012817382812	302.3529052734375	193.8006134033203	0.0	572.3944702148438	780.0953979492188	75.1791763305664	23.223112106323242	560.02197265625	561.2655029296875	387.2632751464844	252.7679901123047	971.8555908203125	981.5714721679688	0.0	418.57904052734375	188.44837951660156	215.84506225585938	316.66510009765625	461.8628845214844	551.9220581054688	335.1119079589844	143.189208984375	118.9510726928711	301.26055908203125	528.572998046875	195.80003356933594	117.7151870727539	349.39837646484375	308.0218200683594	138.66473388671875	88.34710693359375	6.957004070281982	421.9419250488281	297.7143859863281	16.756189346313477	192.14219665527344	320.8358459472656	73.6135025024414	92.08769226074219	157.06129455566406	0.0	27.871286392211914
385.0811767578125	1020.1571044921875	471.1768493652344	56.87130355834961	659.8494873046875	1215.077880859375	427.4969177246094	203.8643341064453	1050.24267578125	930.5126953125	397.2153625488281	235.000244140625	366.85137939453125	203.89869689941406	208.4987335205078	78.75100708007812	0.0	0.0	58.329078674316406	22.514476776123047	27.270090103149414	80.15953063964844	43.50816345214844	90.54039001464844	0.0	0.0	0.0	0.0	0.0	0.0	0.0	17.148847579956055	0.0	507.67437744140625	476.214599609375	28.877300262451172	197.48681640625	446.130859375	330.20281982421875	334.4770202636719	38.752479553222656	121.0609359741211	139.9254913330078	0.5433142781257629	0.0	13.210088729858398	100.91934967041016	172.60423278808594	43.1042594909668	0.0	0.0	10.658015251159668	69.6173095703125	0.0	58.022212982177734	23.3963680267334	0.0	0.0	0.0	0.0	230.9293670654297	325.8805236816406	223.74559020996094	174.23831176757812	306.3114013671875	191.689208984375	409.0311279296875	99.86856079101562	126.7596206665039	443.5107727050781	348.397216796875	331.84820556640625	656.12451171875	764.156494140625	706.2440185546875	759.2559814453125	272.6282043457031	0.0	0.0	0.0	257.53436279296875	38.695804595947266	597.3255615234375	76.68058776855469	0.0	986.019775390625	881.385986328125	120.037353515625	374.5929870605469	714.1097412109375	136.5753173828125	69.54366302490234	446.9496154785156	320.5631408691406	0.0	0.0	57.758174896240234	56.57896041870117	54.96377944946289	5.531766891479492	69.6283950805664	132.27838134765625	69.7921142578125	11.65467357635498	0.0	9.05636978149414	0.0	0.0	45.93150329589844	33.70467758178711	36.51061248779297	42.47031784057617	55.527339935302734	268.95574951171875	307.31024169921875	111.09851837158203	146.4994354248047	199.29489135742188	464.1490783691406	402.7418212890625	589.394775390625	1110.094482421875	1327.8143310546875	1055.4361572265625	0.0	50.1394157409668	0.0	61.21101760864258	46.09857940673828	125.32321166992188	84.59095764160156	8.388105392456055	272.5909423828125	214.08778381347656	163.58633422851562	141.14019775390625	91.75794982910156	93.79345703125	68.11227416992188	0.0	127.91665649414062	196.68923950195312	125.00870513916016	127.9065170288086	0.0	0.0	0.0	0.0	170.1223907470703	0.0	0.0	0.0	0.0	0.0	0.0	0.0	0.0	25.52375030517578	56.51789474487305	183.71853637695312	252.6563262939453	272.4992370605469	216.43197631835938	86.40087127685547	311.255126953125	657.5015869140625	321.3971862792969	362.2640380859375	408.0578308105469	639.7908935546875	416.08953857421875	349.8585205078125	489.8964538574219	430.2353210449219	349.55279541015625	254.9324188232422	320.9117126464844	224.1050262451172	19.345727920532227	58.71281814575195	8.459704399108887	97.15656280517578	123.1073226928711	49.78557205200195	425.4761047363281	482.65338134765625	468.5635681152344	598.97998046875	704.6232299804688	668.4720458984375	530.7360229492188	477.0879211425781	14.41317367553711	7.572396278381348	48.336734771728516	0.0	296.2328186035156	316.2929382324219	15.777913093566895	0.0	395.1719665527344	82.81957244873047	0.0	0.0	82.4316635131836	0.0	0.0	0.0	785.5433349609375	766.6251220703125	214.6261749267578	26.55506134033203	195.0046844482422	32.17666244506836	255.56674194335938	64.6903076171875	433.4723205566406	917.4817504882812	855.8818969726562	719.6707153320312	33.91523742675781	286.70416259765625	255.49037170410156	54.78483581542969	809.0506591796875	1000.8217163085938	241.2310333251953	30.4558162689209	299.9744567871094	579.3515014648438	293.66265869140625	309.6949462890625	298.9180908203125	24.730548858642578	177.97659301757812	323.28863525390625	518.7806396484375	885.7509765625	1027.7869873046875	1086.90380859375	232.2276153564453	259.9731140136719	134.7352294921875	30.043563842773438	2.7578516006469727	0.0	137.61898803710938	77.14628601074219	118.22222137451172	783.6167602539062	660.712890625	710.0671997070312	683.3786010742188	1028.208740234375	766.5281982421875	666.9782104492188
305.48297119140625	622.3111572265625	1426.5146484375	1275.143310546875	280.222900390625	951.62109375	1056.2435302734375	457.6620788574219	256.1475524902344	1047.80029296875	1232.5968017578125	114.1805191040039	248.65316772460938	937.5512084960938	829.7835693359375	247.9648895263672	0.0	31.815126419067383	0.0	3.112903118133545	0.0	0.0	0.0	0.0	111.95783996582031	72.2710189819336	0.0	0.0	0.0	0.0	0.0	0.0	0.0	130.98385620117188	346.1568298339844	565.2451171875	58.840003967285156	292.75689697265625	105.64384460449219	103.94522094726562	177.9910430908203	126.37086486816406	560.3662719726562	370.78564453125	175.92723083496094	0.0	0.0	76.2925033569336	98.29803466796875	66.13215637207031	0.0	0.0	12.735085487365723	17.535247802734375	0.0	102.1512451171875	78.34248352050781	26.516063690185547	0.0	52.3747444152832	0.0	0.0	64.64198303222656	68.5844955444336	267.5511169433594	391.0518493652344	824.8878784179688	911.2263793945312	147.79078674316406	652.56884765625	898.4130249023438	216.58935546875	244.8789520263672	251.4788360595703	804.0623168945312	480.6493225097656	589.585693359375	1075.347900390625	983.2947387695312	11.931467056274414	16.971786499023438	548.2898559570312	357.063720703125	1036.301513671875	13.814136505126953	171.48687744140625	846.6281127929688	824.3640747070312	173.9945068359375	251.79287719726562	834.114501953125	497.603759765625	156.5153350830078	344.9105224609375	742.3987426757812	0.0	0.0	131.51589965820312	98.18247985839844	105.88809204101562	0.0	49.26332092285156	0.0	0.0	15.922280311584473	75.72942352294922	152.39768981933594	50.36762237548828	0.0	0.0	0.0	0.0	10.06005573272705	0.0	294.2263488769531	339.025390625	310.767578125	659.9363403320312	515.7598266601562	351.5914306640625	163.568603515625	167.5646514892578	424.3212585449219	491.2207336425781	1160.4136962890625	1016.0392456054688	575.5338745117188	302.8215637207031	47.007694244384766	267.73980712890625	391.90673828125	159.8998260498047	39.63910675048828	266.0976867675781	99.19873809814453	164.733642578125	99.58399200439453	256.2605895996094	230.56434631347656	279.79547119140625	0.0	97.19954681396484	67.0196304321289	93.44734954833984	0.0	0.0	0.0	0.0	0.0	0.0	0.0	0.0	0.0	0.0	66.34282684326172	110.92020416259766	0.0	0.0	0.0	0.0	250.1996307373047	498.3109436035156	766.1188354492188	494.98394775390625	291.9677429199219	482.654541015625	785.2379150390625	496.9215393066406	582.3435668945312	827.1887817382812	784.2433471679688	374.1315002441406	580.6525268554688	828.1929931640625	706.961181640625	190.3217010498047	210.12513732910156	476.44390869140625	379.1778564453125	318.990478515625	30.591941833496094	152.82666015625	458.6500244140625	486.3101806640625	226.6724395751953	425.6226501464844	307.680419921875	96.01021575927734	405.3885803222656	700.0546875	553.6361083984375	248.12033081054688	260.3067321777344	136.33697509765625	136.09019470214844	0.0	169.5203399658203	272.4410095214844	295.3494567871094	0.0	117.04959106445312	97.5883560180664	0.0	0.0	0.0	29.025615692138672	0.0	0.0	0.0	160.40078735351562	321.32012939453125	447.3162841796875	506.48455810546875	577.6609497070312	0.0	215.10765075683594	0.0	396.63006591796875	538.7800903320312	318.1022033691406	1117.2745361328125	375.9710998535156	370.0384521484375	295.5347595214844	209.4497528076172	595.4766845703125	1205.8321533203125	949.7180786132812	259.7515563964844	153.32394409179688	0.0	354.6949462890625	416.02264404296875	934.0255126953125	791.9612426757812	12.001862525939941	96.59343719482422	0.0	132.91827392578125	232.8208770751953	40.82665252685547	263.05731201171875	388.3162841796875	229.63217163085938	0.0	0.0	578.3984375	635.4374389648438	149.60781860351562	263.92547607421875	476.06610107421875	181.42088317871094	538.0051879882812	773.5455932617188	882.1280517578125	410.78656005859375
717.3870239257812	1104.2838134765625	905.528076171875	516.6181030273438	1075.9400634765625	1032.99755859375	507.129638671875	162.89842224121094	756.70068359375	981.9043579101562	757.7235717773438	70.1326904296875	850.9634399414062	1211.6412353515625	1108.7330322265625	66.70130157470703	93.74808502197266	93.513671875	0.0	0.0	0.0	0.0	0.0	0.0	0.0	0.0	11.731280326843262	17.022735595703125	0.0	0.0	6.900043964385986	29.212570190429688	505.7698059082031	459.7821044921875	482.8277587890625	155.3736572265625	345.36102294921875	95.1613540649414	2.120182514190674	119.94110107421875	0.0	575.4673461914062	805.1121826171875	214.53689575195312	179.77537536621094	296.87554931640625	386.92095947265625	175.8238525390625	64.76042175292969	0.0	0.0	0.0	0.0	0.0	323.7471618652344	318.1515808105469	132.57180786132812	0.0	33.24821853637695	193.09490966796875	192.44143676757812	0.0	0.0	0.0	302.763916015625	539.1095581054688	779.21923828125	799.5895385742188	553.6878662109375	602.9335327148438	385.72021484375	50.743900299072266	261.9163818359375	114.87543487548828	210.72598266601562	186.72048950195312	410.4419250488281	1020.0263061523438	734.3502807617188	294.9015808105469	408.30145263671875	349.0390930175781	785.5972290039062	296.30230712890625	498.4010009765625	574.9500732421875	889.7183227539062	0.0	304.7518005371094	57.215476989746094	425.1249084472656	181.3765411376953	0.0	542.5902709960938	580.7134399414062	180.48609924316406	95.73796081542969	75.67681884765625	64.54341125488281	0.0	12.74045181274414	7.014504909515381	9.682234764099121	66.7640609741211	47.265289306640625	60.94124984741211	105.07052612304688	0.0	51.55389404296875	53.634159088134766	20.090721130371094	30.909912109375	212.89768981933594	459.3822937011719	1020.462646484375	1113.5679931640625	753.7273559570312	749.5606079101562	320.01702880859375	0.0	167.6505126953125	386.687255859375	633.7152099609375	355.401123046875	762.6211547851562	1009.8857421875	793.6340942382812	336.9339294433594	167.41038513183594	209.3893585205078	171.81040954589844	0.0	10.111601829528809	0.0	79.9874267578125	220.31130981445312	159.4503631591797	73.39684295654297	208.54937744140625	214.5557861328125	327.3274230957031	347.8499450683594	17.941694259643555	0.0	69.79492950439453	0.0	0.0	0.0	0.0	0.0	0.0	66.36646270751953	0.0	0.0	160.0506591796875	311.0733642578125	0.0	0.0	0.0	0.0	235.6708984375	341.91888427734375	338.9218444824219	308.8148498535156	351.74267578125	790.4450073242188	669.478515625	545.901123046875	591.8524780273438	709.4046630859375	623.6525268554688	355.7078857421875	625.8499145507812	752.1063842773438	296.40875244140625	164.54257202148438	0.0	124.54354858398438	392.3999328613281	591.3296508789062	198.6844940185547	502.307861328125	779.3707275390625	748.941162109375	495.64910888671875	327.0489196777344	0.0	20.33049774169922	17.067731857299805	235.30023193359375	323.35882568359375	137.5000457763672	325.8313293457031	211.31430053710938	116.24612426757812	0.0	347.2086181640625	329.7601013183594	0.0	0.0	69.86600494384766	0.0	0.0	0.0	0.0	40.91476058959961	0.0	0.0	49.96599578857422	359.23773193359375	753.602294921875	793.4896240234375	637.3082885742188	37.66645812988281	230.206787109375	301.54547119140625	818.2175903320312	1143.1383056640625	843.9898681640625	133.19354248046875	556.090576171875	290.591064453125	623.734375	133.11160278320312	105.42608642578125	383.0948791503906	320.7681579589844	354.2284851074219	376.9858093261719	303.96087646484375	801.169921875	1114.426025390625	918.2771606445312	1174.32373046875	417.88714599609375	185.897705078125	390.68560791015625	944.3389282226562	707.389404296875	20.353925704956055	0.0	0.0	268.54345703125	613.9785766601562	65.03488159179688	416.46331787109375	916.6356811523438	967.8534545898438	564.3263549804688	384.0543212890625	496.3937072753906	51.14897155761719	0.0	0.0	206.71575927734375	176.63909912109375
1432.2684326171875	1324.5521240234375	766.7933959960938	913.6664428710938	1457.9354248046875	619.3740844726562	560.76123046875	1229.8837890625	1310.5433349609375	647.086181640625	918.6627807617188	1085.8388671875	950.2521362304688	617.6043090820312	592.2112426757812	202.87002563476562	5.490789413452148	0.0	0.0	0.0	0.0	0.0	4.534087181091309	116.49005889892578	0.0	0.0	10.144308090209961	63.89808654785156	0.0	0.0	0.0	0.0	353.27032470703125	378.0386047363281	0.0	452.00592041015625	104.91680908203125	0.0	263.3511047363281	457.4568176269531	444.5775451660156	579.4072265625	542.9301147460938	245.10382080078125	281.86798095703125	144.91493225097656	0.0	91.2324447631836	0.0	0.0	0.0	0.0	0.0	177.6840362548828	161.99557495117188	0.0	0.0	207.7768096923828	129.19943237304688	0.0	0.0	0.0	33.37108612060547	169.6232147216797	429.7104187011719	739.1856079101562	678.5321655273438	304.7016296386719	580.283447265625	618.2451171875	14.903992652893066	416.10833740234375	274.7599182128906	455.2051696777344	1017.4729614257812	985.5150146484375	640.6356201171875	997.8174438476562	969.6281127929688	90.37892150878906	333.76434326171875	992.4696655273438	708.3429565429688	78.06784057617188	1363.82275390625	1209.5140380859375	161.3225860595703	778.4521484375	1300.531005859375	392.0658874511719	449.317626953125	961.6279907226562	798.6196899414062	230.73692321777344	497.93011474609375	324.9958190917969	64.6547622680664	73.94263458251953	0.4497462213039398	89.2391357421875	81.19509887695312	77.30755615234375	54.80093765258789	94.77313232421875	117.26249694824219	126.01990509033203	14.923288345336914	37.83543014526367	55.16200256347656	0.0	0.0	18.35405731201172	190.2607879638672	603.677490234375	673.2464599609375	460.8858947753906	211.58181762695312	455.36370849609375	123.93364715576172	161.93792724609375	569.52490234375	765.7385864257812	829.1679077148438	668.6995849609375	1281.7579345703125	1147.9505615234375	712.7498168945312	192.5076446533203	122.46170043945312	107.51556396484375	0.0	0.0	60.45417404174805	0.0	376.0119934082031	354.37060546875	235.4993896484375	373.68682861328125	437.4704284667969	243.84109497070312	140.48487854003906	25.344188690185547	0.0	227.5626983642578	0.0	0.0	0.0	0.0	0.0	0.0	144.4140625	0.0	0.0	110.11109161376953	167.80128479003906	0.0	0.0	0.0	0.0	0.0	459.436767578125	411.0915222167969	489.9362487792969	412.6331787109375	658.132568359375	590.4608154296875	653.8231201171875	838.6697998046875	692.7445068359375	548.8587646484375	597.0365600585938	857.7403564453125	528.4288940429688	445.355224609375	591.935791015625	599.0030517578125	61.85701370239258	408.9947509765625	578.4002075195312	282.1807861328125	424.8026123046875	598.2467041015625	508.7144470214844	62.16446304321289	272.3819580078125	126.79309844970703	296.4497985839844	449.61102294921875	334.00140380859375	789.2369995117188	864.4544677734375	719.6680908203125	442.6650085449219	377.1817321777344	117.2922134399414	51.04922103881836	504.2326354980469	91.68115234375	0.0	0.0	381.5220947265625	0.0	76.74925231933594	0.0	102.66336059570312	9.231910705566406	0.0	0.0	58.57757568359375	199.18714904785156	758.7420043945312	779.1350708007812	0.0	237.9319610595703	198.01443481445312	485.7404479980469	135.42880249023438	241.7775115966797	259.4347229003906	379.3374938964844	862.914306640625	434.7090148925781	219.65316772460938	274.532470703125	297.2647399902344	253.2134246826172	640.9586181640625	824.8419799804688	214.98779296875	387.6349182128906	678.7195434570312	922.5551147460938	0.0	576.5616455078125	634.1226806640625	197.36532592773438	60.72187042236328	233.95346069335938	564.67041015625	661.1228637695312	0.0	341.233154296875	537.120849609375	405.3406677246094	368.4808349609375	760.5479736328125	713.7003173828125	126.208740234375	396.3970947265625	497.4657287597656	0.0	542.9852905273438	530.242431640625	765.5763549804688	999.83837890625	976.2371826171875
1332.591064453125	1453.4439697265625	666.6026000976562	441.97479248046875	1373.33447265625	584.5911254882812	1415.33935546875	1268.6591796875	1137.433837890625	213.3246612548828	1400.228515625	1367.7593994140625	887.2460327148438	606.3743286132812	917.44482421875	554.2034301757812	39.29011535644531	0.0	0.0	40.32537078857422	0.0	0.0	0.0	55.2969856262207	0.0	0.0	111.81365966796875	16.280029296875	0.0	0.0	0.0	0.0	148.1095428466797	107.91741180419922	430.9513244628906	544.5099487304688	232.62083435058594	77.00005340576172	390.8070068359375	593.5719604492188	307.76690673828125	348.8339538574219	289.4018859863281	326.3795166015625	150.9407501220703	353.42529296875	0.0	21.250247955322266	0.0	0.0	0.0	0.0	0.0	0.0	0.0	0.0	0.0	0.0	0.0	0.0	0.0	0.0	0.0	0.0	350.0436706542969	732.8282470703125	430.3504638671875	172.80734252929688	355.44244384765625	267.7246398925781	288.748779296875	296.6662292480469	210.59132385253906	72.6441879272461	512.9537353515625	508.2264404296875	270.2813720703125	664.7667846679688	987.4723510742188	591.1952514648438	144.21954345703125	1177.8468017578125	527.1431274414062	247.40782165527344	842.9462280273438	1388.40478515625	0.0	732.61474609375	842.6577758789062	839.4201049804688	427.8214416503906	1203.5980224609375	383.2145080566406	197.2657928466797	535.4893798828125	893.5391845703125	53.85334014892578	75.95929718017578	43.394859313964844	48.01853561401367	128.06129455566406	92.99472045898438	18.184404373168945	114.10227966308594	189.30613708496094	71.67994689941406	56.84636306762695	130.20443725585938	33.53353500366211	0.0	0.0	22.944456100463867	120.63643646240234	657.5352783203125	725.8240356445312	316.6553649902344	0.0	451.2817687988281	12.825963020324707	329.7978515625	191.667724609375	508.5300598144531	169.51084899902344	486.4342346191406	674.232177734375	1164.03271484375	753.0238037109375	538.6326293945312	159.75013732910156	8.31116008758545	0.0	3.1700329780578613	0.0	279.4458923339844	305.6224670410156	26.526256561279297	84.75038146972656	177.13619995117188	346.07781982421875	236.0067596435547	78.6180191040039	87.13689422607422	0.0	0.0	0.0	0.0	0.0	0.0	0.0	97.5584487915039	0.0	0.0	0.0	189.86605834960938	60.50967788696289	0.0	0.0	0.0	0.0	0.0	420.4753723144531	576.7537231445312	350.7096862792969	370.4197998046875	656.3919677734375	607.0841674804688	476.81878662109375	185.16851806640625	707.4174194335938	351.2207946777344	944.7655029296875	423.3515625	682.83544921875	424.8128967285156	885.5226440429688	395.9508056640625	187.0079345703125	426.4963684082031	225.86907958984375	7.063868999481201	282.75244140625	384.3868103027344	137.73941040039062	99.92827606201172	170.53146362304688	8.811556816101074	7.485404014587402	61.182987213134766	247.0814208984375	285.9883117675781	609.291259765625	373.3743896484375	458.82568359375	382.181884765625	98.82733154296875	42.90837860107422	490.336669921875	62.265987396240234	154.58566284179688	10.942558288574219	341.5693054199219	155.3302764892578	289.42156982421875	128.68756103515625	98.7257308959961	178.8920135498047	218.77061462402344	21.74591827392578	64.01789855957031	710.6151123046875	1082.6964111328125	110.32344055175781	0.0	0.0	932.490966796875	468.7236022949219	0.0	106.66780853271484	0.0	192.72103881835938	1166.8480224609375	1143.443115234375	291.9051208496094	268.7955017089844	308.1464538574219	335.1260986328125	495.6672668457031	145.24310302734375	125.24658203125	383.4032287597656	1003.2830200195312	500.3099670410156	124.85597229003906	174.26846313476562	320.5141296386719	122.88487243652344	520.6107788085938	321.5978088378906	10.069988250732422	0.0	0.0	440.7203063964844	393.9884338378906	150.876953125	121.60726928710938	625.5864868164062	205.08367919921875	32.82327651977539	260.805419921875	379.6766357421875	0.0	128.65504455566406	362.96673583984375	303.73486328125	816.0850219726562	886.2769775390625
626.6558837890625	997.7945556640625	177.49864196777344	101.15555572509766	1051.892578125	1275.8743896484375	200.1664581298828	97.71884155273438	886.879150390625	489.0592041015625	200.26107788085938	134.4318084716797	282.5361633300781	326.9346923828125	137.00112915039062	190.17324829101562	0.0	0.0	2.592007637023926	15.413359642028809	37.67605972290039	28.90852928161621	0.0	82.20893859863281	0.0	0.0	0.0	8.595829963684082	12.353014945983887	0.0	0.0	0.0	163.14828491210938	335.7186584472656	228.78309631347656	34.54082107543945	126.71952056884766	232.38595581054688	269.26007080078125	218.6197967529297	0.0	151.0005340576172	175.06198120117188	127.91838073730469	0.0	0.0	0.0	0.0	0.0	0.0	0.0	9.99675178527832	0.0	0.0	75.97607421875	5.776898384094238	0.0	0.0	0.0	12.82686710357666	158.23927307128906	212.81182861328125	237.3327178955078	213.58294677734375	497.47454833984375	390.7377014160156	350.3891296386719	66.65276336669922	332.6808776855469	521.825439453125	71.2004165649414	48.0012092590332	318.4459533691406	388.11224365234375	512.8445434570312	451.6305847167969	139.97984313964844	198.11224365234375	76.54605102539062	133.2188720703125	142.44708251953125	632.2893676757812	609.2860717773438	1.8667542934417725	3.735820770263672	984.9802856445312	367.5926208496094	98.09954071044922	215.8648223876953	561.2235717773438	28.812767028808594	0.0	194.56985473632812	201.66204833984375	99.2272720336914	0.0	20.988719940185547	25.82754898071289	0.6787158846855164	0.0	136.66766357421875	102.88866424560547	67.53189849853516	19.351411819458008	8.705146789550781	29.340028762817383	0.0	0.0	50.93991470336914	37.99580764770508	56.12997055053711	58.88323974609375	395.7036437988281	488.2145690917969	408.0400695800781	85.33738708496094	102.28463745117188	202.03514099121094	168.55691528320312	0.0	352.92633056640625	1108.60791015625	941.7828369140625	915.1911010742188	25.161561965942383	0.0	0.0	38.8333625793457	0.0	37.00153350830078	0.0	6.712259769439697	110.55233001708984	96.80692291259766	98.70404052734375	51.46070098876953	8.32532024383545	148.71603393554688	115.9623031616211	0.0	147.228515625	129.36244201660156	81.02350616455078	80.15655517578125	0.0	0.0	0.0	0.0	0.0	0.0	0.0	0.0	0.0	0.0	0.0	0.0	0.0	0.0	0.0	0.0	120.6567153930664	307.1723937988281	176.08192443847656	79.28495025634766	534.9271850585938	633.0057983398438	281.54296875	204.71546936035156	640.9523315429688	583.890625	453.0467834472656	313.60894775390625	433.1648864746094	268.92041015625	219.43389892578125	196.51309204101562	221.5752410888672	233.81338500976562	146.5613250732422	58.95667266845703	134.0823974609375	266.70892333984375	192.10472106933594	7.864707946777344	313.9611511230469	197.83021545410156	217.64675903320312	180.70494079589844	333.3036193847656	488.59075927734375	540.1593627929688	454.36383056640625	93.38693237304688	48.27035903930664	0.0	0.4219597280025482	365.9858093261719	107.49761199951172	0.0	0.0	251.27003479003906	0.0	0.0	0.0	20.83820152282715	0.0	0.0	0.0	539.9161376953125	488.2392578125	253.96475219726562	31.40899658203125	0.0	262.81591796875	277.44036865234375	21.426895141601562	764.1011962890625	990.1973876953125	845.2073974609375	737.5179443359375	73.2459945678711	609.8494873046875	637.8272094726562	816.3204345703125	460.82025146484375	513.8665771484375	0.0	48.89527130126953	626.2128295898438	677.2680053710938	330.654296875	206.62106323242188	354.5359802246094	178.7484130859375	134.03697204589844	43.05256652832031	483.04327392578125	793.8779907226562	1026.5621337890625	1066.765625	59.301605224609375	180.47158813476562	200.5973358154297	97.09270477294922	80.64783477783203	241.98342895507812	285.4167785644531	39.317161560058594	293.9615783691406	470.5916442871094	229.5657196044922	157.53814697265625	501.0292663574219	639.6849365234375	684.3424682617188	607.3558959960938
1062.17529296875	631.642333984375	945.1475219726562	63.28187942504883	988.6240234375	664.767822265625	1382.8951416015625	254.4685516357422	652.4403076171875	612.9820556640625	1078.7440185546875	434.3873291015625	62.70457458496094	457.3535461425781	1084.0301513671875	477.7906188964844	0.0	0.0	44.13095474243164	19.481979370117188	0.0	0.0	48.41201400756836	39.87704086303711	0.0	0.0	0.0	0.0	25.185298919677734	0.0	0.0	0.0	293.72393798828125	195.714599609375	696.9374389648438	396.1712951660156	117.03173828125	222.26239013671875	716.6712646484375	495.7876892089844	0.0	0.0	363.54266357421875	324.7869873046875	92.20821380615234	0.0	370.2962951660156	371.7727355957031	0.0	0.0	0.0	0.0	0.0	0.0	0.0	0.0	93.1846923828125	0.0	0.0	0.0	165.46531677246094	146.51290893554688	0.0	0.0	463.0202941894531	576.809814453125	34.0020866394043	137.21014404296875	208.6949920654297	712.8701171875	793.4492797851562	283.6083984375	219.37060546875	534.412353515625	331.9322509765625	103.02584838867188	0.0	163.04872131347656	320.234619140625	306.77197265625	796.3522338867188	812.1021118164062	248.85569763183594	324.09124755859375	539.7724609375	331.4865417480469	463.84063720703125	567.3216552734375	192.18626403808594	123.55912017822266	489.9032897949219	508.3446960449219	75.31324768066406	14.012307167053223	234.09764099121094	454.0248718261719	114.56974792480469	26.740718841552734	45.688201904296875	9.155244827270508	122.37242889404297	109.90240478515625	105.09574890136719	89.88858795166016	39.893558502197266	0.0	137.5457000732422	0.0	22.721376419067383	9.4284086227417	106.033935546875	12.921914100646973	229.14955139160156	620.9415893554688	482.1927185058594	310.8910217285156	623.6189575195312	1100.3372802734375	515.016357421875	443.54095458984375	178.41346740722656	438.3568420410156	286.1282958984375	378.7181091308594	97.1201400756836	201.0455780029297	351.5439453125	555.1712036132812	54.08033752441406	0.0	38.19117736816406	26.154281616210938	41.26545333862305	194.77297973632812	131.5336456298828	38.69662094116211	136.9136199951172	0.0	81.22369384765625	83.32621765136719	186.15634155273438	229.28431701660156	198.850341796875	30.68678092956543	0.0	0.0	0.0	0.0	0.0	0.0	0.0	0.0	0.0	0.0	0.0	0.0	190.3255615234375	266.6603088378906	0.0	17.715106964111328	411.4159240722656	270.82403564453125	288.1351623535156	255.0771484375	655.792724609375	844.5505981445312	620.4476318359375	273.11749267578125	619.9646606445312	565.1465454101562	713.0469360351562	207.63568115234375	415.07293701171875	399.2474670410156	636.5111694335938	236.11537170410156	385.9239196777344	407.0169372558594	229.7982635498047	0.0	203.6318817138672	79.75953674316406	195.61509704589844	123.52281188964844	341.5127868652344	525.2181396484375	272.030029296875	48.50019073486328	117.38624572753906	232.46469116210938	81.9891586303711	42.79091262817383	371.4641418457031	0.0	74.23997497558594	0.0	224.7637939453125	198.77357482910156	0.0	0.0	0.0	94.32530212402344	111.82213592529297	52.47566604614258	0.0	96.5108642578125	59.78273010253906	37.918701171875	349.67767333984375	908.3428344726562	778.015869140625	62.785316467285156	1016.085205078125	499.2806701660156	693.19775390625	225.51365661621094	958.5161743164062	1162.3505859375	391.499267578125	202.16041564941406	135.5105743408203	0.0	434.1893005371094	287.3157653808594	280.1502990722656	1047.9254150390625	811.94775390625	134.8302001953125	383.52899169921875	977.0079956054688	1119.367919921875	70.57989501953125	588.1259155273438	960.4349975585938	744.3722534179688	130.16041564941406	71.3928451538086	692.50732421875	842.2117309570312	95.14956665039062	95.90474700927734	288.0442810058594	263.8978271484375	146.80819702148438	230.38465881347656	281.1460876464844	0.0	68.46650695800781	445.4803161621094	388.6816101074219	438.1349182128906	202.60105895996094	149.37193298339844	133.9954071044922	46.02748489379883	59.28995132446289
7.142996311187744	856.8699340820312	1113.6282958984375	51.56725311279297	68.62345886230469	1120.672607421875	1101.8218994140625	33.10709762573242	165.4376220703125	1175.7667236328125	877.3302612304688	38.96448516845703	193.43605041503906	953.6514892578125	469.9046936035156	51.00497055053711	0.0	4.197327613830566	0.0	0.0	0.0	2.3692004680633545	0.0	0.0	0.0	10.42365837097168	0.0	9.0292329788208	0.0	0.0	0.0	15.762629508972168	0.06482595205307007	98.53313446044922	314.0929870605469	164.51242065429688	0.0	194.0218963623047	265.842529296875	103.53739166259766	1.3355326652526855	196.5639190673828	186.4196014404297	77.28216552734375	0.0	91.26200103759766	81.29299926757812	21.51306915283203	3.3289296627044678	0.0	0.0	0.0	8.765995025634766	0.0	0.0	6.107673168182373	4.573971271514893	0.0	0.0	22.26082992553711	0.0	0.0	0.0	8.676774024963379	0.11988391727209091	136.76258850097656	160.82310485839844	120.67933654785156	39.159122467041016	209.34808349609375	193.26698303222656	75.35857391357422	50.918296813964844	192.7506866455078	133.00221252441406	51.79522705078125	53.20120620727539	226.07998657226562	161.2796630859375	43.74058532714844	0.1920856237411499	0.0	822.16162109375	312.9128112792969	0.0	80.90126037597656	976.3379516601562	264.3036193847656	4.246115207672119	337.4034118652344	1015.063720703125	105.33180236816406	11.146088600158691	415.8149108886719	770.2258911132812	10.823668479919434	0.07977041602134705	14.29037857055664	177.14291381835938	34.12752151489258	0.0	81.05380249023438	164.03436279296875	51.19635009765625	0.0	120.36297607421875	120.90155792236328	8.633413314819336	2.442986488342285	93.0267333984375	35.60506820678711	0.0	19.244468688964844	0.0	310.45477294921875	288.56890869140625	22.011615753173828	0.0	359.2626953125	238.04005432128906	26.278728485107422	0.0	410.2044982910156	166.81626892089844	53.71614456176758	87.92680358886719	389.4955139160156	109.48253631591797	41.22151184082031	69.39885711669922	101.97889709472656	12.246114730834961	83.42774963378906	43.72355270385742	163.032958984375	10.307851791381836	82.01577758789062	18.201004028320312	159.1187286376953	39.71284484863281	36.82130432128906	45.178199768066406	110.40318298339844	11.64148235321045	54.01017379760742	10.226774215698242	0.0	0.0	85.38760375976562	0.0	0.0	0.0	57.23670196533203	0.0	0.0	7.092645168304443	3.910017490386963	0.0	0.0	0.0	5.926958084106445	439.7276306152344	298.2267761230469	86.19280242919922	0.0	586.0003662109375	334.4897766113281	94.83744812011719	12.723054885864258	615.6715698242188	295.0695495605469	124.80198669433594	15.552127838134766	576.379638671875	251.74830627441406	137.5980987548828	0.06391964852809906	35.29207992553711	50.676429748535156	23.09349822998047	0.0	63.15065383911133	30.600011825561523	20.949506759643555	0.915988028049469	72.55433654785156	15.266521453857422	9.363523483276367	63.69301223754883	183.36351013183594	101.20158386230469	8.174444198608398	86.20121765136719	385.4642028808594	196.66885375976562	20.198444366455078	219.35313415527344	443.01654052734375	203.72830200195312	24.482364654541016	349.2604064941406	439.8543395996094	226.67620849609375	16.492788314819336	339.0125732421875	266.64459228515625	152.60499572753906	7.710076808929443	0.0	0.0	117.79254150390625	24.262170791625977	14.56079387664795	0.0	123.89102172851562	33.4168815612793	13.494606971740723	0.0	41.55021667480469	30.3621883392334	20.121370315551758	140.9587860107422	186.33558654785156	17.293140411376953	32.98003005981445	282.848388671875	132.34864807128906	17.51285171508789	40.62309265136719	183.18592834472656	0.0	33.2265625	20.79201316833496	107.69195556640625	0.0	33.957122802734375	38.407588958740234	126.96771240234375	0.0	9.862528800964355	0.0	0.0	106.94644927978516	86.79931640625	0.0	0.0	189.28146362304688	58.99382019042969	0.0	51.82008361816406	227.70864868164062	6.214425086975098	0.0	245.14413452148438	389.0128173828125	22.088361740112305
17.974971771240234	1049.7034912109375	1553.2083740234375	80.23693084716797	118.47002410888672	1380.6087646484375	1366.315673828125	86.93787384033203	499.4555358886719	1402.264404296875	871.72900390625	92.63617706298828	788.80615234375	1297.0804443359375	245.03713989257812	104.9272689819336	0.0	0.0	0.0	0.0	4.721201419830322	0.0	23.553089141845703	0.0	29.027036666870117	44.80683517456055	0.0	1.7582545280456543	0.0	0.0	0.0	20.954345703125	0.06482595205307007	33.77680206298828	368.8993225097656	299.9874572753906	3.5833451747894287	190.7281036376953	265.9228820800781	104.94599914550781	45.11554718017578	300.9665832519531	215.89317321777344	86.51333618164062	0.0	110.13910675048828	43.079078674316406	14.958934783935547	5.676283359527588	0.0	0.0	0.0	12.82064151763916	0.0	0.0	34.93014144897461	0.0	0.0	0.0	23.86990737915039	0.0	0.0	0.0	23.878925323486328	0.5008307099342346	204.03500366210938	354.3126525878906	281.87408447265625	38.78631591796875	206.7794647216797	298.200927734375	86.3096694946289	39.62821578979492	316.86541748046875	215.83950805664062	41.60075759887695	449.0108337402344	663.08935546875	395.0939025878906	106.18362426757812	0.1920856237411499	0.0	1236.56787109375	734.0242309570312	4.990997314453125	192.9595489501953	1201.8875732421875	361.0168762207031	0.0	917.03857421875	1302.287353515625	107.99784088134766	0.0	1033.0430908203125	830.4828491210938	0.0	0.07977041602134705	13.287714004516602	179.16212463378906	55.35291290283203	0.0	65.49768829345703	157.42613220214844	34.81090545654297	1.2906521558761597	125.50222778320312	157.28805541992188	14.734073638916016	0.0	56.97917175292969	11.260367393493652	0.0	18.02886962890625	0.0	249.39950561523438	429.5240783691406	21.78118896484375	0.0	448.2934875488281	367.0277404785156	5.668018341064453	0.0	462.81622314453125	220.99819946289062	328.68719482421875	589.6879272460938	684.5189819335938	116.38996124267578	53.02592086791992	95.70285034179688	136.0095672607422	14.07846736907959	109.25265502929688	59.69694137573242	211.1835174560547	47.765262603759766	105.02759552001953	119.2096939086914	202.2891387939453	46.83530807495117	134.08822631835938	71.81474304199219	40.96061706542969	16.67216682434082	68.88449096679688	32.629581451416016	0.0	0.0	95.61113739013672	0.0	0.0	49.5765266418457	92.59671783447266	0.0	0.0	35.49727249145508	0.0	0.0	0.0	0.0	2.5523836612701416	486.9503479003906	575.91064453125	111.48011779785156	0.9480494260787964	743.1185302734375	668.6134033203125	179.25009155273438	36.108802795410156	799.8751831054688	442.7677307128906	161.35122680664062	371.9071350097656	663.1336059570312	337.51129150390625	176.4466552734375	0.06391964852809906	11.01510238647461	118.10075378417969	76.22183227539062	0.0	139.61387634277344	123.48177337646484	0.0	0.0	119.98880767822266	44.80882263183594	16.46985626220703	227.5863494873047	359.27655029296875	174.08145141601562	20.683732986450195	107.54019927978516	437.5380859375	321.119873046875	0.0	275.2082214355469	522.5142822265625	243.88925170898438	40.38386535644531	431.8604431152344	527.5571899414062	209.4186248779297	24.310758590698242	416.5307312011719	360.3169250488281	86.63225555419922	0.0	0.0	0.0	284.3101806640625	199.46485900878906	24.95132064819336	0.0	30.93626594543457	61.95423889160156	42.10125732421875	0.0	68.07904815673828	31.511577606201172	110.02957916259766	501.50299072265625	381.5672302246094	37.46754837036133	34.45502471923828	408.6006774902344	489.3822937011719	105.30754852294922	60.470184326171875	122.5030746459961	0.0	142.15467834472656	119.70345306396484	72.2972183227539	0.0	40.89143371582031	236.71908569335938	52.88875961303711	0.0	20.442138671875	0.0	0.0	172.43173217773438	188.8653564453125	0.0	0.0	317.9640808105469	214.9008331298828	0.0	28.827037811279297	314.41168212890625	34.08859634399414	0.0	582.597412109375	633.9519653320312	89.67920684814453
982.4327392578125	1022.2022094726562	289.9156188964844	150.7535400390625	859.8655395507812	1190.1475830078125	457.40142822265625	490.1216735839844	814.9586791992188	1337.61865234375	853.5156860351562	1330.31787109375	427.3757019042969	937.5856323242188	603.421142578125	662.701904296875	0.0	16.126197814941406	78.91495513916016	79.4257583618164	13.386469841003418	0.0	0.0	36.669708251953125	0.0	0.0	0.0	43.874717712402344	0.0	0.0	0.0	0.0	73.96858978271484	356.460693359375	398.6536560058594	244.10653686523438	97.0864028930664	424.5101013183594	375.2996520996094	406.08392333984375	0.0	217.39305114746094	93.74425506591797	599.5706176757812	0.0	206.68203735351562	169.88363647460938	0.0	0.0	0.0	84.12854766845703	0.0	0.0	0.0	0.0	0.0	0.0	0.0	0.0	0.0	53.26395034790039	0.0	0.0	68.38711547851562	162.0563507080078	106.1128921508789	39.01475143432617	159.7371826171875	168.6078338623047	408.9834899902344	631.7114868164062	509.95458984375	324.19610595703125	479.7642822265625	491.2758483886719	826.6665649414062	273.9170227050781	307.6438293457031	950.7986450195312	771.9005737304688	0.0	818.1156616210938	89.28612518310547	181.4975128173828	0.0	571.1178588867188	516.1712036132812	141.1790313720703	0.0	851.1240844726562	682.7794799804688	782.9566650390625	41.819889068603516	215.76199340820312	408.0439147949219	647.6167602539062	0.0	177.88043212890625	58.9253044128418	19.3552303314209	35.33572006225586	154.7286834716797	0.0	25.94166374206543	0.0	60.839271545410156	107.15299224853516	64.63640594482422	0.0	30.829648971557617	0.0	0.0	0.0	396.18896484375	362.9205627441406	70.3851089477539	0.0	826.0067749023438	964.8563232421875	529.0100708007812	134.94898986816406	413.63238525390625	550.8710327148438	282.3153991699219	62.10968017578125	740.9154052734375	1063.1534423828125	381.2059326171875	54.14657211303711	182.65057373046875	192.43524169921875	92.2656478881836	81.42205047607422	240.3803253173828	147.21009826660156	0.0	50.531986236572266	23.739484786987305	177.20687866210938	174.9696044921875	28.369178771972656	73.55007934570312	9.342337608337402	97.11480712890625	0.0	6.87182092666626	0.0	10.242491722106934	0.0	0.0	0.0	0.0	0.0	0.0	0.0	0.0	0.0	0.0	0.0	0.0	595.6619873046875	491.3733825683594	390.25128173828125	238.6732940673828	611.1839599609375	380.0704345703125	395.1730651855469	342.6299743652344	561.9297485351562	458.30078125	630.1963500976562	472.62005615234375	580.7205810546875	617.1953125	761.3358764648438	535.6253662109375	120.48442077636719	238.6698760986328	45.50148391723633	25.919343948364258	9.257761001586914	6.942323207855225	172.3720703125	247.17410278320312	64.60529327392578	330.5787658691406	323.1500549316406	191.0679931640625	263.16998291015625	311.75714111328125	541.2041015625	444.0368957519531	454.9151916503906	219.294921875	0.0	0.0	410.2682189941406	267.3958435058594	22.913921356201172	54.18513107299805	334.91156005859375	377.7783508300781	0.0	0.0	254.44955444335938	0.0	133.12489318847656	0.0	0.0	25.9470157623291	32.26805877685547	91.06727600097656	242.5733642578125	440.9736633300781	959.4589233398438	470.18975830078125	125.93534851074219	160.84719848632812	738.2498779296875	676.8990478515625	146.1062774658203	976.74365234375	636.9871215820312	346.09600830078125	161.49412536621094	105.62277221679688	471.15936279296875	319.8153991699219	222.8154754638672	79.35823059082031	206.26927185058594	0.0	268.2628479003906	228.986328125	1036.2037353515625	987.86083984375	248.7119598388672	551.35546875	290.0484924316406	162.29351806640625	0.0	271.5385437011719	252.72303771972656	35.5037841796875	0.0	90.58161163330078	18.19695281982422	241.40130615234375	0.0	233.99557495117188	330.73785400390625	246.75962829589844	240.7637176513672	488.2239990234375	557.8059692382812	832.1632080078125
1.1835155487060547	595.98095703125	1290.05322265625	288.16448974609375	52.26845932006836	1253.8870849609375	1302.9608154296875	147.4871826171875	562.5972290039062	1350.9998779296875	639.7356567382812	177.98416137695312	1038.4713134765625	1252.5224609375	208.0333251953125	150.85415649414062	0.0	30.576885223388672	29.794599533081055	0.0	35.46846008300781	15.412952423095703	43.55119705200195	0.0	46.37276077270508	51.2913703918457	0.0	0.0	5.189176559448242	0.0	0.0	17.15791893005371	0.06482595205307007	31.69394874572754	282.9591369628906	121.6613998413086	69.08642578125	94.3835678100586	253.83157348632812	64.6010971069336	97.7423324584961	175.2308807373047	84.13329315185547	84.9201889038086	38.5662727355957	149.4260711669922	89.5647964477539	74.7601089477539	11.64639663696289	0.0	0.0	0.0	11.924097061157227	0.0	0.0	22.249813079833984	0.0	0.0	38.05896759033203	47.18171310424805	0.0	0.0	93.08222198486328	44.90260314941406	0.11988391727209091	130.8721923828125	296.5817565917969	223.86798095703125	35.626121520996094	223.9459686279297	421.5946350097656	166.7149200439453	38.796268463134766	488.8169860839844	396.8016357421875	8.05831527709961	495.62347412109375	556.8678588867188	36.472007751464844	43.332950592041016	2.193803310394287	0.0	1085.802490234375	1000.0073852539062	0.8111754059791565	14.536355018615723	1276.9473876953125	599.6065673828125	5.773660659790039	1105.4019775390625	1325.40283203125	11.640771865844727	128.8081512451172	1294.733642578125	573.143798828125	19.842876434326172	0.07977041602134705	3.7451486587524414	168.30404663085938	88.6165771484375	3.768881320953369	26.270565032958984	126.52349853515625	52.625308990478516	8.502606391906738	77.56283569335938	102.13761901855469	0.0	0.0	87.76362609863281	65.78575897216797	0.0	18.84844207763672	0.0	52.83433532714844	356.77496337890625	19.775501251220703	0.0	363.3091735839844	460.0019226074219	0.0	44.601497650146484	465.5053405761719	258.7325439453125	297.50799560546875	395.551513671875	420.1588134765625	13.895824432373047	4.790257453918457	115.28121948242188	140.07833862304688	112.32630157470703	112.09041595458984	133.52684020996094	168.26736450195312	87.8349380493164	137.9954833984375	18.58258819580078	100.66663360595703	70.43677520751953	151.53143310546875	70.9588851928711	97.91942596435547	87.26301574707031	33.3333854675293	105.44013977050781	0.0	0.0	105.58556365966797	0.0	0.0	34.07328796386719	98.52064514160156	0.0	0.0	58.40251159667969	0.0	0.0	97.23091888427734	74.88093566894531	1.373680591583252	98.7154312133789	567.0602416992188	145.09353637695312	10.63231372833252	455.90704345703125	724.80615234375	192.3995819091797	40.2582893371582	670.2407836914062	532.0775756835938	235.71742248535156	417.7254333496094	626.8826904296875	317.9943542480469	146.15859985351562	0.06391964852809906	0.0	151.0606689453125	160.2804412841797	0.0	98.47933959960938	138.44398498535156	92.67044067382812	0.0	237.2062225341797	162.7447967529297	58.71821594238281	202.45140075683594	320.7772521972656	145.22659301757812	16.805381774902344	27.97547149658203	451.023193359375	291.9007263183594	3.2129695415496826	160.7967529296875	456.135009765625	265.1851501464844	41.35417175292969	365.0428161621094	449.3127746582031	24.373565673828125	49.30143356323242	429.5273132324219	346.8628845214844	14.625611305236816	0.0	14.21370792388916	2.8013381958007812	0.0	133.5399932861328	53.56252670288086	0.0	0.0	96.56480407714844	54.20338821411133	0.0	100.645263671875	50.54405975341797	24.128887176513672	81.97660827636719	80.91313171386719	57.74689865112305	20.130786895751953	169.6630401611328	314.64501953125	122.15960693359375	97.74618530273438	135.87554931640625	38.44978332519531	57.242862701416016	147.3870391845703	141.3353271484375	0.0	86.78616333007812	156.86656188964844	9.007149696350098	108.12671661376953	117.83027648925781	0.0	0.0	59.12047576904297	264.6982116699219	0.0	0.0	328.9993591308594	327.2276916503906	0.0	102.15676879882812	497.2200012207031	248.59259033203125	0.0	548.1480102539062	554.7420043945312	0.0
950.2761840820312	1404.721435546875	743.77099609375	311.59765625	1354.28125	1410.1871337890625	669.5896606445312	59.346229553222656	906.80859375	828.5504760742188	1601.084228515625	107.96531677246094	534.12939453125	1265.634765625	1361.3642578125	160.4587860107422	37.61399841308594	8.902814865112305	0.0	0.0	0.0	0.0	0.0	0.0	0.0	0.0	30.79002571105957	0.0	0.0	0.0	79.56210327148438	0.0	254.3265838623047	531.4256591796875	335.38909912109375	0.0	162.26654052734375	124.74128723144531	588.4495239257812	481.18048095703125	0.0	197.82716369628906	612.1051025390625	417.3787841796875	411.33917236328125	446.9217224121094	225.92880249023438	78.57167053222656	0.0	0.0	0.0	0.0	0.0	0.0	0.0	180.1970977783203	0.0	16.770828247070312	0.0	0.0	260.77734375	94.25244140625	0.0	4.185707092285156	161.057861328125	429.6498107910156	595.0532836914062	684.1729125976562	734.0127563476562	859.1954956054688	391.50421142578125	215.96315002441406	765.087890625	431.7669372558594	656.9644775390625	458.4697570800781	521.5538330078125	1148.4091796875	939.709228515625	322.46246337890625	0.0	860.9267578125	830.7753295898438	413.2491455078125	547.0697021484375	1022.2935791015625	583.1844482421875	152.2134552001953	886.7271118164062	813.8345947265625	1005.1178588867188	809.2977294921875	126.53132629394531	351.71221923828125	1204.41650390625	416.62322998046875	47.48886489868164	107.24987030029297	41.97452163696289	0.0	18.810285568237305	62.71063995361328	129.41616821289062	40.27114486694336	31.519203186035156	63.416893005371094	109.17262268066406	41.37895584106445	97.51305389404297	28.441736221313477	46.69449234008789	0.0	68.46605682373047	354.162353515625	777.1744995117188	809.635009765625	426.9049987792969	578.9541015625	486.1633605957031	523.0481567382812	332.16619873046875	242.69541931152344	183.5825958251953	413.781982421875	1129.712158203125	1063.6312255859375	533.5159301757812	489.4635925292969	120.5973129272461	137.33641052246094	61.47183609008789	0.0	107.1993408203125	57.62888717651367	5.825028419494629	188.0565948486328	0.0	390.61883544921875	346.70806884765625	85.08382415771484	310.6864929199219	443.8905029296875	283.07415771484375	31.556055068969727	64.26998901367188	0.0	0.0	0.0	0.0	0.0	33.00291442871094	230.36257934570312	0.0	0.0	92.36385345458984	143.66062927246094	94.6942367553711	60.21094512939453	0.0	0.0	157.62693786621094	261.76806640625	256.9778137207031	277.04669189453125	683.37646484375	631.5330200195312	546.2369384765625	491.86553955078125	650.1996459960938	717.373291015625	743.41259765625	210.713623046875	643.5263671875	872.2896118164062	859.9107055664062	246.726318359375	0.0	88.46126556396484	575.94580078125	705.0464477539062	221.18264770507812	302.8930358886719	361.44366455078125	343.0438232421875	631.8984375	557.97412109375	92.03083801269531	71.91603088378906	340.0653076171875	368.2801208496094	470.89013671875	222.57769775390625	340.4551696777344	443.2397766113281	196.89834594726562	0.0	426.27032470703125	308.60162353515625	141.04837036132812	0.0	268.8949890136719	54.72631072998047	0.0	0.0	0.0	97.21437072753906	0.0	0.0	182.27452087402344	242.16551208496094	564.6387329101562	805.6348876953125	0.0	727.1356811523438	709.37939453125	94.74151611328125	63.542564392089844	529.5969848632812	716.4182739257812	336.84869384765625	398.86370849609375	91.12725830078125	193.72344970703125	248.9818878173828	273.5661926269531	242.5789031982422	481.8133544921875	951.5209350585938	358.0873107910156	267.5652160644531	329.8671875	985.6438598632812	309.3984069824219	780.5750732421875	919.3646240234375	111.209716796875	621.1483154296875	706.7540893554688	242.35250854492188	118.18367004394531	0.0	0.0	464.353271484375	801.0277709960938	0.0	336.47265625	395.0502624511719	416.1710205078125	778.5491333007812	769.3189697265625	314.75140380859375	79.1212158203125	424.943115234375	78.21308135986328	607.4488525390625	457.35931396484375
901.9592895507812	856.7711181640625	1312.68212890625	964.2544555664062	891.2521362304688	690.4830932617188	1450.8924560546875	805.9176025390625	181.73190307617188	1429.7711181640625	1341.55322265625	178.09844970703125	712.6626586914062	1196.3914794921875	372.10394287109375	213.5887908935547	40.04946517944336	0.0	0.0	27.410531997680664	0.0	0.0	17.498722076416016	0.0	61.36775588989258	0.0	20.227108001708984	0.0	0.0	12.54179573059082	0.0	0.0	214.3798065185547	310.32611083984375	478.5240783691406	589.2706298828125	0.0	125.87322998046875	252.74246215820312	79.1080093383789	106.33757019042969	177.3088836669922	240.37631225585938	77.02538299560547	180.18080139160156	124.9451675415039	57.423805236816406	101.54377746582031	0.0	0.0	0.0	0.0	0.0	0.0	0.0	0.0	139.54449462890625	66.57179260253906	0.0	49.55872344970703	0.0	38.36482238769531	121.85460662841797	99.09077453613281	340.71759033203125	590.4176635742188	349.09515380859375	550.6812133789062	355.62799072265625	240.21949768066406	663.892822265625	491.7192077636719	48.57138442993164	371.4580383300781	659.1402587890625	170.94139099121094	243.25839233398438	613.4249877929688	393.83953857421875	46.670501708984375	0.0	718.1702880859375	384.88531494140625	670.46435546875	224.81539916992188	495.3646545410156	910.3519897460938	968.3676147460938	164.4999542236328	104.1416015625	1105.0579833984375	604.64599609375	0.0	1183.9307861328125	1301.1812744140625	26.464738845825195	41.533233642578125	51.563350677490234	42.947021484375	114.26850891113281	0.0	58.02418518066406	52.08586120605469	52.193111419677734	66.40650939941406	31.75476837158203	121.56681060791016	92.83759307861328	23.854045867919922	40.207763671875	69.27880096435547	0.0	215.63320922851562	208.4686279296875	247.91873168945312	395.2961120605469	297.7229309082031	732.6907348632812	520.6268920898438	368.6278381347656	53.26962661743164	229.71673583984375	329.5325012207031	359.82293701171875	252.37210083007812	222.02342224121094	443.090087890625	214.6070556640625	113.44255065917969	31.242740631103516	131.31341552734375	139.56422424316406	0.0	103.06282806396484	145.0300750732422	94.01548767089844	274.10870361328125	322.3860168457031	149.27088928222656	102.69056701660156	198.84327697753906	146.1324462890625	118.0557632446289	107.07804107666016	16.986286163330078	0.0	0.0	0.0	0.0	0.0	0.0	0.0	119.43150329589844	0.0	0.0	75.0043716430664	189.79502868652344	0.0	0.0	94.71331787109375	213.00994873046875	288.559326171875	470.38519287109375	256.53076171875	524.2127685546875	353.4455871582031	658.994873046875	201.61932373046875	526.1776123046875	609.01318359375	731.3140869140625	271.2024841308594	137.021484375	676.7348022460938	520.1670532226562	210.24537658691406	7.151620388031006	261.31396484375	216.22195434570312	91.55892944335938	428.49884033203125	265.1576232910156	228.84906005859375	193.77316284179688	228.99569702148438	164.1326904296875	244.49822998046875	130.39794921875	0.0	338.43621826171875	252.92808532714844	52.91046905517578	309.37176513671875	255.5537109375	56.898895263671875	92.17674255371094	277.14117431640625	185.39584350585938	232.43222045898438	0.0	61.419166564941406	275.332275390625	99.43146514892578	0.0	338.7093811035156	391.3541259765625	8.008273124694824	0.0	126.70698547363281	455.5864562988281	832.7767944335938	329.5644836425781	372.929931640625	759.2573852539062	0.0	306.515869140625	0.0	0.0	180.3097381591797	128.08360290527344	217.24766540527344	0.0	88.48143005371094	59.60904312133789	208.41775512695312	296.246337890625	1060.8997802734375	497.3757019042969	441.3355407714844	387.8476257324219	326.6057434082031	201.48948669433594	348.2713623046875	843.0599365234375	727.1798706054688	113.64213562011719	172.170166015625	10.166116714477539	28.223548889160156	121.87334442138672	0.0	141.06533813476562	207.49496459960938	172.64402770996094	351.2972717285156	501.46710205078125	255.50294494628906	407.7859191894531	290.29339599609375	234.73876953125	322.729736328125	434.94012451171875	0.0	195.9334259033203	598.8448486328125	248.05850219726562
1166.3712158203125	1103.3338623046875	533.040771484375	969.0576782226562	1123.8411865234375	433.900146484375	732.3536376953125	1428.3509521484375	954.3414916992188	153.84814453125	995.9356079101562	1226.36767578125	847.0663452148438	346.2452697753906	756.3825073242188	274.64605712890625	41.78285217285156	0.0	0.0	6.838219165802002	12.786457061767578	0.0	36.55167007446289	39.15538787841797	0.0	0.0	0.0	32.2001838684082	0.0	0.0	0.0	0.0	153.3466033935547	84.23316192626953	46.9188117980957	591.20166015625	234.49769592285156	227.57701110839844	115.43187713623047	491.0626220703125	281.12017822265625	227.7034454345703	71.7020263671875	113.83922576904297	167.83819580078125	283.6535949707031	0.0	78.84722137451172	0.0	0.0	0.0	0.0	0.0	163.5723114013672	123.90811920166016	0.0	0.0	74.55131530761719	17.37142562866211	0.0	0.0	0.0	0.0	86.63982391357422	357.3207702636719	850.1016235351562	552.1185913085938	124.11437225341797	247.7339324951172	103.17747497558594	280.0643615722656	376.0142822265625	157.2920379638672	109.7056655883789	337.2887268066406	559.2045288085938	231.30215454101562	554.32568359375	753.1787719726562	350.330078125	113.47368621826172	1043.791259765625	551.9638061523438	271.1568603515625	762.3820190429688	1103.663818359375	0.0	976.5949096679688	785.4530029296875	687.2684936523438	179.3640899658203	1197.3109130859375	512.1166381835938	312.36474609375	533.904052734375	823.5060424804688	38.19094467163086	69.0189208984375	28.85657501220703	91.9499282836914	138.64340209960938	124.84561920166016	72.90885925292969	97.0811538696289	176.94552612304688	42.424537658691406	0.0	93.3302230834961	58.54928970336914	0.0	0.0	74.55880737304688	234.09112548828125	595.485107421875	657.669189453125	446.7121887207031	0.0	419.3005065917969	137.83181762695312	170.79141235351562	71.54497528076172	375.2878112792969	169.9718017578125	339.013671875	511.6766662597656	820.321044921875	422.6756591796875	387.784912109375	142.78347778320312	0.0	35.67137908935547	27.127307891845703	0.0	167.83792114257812	299.1628112792969	186.5489044189453	83.60404205322266	156.07994079589844	212.03155517578125	204.33261108398438	83.6262435913086	146.84762573242188	0.0	85.19470977783203	0.0	0.0	0.0	0.0	0.0	219.6905517578125	454.4759521484375	0.0	10.390993118286133	256.67022705078125	184.14682006835938	0.0	0.0	0.0	0.0	0.0	238.183837890625	409.0871276855469	270.1943054199219	318.71868896484375	584.9815063476562	506.93585205078125	366.3509826660156	550.2047729492188	577.5941772460938	234.72471618652344	559.106201171875	753.0761108398438	556.0512084960938	319.1309509277344	637.6045532226562	516.1717529296875	189.3053741455078	611.07421875	532.8235473632812	112.24627685546875	308.2811279296875	378.2739562988281	104.6213607788086	126.16011047363281	121.92797088623047	0.0	111.8056640625	146.32521057128906	133.33920288085938	64.17375946044922	514.7760009765625	291.9677734375	353.38311767578125	257.4099426269531	0.0	66.20073699951172	395.5135498046875	0.0	134.99537658691406	49.294864654541016	242.3864288330078	108.72419738769531	306.8776550292969	160.68679809570312	240.88169860839844	153.94786071777344	283.2058410644531	0.0	193.12960815429688	619.2933349609375	934.0833129882812	808.6719360351562	0.0	82.5877456665039	70.55219268798828	429.121826171875	0.0	99.33230590820312	0.0	28.694276809692383	737.04931640625	528.6934204101562	190.72462463378906	177.321044921875	258.79547119140625	346.5346374511719	1026.9996337890625	818.4009399414062	151.38539123535156	349.7811584472656	1032.762939453125	1055.0628662109375	57.56733322143555	187.626708984375	200.49374389648438	21.37179183959961	316.8938903808594	165.13540649414062	159.9908447265625	98.67277526855469	0.0	631.8722534179688	809.2574462890625	230.3217315673828	104.26162719726562	603.3593139648438	242.43601989746094	0.0	180.5272674560547	303.208984375	0.0	381.65740966796875	239.68324279785156	150.4740753173828	460.0803527832031	708.177978515625
1034.170166015625	1092.1932373046875	948.1976928710938	683.7875366210938	1025.9412841796875	641.4939575195312	796.94482421875	547.29296875	379.7234191894531	991.2182006835938	956.5178833007812	71.29145812988281	772.209228515625	806.5150146484375	351.9696044921875	227.2208251953125	55.841796875	12.588637351989746	0.0	0.0	0.0	0.0	98.84527587890625	60.27190017700195	35.11497497558594	0.0	0.0	0.0	0.0	0.0	0.0	5.790928840637207	156.3097686767578	178.20553588867188	172.84378051757812	378.2921142578125	0.0	263.5556335449219	322.4051208496094	82.83853912353516	10.490575790405273	209.26136779785156	435.0783386230469	153.00555419921875	257.13031005859375	105.15188598632812	20.833505630493164	104.2200927734375	0.0	0.0	0.0	0.0	0.0	0.0	157.56222534179688	0.0	119.37721252441406	108.27722930908203	0.0	0.0	0.0	0.0	142.7764129638672	91.98976135253906	262.70184326171875	692.4235229492188	330.1905517578125	316.408203125	314.4578552246094	221.2381591796875	420.76043701171875	279.2593994140625	169.82803344726562	582.4268798828125	979.3765258789062	366.9618835449219	688.41015625	995.6495971679688	545.6055908203125	79.06077575683594	0.0	1076.812255859375	576.755859375	479.0558166503906	220.3331298828125	760.9309692382812	281.58758544921875	462.6299133300781	245.68316650390625	213.5115966796875	680.0158081054688	545.1724853515625	236.84454345703125	796.8873291015625	676.758056640625	0.0	29.377668380737305	89.41926574707031	92.21479034423828	26.958087921142578	0.0	62.33572006225586	33.401878356933594	21.893898010253906	111.15059661865234	59.22028350830078	55.549964904785156	0.0	58.65290451049805	4.7523932456970215	26.50261116027832	0.0	55.9709358215332	186.94021606445312	347.02374267578125	363.1120910644531	236.888671875	819.4932861328125	631.3956298828125	526.681884765625	42.01685333251953	343.5427551269531	476.9092712402344	576.552978515625	450.5783996582031	639.836669921875	263.96551513671875	135.63119506835938	126.21436309814453	25.068843841552734	133.3076934814453	99.74958801269531	0.0	125.51805877685547	185.40176391601562	206.5033416748047	254.79515075683594	324.75067138671875	74.1282958984375	70.31314086914062	272.28057861328125	276.8011169433594	144.552734375	169.9175262451172	40.59461212158203	0.0	0.0	0.0	0.0	0.0	0.0	0.0	0.0	0.0	0.0	0.0	0.0	0.0	0.0	95.61235046386719	278.74188232421875	449.74322509765625	440.1059265136719	184.90957641601562	622.956298828125	530.5712890625	759.9051513671875	363.8575134277344	590.9462890625	469.7076110839844	553.9102783203125	197.5484161376953	462.31072998046875	519.2957763671875	540.9048461914062	194.03309631347656	53.51603317260742	354.5041809082031	357.5169677734375	218.79208374023438	280.43572998046875	202.1382598876953	203.3485107421875	230.4945526123047	350.1640625	297.152099609375	341.9521484375	286.3719482421875	77.69036865234375	631.403076171875	593.5743408203125	130.94076538085938	417.2533874511719	297.990234375	0.0	0.0	387.9910583496094	122.68653106689453	81.66519927978516	0.0	156.0533447265625	13.47077465057373	0.0	0.0	134.4130859375	105.06968688964844	0.0	0.0	106.66986846923828	193.52394104003906	792.3478393554688	512.9015502929688	623.4994506835938	824.2291870117188	80.97293853759766	188.1663818359375	204.2979736328125	812.886474609375	556.353515625	329.9644470214844	270.2278747558594	65.6912841796875	212.38592529296875	159.55348205566406	200.14117431640625	313.428955078125	1084.4300537109375	744.1296997070312	302.9843444824219	0.0	399.7325744628906	373.1164245605469	479.9792175292969	1009.4390258789062	884.356689453125	119.64646911621094	194.51657104492188	64.62882232666016	282.66729736328125	366.4921569824219	0.0	308.6898498535156	487.7306213378906	237.143798828125	119.10626220703125	364.40478515625	164.7705841064453	220.13198852539062	422.2631530761719	476.23388671875	259.87384033203125	392.8113098144531	0.0	546.6700439453125	727.8215942382812	430.19781494140625
1411.8507080078125	1374.5777587890625	607.8489990234375	875.4910888671875	1393.913818359375	739.7623291015625	679.9869995117188	1554.0020751953125	1382.9339599609375	223.4589080810547	1196.0196533203125	1409.9501953125	1180.421630859375	645.5460205078125	1014.8878173828125	459.7775573730469	2.5213375091552734	0.0	0.0	0.0	0.0	0.0	10.94737720489502	70.61457061767578	0.0	0.0	43.98430252075195	92.38484954833984	0.0	0.0	0.0	0.0	326.8598937988281	346.1344909667969	130.10789489746094	605.6953125	133.69253540039062	16.55011749267578	131.48619079589844	554.4822998046875	408.8963317871094	419.4514465332031	321.2214050292969	239.84408569335938	360.2655029296875	416.8117370605469	0.0	0.0	0.0	0.0	0.0	0.0	0.0	101.6189193725586	125.61260223388672	0.0	0.0	120.57485961914062	94.01441192626953	0.0	0.0	0.0	0.0	88.96106719970703	402.3110656738281	704.9415893554688	686.6075439453125	269.0235290527344	486.3003845214844	471.7826843261719	223.02987670898438	440.5567321777344	148.04244995117188	60.99535369873047	587.311767578125	746.532958984375	347.9370422363281	833.0974731445312	906.1170654296875	627.2713623046875	278.51568603515625	1063.9730224609375	698.6358032226562	36.00804901123047	1144.680908203125	1282.7996826171875	100.0376968383789	920.0492553710938	1117.3297119140625	758.4924926757812	246.8905792236328	1280.64013671875	617.9834594726562	195.36141967773438	714.096923828125	960.9037475585938	75.91544342041016	81.30374908447266	23.155750274658203	87.49684143066406	77.70012664794922	77.24445343017578	87.72987365722656	106.04735565185547	128.63235473632812	87.39021301269531	28.563573837280273	108.0257339477539	73.36377716064453	0.0	0.0	0.0	92.82081604003906	582.9783935546875	788.9854736328125	551.166015625	92.28466796875	335.7866516113281	82.8585205078125	145.19088745117188	258.6568603515625	451.373779296875	309.699462890625	507.3638000488281	926.878173828125	1131.076171875	623.6365966796875	433.7594299316406	129.40794372558594	113.14781188964844	0.0	0.0	34.18879318237305	65.06278991699219	328.3842468261719	258.5655822753906	130.66006469726562	277.9921569824219	335.831787109375	271.9918212890625	131.78993225097656	178.04246520996094	19.572860717773438	65.72138977050781	0.0	0.0	0.0	0.0	0.0	0.0	205.63626098632812	0.0	0.0	212.83253479003906	265.5604553222656	0.0	0.0	0.0	0.0	0.0	500.4029235839844	453.012939453125	329.8362121582031	321.8741455078125	646.5188598632812	572.6199951171875	504.227294921875	654.8157958984375	654.5662841796875	459.8473815917969	634.0166015625	883.403076171875	625.6083374023438	434.12689208984375	649.9773559570312	708.4000854492188	83.54518127441406	409.2494201660156	534.9363403320312	230.1136474609375	289.6747741699219	525.5406494140625	436.8654479980469	91.50865173339844	235.7732391357422	10.945306777954102	53.77781295776367	190.92930603027344	109.54737091064453	181.78189086914062	715.0045166015625	473.3514099121094	461.6485595703125	339.0386657714844	0.0	38.945404052734375	544.58251953125	158.96627807617188	69.27539825439453	15.679216384887695	434.04156494140625	14.683855056762695	296.91973876953125	90.62628936767578	208.901123046875	147.7757568359375	262.0572814941406	0.0	7.985464096069336	397.3888854980469	928.575439453125	918.1107177734375	0.0	52.891082763671875	155.2332305908203	595.5994873046875	0.0	152.7908477783203	33.85456848144531	45.75898742675781	951.9799194335938	642.6342163085938	114.12347412109375	213.14361572265625	314.80633544921875	348.3352966308594	838.447509765625	854.51220703125	148.58950805664062	206.44912719726562	932.2565307617188	1111.0999755859375	18.525251388549805	295.6246337890625	341.9378967285156	268.1414489746094	260.93328857421875	164.98043823242188	142.90185546875	178.58985900878906	0.0	363.13348388671875	512.5677490234375	272.284912109375	245.29434204101562	714.7693481445312	601.1826171875	0.0	344.7088928222656	391.0252990722656	0.0	353.37896728515625	160.42837524414062	31.30245590209961	698.0479125976562	919.5736694335938
1259.75	1335.957763671875	733.5262451171875	584.4057006835938	1473.575927734375	1059.663330078125	1038.220458984375	1092.927734375	1364.017822265625	1016.5901489257812	905.7627563476562	1199.1812744140625	1008.9015502929688	736.2430419921875	413.31341552734375	168.89866638183594	35.78611755371094	7.971646785736084	0.0	38.3115234375	64.69328308105469	50.75309753417969	0.0	0.0	0.0	0.0	0.0	0.0	0.0	0.0	0.0	0.0	224.70632934570312	207.5237579345703	536.1446533203125	604.1049194335938	269.06695556640625	294.85284423828125	541.9840698242188	513.6248168945312	234.23779296875	156.50540161132812	12.07277774810791	156.58651733398438	0.0	0.0	0.0	116.98883056640625	0.0	0.0	0.468645840883255	0.0	0.0	0.0	0.0	0.0	0.0	0.0	0.0	0.0	0.0	0.0	62.521156311035156	177.35601806640625	268.9845275878906	638.2783813476562	440.0246276855469	346.5202331542969	346.5647888183594	270.4144287109375	567.3890991210938	509.656005859375	393.19525146484375	399.3291015625	830.234375	911.4378051757812	412.4012451171875	574.8025512695312	732.2437133789062	34.38492202758789	3.4404516220092773	1130.405517578125	1059.013427734375	268.8592224121094	828.5033569335938	1162.794189453125	507.62200927734375	511.126708984375	829.5578002929688	687.6591796875	592.68896484375	761.5120239257812	506.57806396484375	506.9496154785156	372.84429931640625	332.8565979003906	37.338539123535156	69.97974395751953	105.9083023071289	59.83492660522461	87.25302124023438	92.35250091552734	53.2730712890625	41.81342697143555	103.909423828125	55.59604263305664	56.31067657470703	56.93975830078125	0.0	0.0	0.0	24.566997528076172	22.21611213684082	136.2630157470703	458.5606994628906	343.3612365722656	0.0	414.7347106933594	623.494384765625	558.565185546875	444.18267822265625	682.3783569335938	706.7749633789062	429.3014221191406	596.9452514648438	815.404541015625	640.541748046875	234.1589813232422	145.05909729003906	82.15078735351562	279.3309020996094	199.31442260742188	55.2728385925293	183.86549377441406	265.20428466796875	48.83323287963867	130.38832092285156	161.9713134765625	122.96503448486328	100.0810317993164	25.951095581054688	0.0	0.0	195.00619506835938	4.317962169647217	0.0	0.0	0.0	0.0	0.0	0.0	0.0	0.0	0.0	0.0	0.0	0.0	0.0	0.0	61.202857971191406	308.8507080078125	530.0984497070312	476.8146057128906	448.95904541015625	591.8765869140625	570.3140869140625	510.531494140625	337.0246887207031	673.255126953125	608.2376708984375	703.92041015625	632.6181030273438	653.1201782226562	670.0947265625	690.8787841796875	632.2882690429688	0.0	240.0218963623047	353.2174377441406	245.93092346191406	90.17962646484375	137.02828979492188	75.94790649414062	161.979736328125	91.68191528320312	56.167213439941406	140.4424591064453	397.1688537597656	506.91064453125	545.4227294921875	638.7425537109375	485.8757629394531	536.7816772460938	501.4492492675781	78.724365234375	46.97335433959961	596.9352416992188	403.3435363769531	400.7868957519531	12.297711372375488	529.1150512695312	536.756103515625	298.41290283203125	42.42937469482422	246.12986755371094	120.94554901123047	0.0	0.0	81.04905700683594	0.0	153.50047302246094	88.53599548339844	0.0	128.1387481689453	513.2799682617188	648.1536865234375	29.337081909179688	158.65298461914062	0.0	516.6884765625	570.0361328125	537.917724609375	376.7773742675781	201.2698211669922	189.369384765625	178.6857147216797	401.535400390625	494.00030517578125	145.18002319335938	3.686920404434204	351.7469787597656	434.9910583496094	78.6246337890625	28.896879196166992	555.047119140625	760.2153930664062	476.6954650878906	424.64434814453125	462.623779296875	437.00701904296875	0.0	165.33270263671875	421.28387451171875	312.3072509765625	0.0	198.73219299316406	1.421038269996643	105.12297821044922	152.06146240234375	210.76492309570312	179.57833862304688	349.52301025390625	710.78271484375	787.521240234375	839.5487670898438	740.9996337890625
278.8358459472656	704.6152954101562	1177.714599609375	119.4602279663086	27.70395851135254	926.2008666992188	1350.696044921875	56.29551315307617	82.64329528808594	1077.1729736328125	956.9296875	57.01883316040039	179.22821044921875	1118.3162841796875	824.4952392578125	56.3079833984375	0.0	0.0	0.0	0.0	31.916589736938477	18.8043212890625	20.39957618713379	0.0	0.0	21.511489868164062	0.0	0.0	0.0	0.0	0.0	14.218815803527832	0.0	123.89079284667969	371.7931213378906	237.93299865722656	106.24461364746094	26.457841873168945	283.1142883300781	112.8368148803711	46.0120964050293	201.9910430908203	247.79583740234375	85.49853515625	0.0	221.1405029296875	213.53187561035156	83.26424407958984	0.0	0.0	0.0	0.0	91.32551574707031	41.03897476196289	0.0	14.477136611938477	51.139705657958984	0.0	0.0	20.638845443725586	7.348485946655273	0.0	0.0	14.047330856323242	303.4325866699219	371.9646301269531	209.6211395263672	181.91854858398438	0.0	169.08078002929688	354.6579895019531	186.0611572265625	38.41571044921875	156.336669921875	144.9626007080078	83.74371337890625	46.22713851928711	256.2160949707031	239.5938262939453	79.92652130126953	147.98585510253906	51.485538482666016	707.6951293945312	600.3805541992188	24.37372398376465	0.0	912.1432495117188	416.6930847167969	1.5007957220077515	110.1917724609375	901.4590454101562	185.47817993164062	12.674467086791992	335.7104797363281	943.34326171875	132.69088745117188	0.0	0.0	85.60525512695312	29.530048370361328	46.97269821166992	73.01827239990234	156.2516632080078	60.2486686706543	14.752328872680664	75.15042114257812	145.65130615234375	20.952465057373047	4.64137601852417	114.9397964477539	108.82381439208984	6.627608299255371	321.1374816894531	431.443359375	365.9101257324219	364.10760498046875	93.61506652832031	69.80982971191406	330.0922546386719	333.02374267578125	24.86341094970703	0.0	405.610595703125	237.58160400390625	57.34927749633789	70.99885559082031	422.891357421875	165.07467651367188	0.0	0.0	112.22677612304688	71.24052429199219	107.5049057006836	214.12722778320312	177.4658966064453	27.888843536376953	74.71086120605469	65.77241516113281	182.4053497314453	47.08123016357422	66.33125305175781	27.528907775878906	143.3176727294922	35.213802337646484	0.0	0.0	0.0	0.0	267.2463073730469	201.42294311523438	18.869400024414062	0.0	188.40953063964844	0.0	2.9887728691101074	29.246150970458984	59.633480072021484	0.0	23.478351593017578	0.0	117.69445037841797	194.09310913085938	337.0986633300781	91.00235748291016	186.9700927734375	559.8489990234375	525.482421875	122.64545440673828	16.74813461303711	627.7520751953125	486.47943115234375	136.93502807617188	14.789960861206055	608.4633178710938	274.12396240234375	161.1034698486328	356.533203125	358.9083251953125	295.27447509765625	81.87052154541016	154.7047119140625	108.44705963134766	162.41229248046875	39.268795013427734	0.0	111.43032836914062	71.62443542480469	18.300344467163086	5.498068809509277	60.63969802856445	42.97429275512695	9.734533309936523	0.0	19.67755699157715	73.1678695678711	0.0	0.0	209.85459899902344	81.1017074584961	16.647541046142578	232.52810668945312	430.52069091796875	191.8839569091797	22.076936721801758	317.9919738769531	422.3881530761719	191.2915496826172	9.676495552062988	705.1724243164062	832.9559326171875	483.5011291503906	108.72635650634766	87.0115737915039	0.0	96.38321685791016	136.34889221191406	68.84221649169922	0.0	22.75320816040039	31.731971740722656	37.30012512207031	0.0	74.80332946777344	19.9818058013916	585.00927734375	969.87646484375	821.1949462890625	115.156982421875	325.78125	816.6246948242188	664.4249267578125	103.40863800048828	16.999757766723633	99.30398559570312	0.0	36.40096664428711	26.262155532836914	125.78184509277344	0.0	18.34154510498047	310.89056396484375	308.7740478515625	222.00250244140625	188.6585235595703	109.19306182861328	0.0	173.37648010253906	189.51950073242188	13.738398551940918	0.0	275.1417236328125	92.55876159667969	0.0	28.616962432861328	225.0530548095703	8.403532028198242
399.86322021484375	186.91856384277344	1011.8865356445312	1123.594482421875	171.2763214111328	279.99114990234375	1404.97900390625	1260.9490966796875	67.69540405273438	1060.2293701171875	1263.08642578125	174.8094482421875	565.55810546875	1346.1219482421875	739.5123901367188	206.3916015625	0.0	0.0	0.0	8.150876998901367	0.0	17.893095016479492	79.9872055053711	32.251712799072266	29.807199478149414	21.74957275390625	45.76301193237305	0.0	56.63478469848633	32.79862976074219	18.062707901000977	0.0	295.2642822265625	0.0	209.61343383789062	509.0897216796875	160.70840454101562	355.29949951171875	334.2861633300781	383.7059326171875	165.22677612304688	190.8653564453125	155.0632781982422	44.37493133544922	111.01866912841797	145.02059936523438	69.76578521728516	97.63203430175781	0.0	0.0	0.0	0.0	246.74105834960938	157.66957092285156	80.62413024902344	0.0	255.48028564453125	72.51209259033203	0.0	76.09960174560547	0.0	0.0	62.14051818847656	98.13248443603516	836.8839111328125	902.5869750976562	660.296142578125	225.73330688476562	0.0	68.12745666503906	568.5324096679688	550.3201293945312	78.57682037353516	208.2726593017578	630.8541259765625	296.99822998046875	72.85684204101562	563.0817260742188	509.92169189453125	37.419761657714844	520.9757690429688	153.64981079101562	0.0	668.52587890625	393.22113037109375	0.0	452.0309753417969	1216.8895263671875	0.0	0.0	1346.574462890625	1134.5299072265625	0.0673876404762268	1047.4068603515625	1322.7633056640625	0.0	2.175105094909668	0.0	4.946061134338379	65.18921661376953	46.59556198120117	74.26505279541016	134.57330322265625	162.47015380859375	0.017968472093343735	5.3519439697265625	93.24462127685547	65.06718444824219	10.764154434204102	39.024635314941406	106.07592010498047	0.8953413367271423	1046.907470703125	987.9517211914062	700.7536010742188	520.9105834960938	34.86054229736328	0.0	161.07388305664062	444.6464538574219	212.19845581054688	84.98462677001953	236.1416015625	422.8805236816406	63.050045013427734	125.30538177490234	408.32452392578125	350.55072021484375	126.80010223388672	0.0	0.0	68.5471420288086	123.56812286376953	301.9521484375	271.4353942871094	225.1060333251953	189.02667236328125	262.2601623535156	177.1587677001953	133.96400451660156	157.4994354248047	82.06887817382812	55.6175537109375	117.99958801269531	0.0	0.0	0.0	0.0	90.13580322265625	345.42022705078125	0.0	0.0	465.8088073730469	451.696044921875	0.0	0.05744461342692375	109.60149383544922	0.0	0.0	87.10021209716797	306.40655517578125	304.9344787597656	273.12371826171875	296.8746032714844	312.5816955566406	307.444091796875	744.0004272460938	292.6778869628906	205.5137481689453	225.32713317871094	703.3473510742188	254.61769104003906	36.488731384277344	634.0476684570312	613.8732299804688	296.6988525390625	553.7833251953125	671.1499633789062	447.1235046386719	214.3312225341797	709.0726928710938	440.1301574707031	139.67291259765625	155.4687042236328	0.0	8.83176326751709	233.0455780029297	170.5525360107422	0.0	299.3724670410156	286.4123840332031	91.22636413574219	0.0	0.0	0.0	36.808658599853516	0.0	0.0	108.81954193115234	0.0	23.07424545288086	393.518310546875	330.0659484863281	27.910783767700195	321.4511413574219	492.369140625	52.361907958984375	13.979995727539062	654.1383666992188	774.8388061523438	973.8638305664062	490.879150390625	254.23953247070312	197.58880615234375	0.0	323.1258544921875	159.41552734375	226.3234405517578	0.0	116.5187759399414	118.85858154296875	0.0	88.13345336914062	44.010955810546875	35.678550720214844	549.8824462890625	960.0419311523438	593.5673828125	779.5266723632812	1060.83935546875	1175.0421142578125	767.44873046875	102.53485870361328	154.3740234375	0.0	54.98698806762695	167.18699645996094	147.49600219726562	0.0	108.3765640258789	557.7609252929688	724.2177734375	513.2832641601562	268.63421630859375	809.7784423828125	675.798583984375	2.1562483310699463	202.6558837890625	78.66165924072266	0.0	297.95977783203125	566.7045288085938	0.0	19.254547119140625	570.3462524414062	462.3931884765625
742.3856811523438	802.6447143554688	1217.8714599609375	280.57952880859375	673.8930053710938	1051.62841796875	1397.2596435546875	391.1151123046875	759.6841430664062	621.0574340820312	1159.0733642578125	468.3119812011719	542.4209594726562	976.7692260742188	1124.8465576171875	192.72422790527344	0.0	0.0	9.976872444152832	14.22022819519043	25.00884437561035	0.0	0.0	0.0	0.0	0.0	0.0	0.0	0.0	0.0	0.0	0.0	0.0	207.05921936035156	709.0260009765625	490.5684814453125	367.7016296386719	236.4582977294922	355.63677978515625	181.3967742919922	0.0	165.2781219482422	496.04730224609375	467.3300476074219	98.85543060302734	312.56524658203125	122.1269760131836	27.005517959594727	46.60537338256836	0.0	0.0	0.0	150.80767822265625	8.409297943115234	0.0	0.0	0.0	0.0	0.0	0.0	179.05458068847656	121.34493255615234	0.0	7.265805244445801	457.4152526855469	484.8927917480469	308.109619140625	305.8924865722656	415.102294921875	1012.7825927734375	816.3403930664062	311.4775390625	669.6185913085938	632.4086303710938	575.7888793945312	693.2726440429688	203.84524536132812	918.5153198242188	1147.201416015625	444.3948974609375	196.7406005859375	331.30657958984375	505.0020446777344	633.4119262695312	52.11262512207031	287.89794921875	714.5720825195312	568.6525268554688	396.0694885253906	541.7984008789062	561.1793212890625	730.90087890625	84.79522705078125	465.4304504394531	837.116455078125	502.75860595703125	39.3196907043457	47.95486068725586	122.54008483886719	37.0525016784668	96.96528625488281	94.84130096435547	121.94639587402344	46.270503997802734	43.50144577026367	69.70865631103516	82.79843139648438	9.950124740600586	24.80074691772461	62.35008239746094	10.582831382751465	0.0	127.11797332763672	447.575927734375	534.0989990234375	451.62646484375	843.2756958007812	1072.385986328125	589.5250854492188	436.39019775390625	440.78985595703125	464.16876220703125	349.3589172363281	448.41168212890625	597.4073486328125	787.25732421875	664.69580078125	433.696533203125	1.0548967123031616	31.938119888305664	129.7629852294922	62.47876739501953	243.8857421875	405.6164855957031	96.96864318847656	1.5623419284820557	0.0	223.53848266601562	312.0666198730469	170.43116760253906	259.5063171386719	322.2571716308594	159.3547821044922	18.918087005615234	0.0	0.0	0.0	0.0	0.0	0.0	0.0	0.0	0.0	0.0	0.0	0.0	63.96691131591797	0.0	0.0	0.0	516.3504028320312	403.47796630859375	444.5624694824219	259.0122985839844	712.0499877929688	687.779296875	656.947021484375	226.55027770996094	381.5683288574219	782.257568359375	892.170654296875	355.39215087890625	528.2662963867188	707.8707885742188	778.9149169921875	238.58465576171875	461.1259460449219	470.66455078125	120.49628448486328	77.64522552490234	88.16288757324219	151.77381896972656	332.077392578125	173.67950439453125	654.8233032226562	574.0057983398438	344.32330322265625	60.54127502441406	275.3721923828125	410.3377990722656	611.9576416015625	378.39593505859375	228.0276641845703	0.0	38.169281005859375	3.781860113143921	148.9925537109375	67.30725860595703	46.453983306884766	0.0	60.60055923461914	15.641931533813477	0.0	48.69407653808594	0.0	0.0	0.0	0.0	560.6068725585938	1155.719970703125	771.0236206054688	247.20411682128906	534.809814453125	177.24127197265625	340.0574951171875	324.86175537109375	576.5236206054688	446.54827880859375	495.01165771484375	483.3971252441406	455.2567138671875	428.7160949707031	371.369140625	478.13653564453125	590.1488647460938	1337.693603515625	1261.5218505859375	139.1192626953125	300.06396484375	851.5299682617188	888.8265380859375	298.1311950683594	697.8731079101562	1001.4973754882812	1070.6776123046875	122.6279525756836	629.1626586914062	806.1893310546875	436.54620361328125	239.4320831298828	273.7344970703125	476.3026428222656	194.94003295898438	151.48561096191406	39.39818572998047	68.51589965820312	235.4062042236328	217.8004150390625	559.3076171875	718.3818969726562	557.4674682617188	192.5091094970703	248.93846130371094	98.62653350830078	702.1847534179688	655.9691162109375
1070.6019287109375	1305.57421875	393.39373779296875	127.3505859375	1019.876708984375	970.7672119140625	1041.031982421875	189.6024627685547	740.2350463867188	859.2958374023438	1108.8641357421875	498.3748474121094	349.06695556640625	765.6262817382812	814.80322265625	151.72540283203125	19.151018142700195	40.803810119628906	0.0	55.49344253540039	0.0	0.0	19.535385131835938	0.0	0.0	0.0	0.0	0.0	0.0	0.0	0.0	0.0	0.0	211.71498107910156	408.7773742675781	192.05369567871094	80.23384857177734	307.4612121582031	525.7745971679688	287.9778747558594	5.012674331665039	115.69120025634766	335.0558776855469	474.43988037109375	0.0	0.0	0.0	62.3798713684082	0.0	0.0	136.64418029785156	0.0	0.0	0.0	0.0	0.0	0.0	0.0	0.0	0.0	37.54151916503906	0.0	0.0	29.175012588500977	178.49563598632812	389.8493347167969	65.57408905029297	236.41036987304688	149.40647888183594	218.95338439941406	327.5454406738281	301.9374084472656	151.30531311035156	319.9354553222656	588.27685546875	553.0101928710938	160.63658142089844	435.41839599609375	674.266357421875	242.86473083496094	0.0	1182.437255859375	541.5195922851562	280.2797546386719	109.38421630859375	760.4092407226562	575.1746215820312	362.29376220703125	37.91722869873047	367.71795654296875	474.0999450683594	662.1630859375	70.34211730957031	104.49101257324219	662.176025390625	465.7460632324219	0.0	143.566650390625	82.90972900390625	14.8688325881958	42.16088104248047	143.560302734375	62.32518005371094	31.33983612060547	4.7697858810424805	85.84700775146484	89.52320861816406	71.9320068359375	16.03163719177246	0.0	21.810144424438477	0.0	0.0	225.86732482910156	375.94708251953125	58.449825286865234	0.0	569.564208984375	575.4988403320312	451.3546447753906	172.2928924560547	494.16552734375	443.12872314453125	388.1638488769531	108.22932434082031	584.3059692382812	667.5028076171875	378.518798828125	125.0931396484375	205.70077514648438	160.151611328125	93.13439178466797	0.7723546624183655	271.3968811035156	174.9102783203125	0.6704087257385254	93.48223876953125	76.22059631347656	118.21424865722656	111.96836853027344	73.27244567871094	64.53189849853516	0.0	57.57319641113281	18.619754791259766	0.0	0.0	0.0	0.0	52.203514099121094	43.42080307006836	0.0	0.0	0.0	0.0	0.0	0.0	0.0	0.0	0.0	392.7933349609375	544.786376953125	368.9094543457031	187.13018798828125	626.3804321289062	472.6564636230469	351.5971374511719	184.441650390625	612.6776733398438	719.6603393554688	622.7984008789062	227.7967071533203	479.3351745605469	575.1255493164062	610.0665283203125	233.81459045410156	126.58847045898438	236.20127868652344	166.66757202148438	6.121083736419678	137.73085021972656	0.0	73.78275299072266	84.19318389892578	145.84120178222656	99.24497985839844	118.19377899169922	118.92731475830078	160.64959716796875	467.3063049316406	518.6339721679688	221.48426818847656	434.60443115234375	367.1223449707031	65.30683898925781	0.0	477.0581970214844	358.2216796875	280.7430419921875	0.0	298.16497802734375	555.537353515625	159.8840789794922	38.22395706176758	136.86187744140625	96.81214904785156	115.77257537841797	0.0	0.0	0.0	97.28372192382812	41.381065368652344	0.0	213.3839874267578	369.65576171875	104.9498291015625	265.1390380859375	157.34054565429688	371.4414367675781	225.00833129882812	307.8375244140625	663.5491333007812	325.62982177734375	205.3971405029297	154.81631469726562	113.77510070800781	286.5047912597656	225.53268432617188	97.02136993408203	23.477527618408203	124.58074951171875	30.512483596801758	173.19961547851562	168.17356872558594	467.8110656738281	266.0431213378906	276.0320129394531	498.98468017578125	311.2046203613281	174.30235290527344	0.0	241.68460083007812	362.5016174316406	40.225521087646484	10.590757369995117	117.60364532470703	0.0	156.7205047607422	11.97570514678955	160.00125122070312	109.586669921875	74.51042938232422	223.04229736328125	463.6131591796875	702.4935913085938	595.3270874023438
286.5713195800781	1268.2882080078125	1161.618408203125	230.36734008789062	1037.19287109375	1442.396728515625	447.8563537597656	218.5330047607422	1180.153564453125	1325.91943359375	967.995849609375	455.0266418457031	847.1629028320312	1012.7139892578125	752.87353515625	277.1639099121094	37.20831298828125	21.23621368408203	45.8106803894043	0.0	33.64332580566406	51.20640182495117	0.0	66.84586334228516	0.0	0.0	0.0	0.0	0.0	0.0	0.0	0.0	86.58229064941406	227.85426330566406	101.23596954345703	192.6140899658203	80.25406646728516	419.4662780761719	493.6065979003906	270.848388671875	14.66569995880127	267.4083557128906	579.9769287109375	476.1361389160156	0.0	0.0	0.0	48.2452507019043	0.0	0.0	0.0	115.62306213378906	0.0	0.0	138.2965087890625	114.17462921142578	0.0	0.0	0.0	0.0	0.0	0.0	0.0	0.0	31.389368057250977	351.860107421875	572.53076171875	51.860347747802734	179.1803741455078	319.80682373046875	183.4412078857422	222.09983825683594	296.9532470703125	337.5788269042969	462.0652160644531	558.4871826171875	269.9685974121094	433.39874267578125	799.880615234375	455.3965759277344	2.281982421875	641.7902221679688	1317.78125	307.3392028808594	0.0	962.8626708984375	941.3255004882812	119.1980209350586	0.0	938.4341430664062	369.37713623046875	517.4487915039062	145.36656188964844	328.9350280761719	422.4137878417969	454.6954650878906	2.4682154655456543	45.9898681640625	124.72557830810547	65.2306900024414	2.430039405822754	123.800537109375	134.06094360351562	0.0	0.0	103.58829498291016	36.79393005371094	20.149747848510742	0.0	35.33742904663086	3.147545576095581	0.0	12.316293716430664	2.5463523864746094	211.22523498535156	234.70420837402344	3.7597737312316895	425.45947265625	760.4011840820312	374.2947998046875	83.08344268798828	486.6337890625	471.07086181640625	391.5476379394531	103.22308349609375	866.121337890625	869.2734985351562	367.798828125	128.92596435546875	113.34016418457031	105.59794616699219	151.9712677001953	120.78854370117188	143.59750366210938	183.1973876953125	178.4807891845703	9.835230827331543	120.70661926269531	75.2178726196289	51.8653564453125	55.448612213134766	64.08761596679688	0.0	0.0	95.57586669921875	0.0	0.0	36.66064453125	55.21607971191406	0.0	0.0	17.21980857849121	0.0	0.0	0.0	0.0	0.0	0.0	0.0	0.0	22.314624786376953	627.1307373046875	666.6331787109375	239.79405212402344	248.74391174316406	657.5911865234375	613.8387451171875	413.78497314453125	575.02392578125	630.6439208984375	454.43646240234375	250.620361328125	660.529541015625	600.62109375	617.2969970703125	240.42376708984375	0.0	235.43614196777344	364.2771911621094	309.245361328125	0.0	152.1681365966797	67.99210357666016	23.13973045349121	150.29666137695312	135.7678985595703	60.65501022338867	112.97941589355469	354.2662353515625	438.4515380859375	512.169189453125	304.7870178222656	257.5095520019531	480.77239990234375	184.9851531982422	0.0	542.180419921875	560.759765625	153.2928009033203	0.0	513.7684936523438	360.5827331542969	133.4720001220703	37.38560104370117	284.0577697753906	201.33155822753906	97.21934509277344	0.0	69.91520690917969	0.0	209.24072265625	291.57720947265625	79.11707305908203	334.9361267089844	344.25347900390625	74.84165954589844	98.52127838134766	372.3581237792969	764.3990478515625	346.4384765625	408.17181396484375	732.2222290039062	517.9114379882812	456.5924072265625	153.8052215576172	195.9832000732422	251.13919067382812	419.7075500488281	142.29127502441406	65.95658111572266	24.955808639526367	254.92431640625	191.19601440429688	109.63859558105469	690.5938720703125	282.74957275390625	384.82708740234375	516.3424682617188	245.8115997314453	169.9881134033203	0.0	0.0	556.531494140625	548.95751953125	0.0	34.5327262878418	346.99676513671875	64.00881958007812	0.0	235.920166015625	53.30353546142578	94.18854522705078	363.349853515625	612.5341186523438	643.8374633789062	679.9586791992188
357.3971862792969	792.5386962890625	484.0193786621094	244.08200073242188	312.58099365234375	762.5441284179688	360.8251647949219	208.836181640625	90.22403717041016	1017.8607177734375	958.5867309570312	48.44053649902344	403.3016662597656	958.1331787109375	860.2381591796875	56.13187789916992	0.0	0.0	0.0	0.0	0.0	0.0	0.0	8.625943183898926	0.0	114.84329986572266	30.60685920715332	17.256750106811523	0.0	0.0	0.0	27.98854637145996	98.70343017578125	224.38133239746094	11.942657470703125	0.0	0.0	333.9369201660156	530.7972412109375	132.99139404296875	215.86590576171875	261.1707763671875	429.4544372558594	91.514892578125	250.21920776367188	97.66969299316406	129.74981689453125	47.583229064941406	0.0	0.0	0.0	0.0	20.59741973876953	0.0	108.30316925048828	179.74168395996094	51.992919921875	0.0	0.0	56.3466682434082	0.0	0.0	0.0	7.872033596038818	210.9812469482422	545.2816772460938	775.527099609375	532.7945556640625	196.27488708496094	139.7613525390625	80.5538558959961	144.43463134765625	97.48426055908203	205.16519165039062	191.27261352539062	155.47866821289062	411.9935607910156	694.9720458984375	573.928955078125	150.1565704345703	0.0	498.4764404296875	722.37939453125	171.70074462890625	6.987067699432373	329.9839172363281	389.597900390625	0.0	131.5522918701172	68.54600524902344	672.7114868164062	199.3124542236328	88.5928955078125	188.67015075683594	649.6156616210938	83.78460693359375	0.0	34.42576217651367	0.0	9.77894401550293	0.0	96.01081085205078	150.3372039794922	73.78519439697266	32.385372161865234	51.41973876953125	90.03662872314453	37.56594467163086	0.0	0.0	52.98842239379883	21.720144271850586	278.77001953125	604.4461059570312	735.9702758789062	578.76318359375	12.312456130981445	57.445343017578125	405.1687927246094	220.42018127441406	59.032493591308594	25.252788543701172	363.5329284667969	196.4859161376953	906.09619140625	841.4467163085938	420.7246398925781	223.41217041015625	94.57186126708984	77.83409881591797	0.0	0.0	17.130407333374023	31.75161361694336	186.92027282714844	211.94264221191406	43.163368225097656	182.27708435058594	157.4530487060547	78.9851303100586	41.867557525634766	108.4118423461914	65.43798065185547	7.1458539962768555	29.77661895751953	0.0	0.0	0.0	0.0	0.0	275.0501708984375	331.3990783691406	0.0	0.0	210.49436950683594	38.71228790283203	0.0	0.0	0.0	0.0	53.690956115722656	234.06103515625	238.9541778564453	261.93988037109375	267.9382629394531	473.0045166015625	435.9835205078125	371.698486328125	258.84869384765625	524.832763671875	226.5059051513672	93.38927459716797	329.42987060546875	709.1904296875	310.81988525390625	161.46279907226562	6.313281059265137	406.41156005859375	670.9769897460938	687.469970703125	159.05772399902344	405.7465515136719	290.6968688964844	197.75958251953125	58.58214569091797	0.0	11.532181739807129	26.52509307861328	181.1734161376953	280.0582580566406	273.21600341796875	51.23664474487305	140.37208557128906	173.59083557128906	0.0	0.0	212.0245361328125	92.44278717041016	0.0	0.0	86.75889587402344	100.63895416259766	113.41008758544922	0.0	112.88331604003906	104.93362426757812	67.25930786132812	9.790436744689941	331.0178527832031	289.93682861328125	811.1424560546875	886.2974243164062	0.0	402.9295349121094	193.1951446533203	105.36006164550781	0.0	389.7911071777344	302.4629211425781	14.070950508117676	997.6921997070312	162.36923217773438	279.4816589355469	20.56032371520996	243.9539337158203	261.25665283203125	690.1629638671875	1035.8875732421875	338.2637634277344	510.3746643066406	751.8324584960938	861.1527099609375	65.79991912841797	373.4854431152344	122.61349487304688	15.093456268310547	244.0963592529297	264.2179870605469	0.0	22.889833450317383	0.0	228.72412109375	773.8305053710938	818.1812744140625	35.04107666015625	331.8153991699219	451.03790283203125	214.57699584960938	27.011474609375	86.03904724121094	37.30925369262695	33.027137756347656	125.897705078125	289.79449462890625	395.793212890625	120.94573974609375
687.1715087890625	371.19708251953125	288.51171875	234.57920837402344	389.5240173339844	222.78448486328125	540.4619750976562	498.1464538574219	324.1139221191406	164.90579223632812	641.4093017578125	746.6643676757812	574.4812622070312	491.4579162597656	400.5450134277344	476.73779296875	0.0	0.0	0.0	53.20572280883789	0.0	0.0	0.0	60.045345306396484	31.875308990478516	55.609764099121094	128.04734802246094	54.556400299072266	0.0	0.0	0.0	0.0	13.211726188659668	34.21622085571289	220.8199005126953	224.6309356689453	0.0	31.72949981689453	177.63821411132812	319.45928955078125	421.09942626953125	312.6081237792969	185.44537353515625	326.2348937988281	244.5555877685547	327.5798034667969	39.163047790527344	0.0	0.0	0.0	5.2152485847473145	34.698211669921875	169.3537139892578	151.75808715820312	0.0	0.0	151.191650390625	174.9055938720703	75.6833267211914	0.0	0.0	0.0	0.0	0.0	403.5335693359375	432.5906066894531	513.3114624023438	293.0664978027344	167.71255493164062	235.03396606445312	162.8551483154297	133.77743530273438	243.04383850097656	288.684326171875	235.42181396484375	244.85169982910156	263.769775390625	457.8592834472656	791.2938232421875	694.7432250976562	367.1111145019531	511.13873291015625	42.492759704589844	0.0	226.77490234375	160.16822814941406	0.0	202.84286499023438	142.0311737060547	64.68303680419922	0.0	449.58428955078125	67.6995620727539	0.0	100.62734985351562	310.1904602050781	56.796810150146484	62.237483978271484	32.53270721435547	0.0	75.15426635742188	5.2035231590271	0.0	58.02778244018555	55.71449661254883	39.491783142089844	54.58939743041992	45.07864761352539	0.0	0.0	0.0	0.0	581.4015502929688	1000.92431640625	697.009033203125	287.2315368652344	49.803836822509766	382.67926025390625	406.98736572265625	317.60369873046875	614.9766845703125	563.7236328125	139.24221801757812	219.23838806152344	808.9620971679688	1168.8763427734375	1006.3567504882812	524.6994018554688	0.0	22.658777236938477	28.002756118774414	81.91974639892578	62.71451950073242	48.359256744384766	66.60462951660156	28.695709228515625	166.69503784179688	185.9687042236328	229.819580078125	158.6002655029297	0.0	0.0	7.955014705657959	0.0	0.0	0.0	0.0	0.0	0.0	0.0	0.0	0.0	113.13298034667969	121.54885864257812	0.0	0.0	0.0	0.0	0.0	0.0	392.5230712890625	480.521728515625	483.57281494140625	356.7373962402344	441.7835998535156	355.2552490234375	248.66421508789062	226.27645874023438	574.1309814453125	498.4140319824219	581.4089965820312	268.5290832519531	275.9208068847656	398.6278076171875	708.9808959960938	461.2518310546875	239.384521484375	469.8171081542969	474.2806091308594	150.6804656982422	400.3194580078125	409.42413330078125	237.8721923828125	110.23519134521484	117.630615234375	133.03048706054688	54.301734924316406	64.79954528808594	369.79931640625	303.08856201171875	410.4556884765625	316.7685241699219	240.5760040283203	0.0	0.0	0.0	0.0	0.0	0.0	0.0	0.0	0.0	0.0	0.0	0.0	0.0	0.0	0.0	433.4327087402344	296.2016906738281	384.683349609375	97.90584564208984	766.0733032226562	884.068359375	922.0254516601562	393.8208312988281	492.6581115722656	28.123746871948242	277.1935119628906	382.7510986328125	1213.632080078125	1371.768310546875	799.5867919921875	313.0277099609375	333.8631896972656	732.9075927734375	753.5576171875	558.2172241210938	590.1375732421875	1092.406982421875	1053.4322509765625	428.66455078125	93.77837371826172	551.6470336914062	807.9354248046875	560.3472290039062	944.6943359375	709.6671752929688	26.890634536743164	35.58957290649414	56.88322448730469	478.9814758300781	475.2375183105469	395.1907958984375	523.3025512695312	592.5712890625	326.43951416015625	195.40089416503906	75.08026123046875	131.92100524902344	0.0	35.91648864746094	322.21417236328125	294.6937255859375	435.2557373046875	537.94091796875
204.0638885498047	346.6805419921875	398.83575439453125	1064.7567138671875	99.85108184814453	7.306368350982666	392.556640625	1361.4759521484375	687.2083129882812	358.6580505371094	718.7091674804688	805.793212890625	576.1975708007812	264.0362854003906	226.62985229492188	173.3381805419922	23.223556518554688	3.0103201866149902	0.0	1.7605124711990356	31.874162673950195	35.41838455200195	83.82727813720703	84.62125396728516	62.14775466918945	36.631614685058594	0.0	0.0	0.0	0.0	0.0	0.0	0.0	0.0	0.0	556.9823608398438	333.47528076171875	393.67572021484375	395.6164855957031	344.785888671875	459.0283508300781	379.4075927734375	205.20729064941406	0.0	0.0	0.0	40.80777359008789	172.7814178466797	110.62034606933594	233.4303436279297	245.66737365722656	0.0	100.91038513183594	221.3103485107422	173.1111602783203	0.0	0.0	0.0	0.0	0.0	0.0	134.4473876953125	240.86175537109375	212.8968048095703	229.18914794921875	225.46815490722656	222.23829650878906	209.94505310058594	0.0	17.90454864501953	144.50048828125	779.9463500976562	773.5442504882812	870.0632934570312	860.547607421875	925.4396362304688	708.0349731445312	503.9617919921875	32.58864974975586	114.91755676269531	67.54196166992188	307.2125244140625	30.785612106323242	0.0	83.30807495117188	95.5880126953125	2.8011956214904785	900.5401611328125	407.5577697753906	253.21620178222656	186.93505859375	843.103759765625	540.29931640625	207.6433563232422	8.988363265991211	0.0	0.0	74.20960235595703	65.47997283935547	44.70606231689453	27.51190948486328	52.02539825439453	27.55381202697754	50.710628509521484	38.23678970336914	22.947952270507812	0.0	12.935345649719238	28.082292556762695	33.653968811035156	42.124305725097656	36.14918518066406	0.0	36.64015579223633	0.0	158.79344177246094	27.89447784423828	145.20458984375	269.70550537109375	408.1289367675781	1113.1636962890625	1126.0482177734375	895.7527465820312	419.5700988769531	770.6642456054688	545.8624877929688	48.29280471801758	109.35193634033203	16.430889129638672	212.8180389404297	205.95140075683594	87.76655578613281	44.811790466308594	190.48960876464844	403.3821716308594	320.9064025878906	166.50770568847656	169.1262969970703	111.50276184082031	0.0	0.0	0.0	132.83938598632812	169.04586791992188	0.0	0.0	0.0	0.0	49.65127182006836	305.99212646484375	354.74810791015625	0.0	0.0	0.0	0.0	0.0	0.0	0.0	0.0	259.66143798828125	311.7332763671875	461.22491455078125	368.2883605957031	219.63180541992188	216.3003692626953	340.0592956542969	384.0949401855469	706.2049560546875	328.696044921875	365.9590148925781	406.1904602050781	666.6137084960938	370.5860900878906	382.9393310546875	492.61212158203125	490.4822082519531	318.7955627441406	649.210693359375	620.4108276367188	207.7410125732422	64.98270416259766	0.0	0.0	127.98133850097656	32.61343002319336	237.04196166992188	607.4967041015625	638.9212646484375	757.9598999023438	756.704833984375	840.04541015625	369.5391540527344	143.1702880859375	0.0	0.0	0.0	0.0	0.0	73.07282257080078	115.05083465576172	85.34745025634766	0.0	220.26187133789062	151.08421325683594	0.0	0.0	0.0	0.0	0.0	309.5346374511719	1100.39453125	1115.7791748046875	106.03181457519531	139.6688232421875	192.77676391601562	218.31314086914062	570.5582275390625	629.71533203125	467.7688903808594	127.36027526855469	736.7610473632812	580.4564819335938	368.3116455078125	347.4937438964844	260.13031005859375	961.4887084960938	1267.688232421875	1347.99755859375	135.73800659179688	122.24931335449219	277.5133361816406	685.1309204101562	150.3604736328125	183.56651306152344	163.41220092773438	0.0	865.900146484375	985.78271484375	1004.470947265625	682.41015625	198.6688995361328	722.8781127929688	742.878662109375	254.42202758789062	46.263607025146484	101.73338317871094	0.0	0.0	0.0	35.20647048950195	370.0162048339844	797.125	949.6380004882812	874.8841552734375	894.5592041015625	903.9655151367188
910.9901733398438	1348.4560546875	965.8834838867188	81.31688690185547	481.14129638671875	1659.1907958984375	1118.1986083984375	153.13461303710938	1117.8326416015625	1294.1033935546875	1358.6845703125	138.0389862060547	1095.4658203125	1164.3450927734375	974.9523315429688	225.36248779296875	0.0	0.0	0.0	0.0	28.703746795654297	32.875484466552734	0.0	0.0	0.0	49.27482986450195	0.0	0.0	0.0	0.0	0.0	0.0	0.0	651.8519897460938	650.7239990234375	266.2481689453125	24.79888153076172	261.478759765625	444.979248046875	263.1477966308594	9.608715057373047	178.62925720214844	521.1015014648438	372.4626159667969	0.0	68.89334106445312	0.0	93.73113250732422	0.0	0.0	0.0	0.0	50.76378631591797	0.0	0.0	0.0	0.0	0.0	0.0	0.0	0.0	0.0	0.0	12.685942649841309	281.6686706542969	253.0343780517578	253.0130157470703	152.76321411132812	148.19143676757812	610.8427124023438	527.3290405273438	121.98179626464844	169.25216674804688	499.2812194824219	528.2167358398438	487.39093017578125	411.3428039550781	653.5708618164062	948.6661987304688	269.4477844238281	0.0	167.1865234375	553.9857177734375	340.1196594238281	0.0	728.898681640625	811.6753540039062	388.0989990234375	0.0	1043.3170166015625	804.55517578125	712.45556640625	67.06754302978516	486.79833984375	828.9554443359375	292.53729248046875	28.997594833374023	124.81575012207031	92.0585708618164	6.975417137145996	45.435523986816406	72.28271484375	164.5631103515625	2.3522400856018066	0.0	132.95474243164062	133.30885314941406	21.259981155395508	0.0	79.00627136230469	0.0	0.0	3.6210567951202393	393.525634765625	498.5951232910156	348.1441955566406	26.277589797973633	155.87359619140625	387.41015625	310.97918701171875	0.0	262.85675048828125	472.5331726074219	451.75225830078125	222.33860778808594	922.2742919921875	750.79296875	424.94830322265625	119.52340698242188	0.0	25.551504135131836	0.0	245.84959411621094	279.6786804199219	28.62439727783203	20.98990821838379	89.21966552734375	281.1619567871094	218.18360900878906	60.91130447387695	0.0	104.45887756347656	52.69211196899414	38.636627197265625	0.0	0.0	0.0	0.0	140.9167022705078	0.0	0.0	0.0	31.00588607788086	0.0	0.0	0.0	0.0	0.0	0.0	0.0	442.1822204589844	295.48931884765625	295.55902099609375	173.60020446777344	557.743896484375	742.2489624023438	402.003662109375	213.0041046142578	424.4837951660156	740.9454345703125	757.8771362304688	219.77703857421875	704.3697509765625	680.046875	864.1414794921875	237.44625854492188	246.88784790039062	161.62596130371094	63.44728469848633	85.21337127685547	52.36914825439453	86.11591339111328	43.46168518066406	106.27115631103516	67.46630859375	109.18927764892578	65.81556701660156	77.26348114013672	260.81329345703125	455.1011657714844	390.8287658691406	284.1256103515625	107.60372161865234	140.00965881347656	77.79948425292969	0.0	263.1818542480469	333.61578369140625	167.4058380126953	3.3382365703582764	462.8079528808594	580.412109375	179.5804443359375	30.94443702697754	453.1021728515625	398.4900817871094	118.548095703125	0.0	824.6116943359375	983.1196899414062	384.31927490234375	70.71984100341797	41.770626068115234	187.89425659179688	377.9901428222656	81.5755615234375	58.749027252197266	21.651151657104492	462.678955078125	358.9964599609375	496.0141906738281	649.8025512695312	297.78863525390625	364.4620666503906	838.1980590820312	1012.1796264648438	504.78411865234375	60.46641540527344	305.59075927734375	662.7459106445312	537.6514282226562	184.36131286621094	114.75777435302734	0.0	412.0372619628906	0.0	417.2388916015625	117.33906555175781	0.0	220.97604370117188	125.45054626464844	76.23974609375	104.19671630859375	112.68299865722656	28.688255310058594	0.0	68.80734252929688	90.82254791259766	0.0	132.3458709716797	202.50042724609375	79.70669555664062	145.5269775390625	581.5337524414062	787.5701293945312	504.8000793457031
596.1943969726562	601.3544311523438	1169.3360595703125	53.27712631225586	140.22032165527344	1039.97216796875	990.2134399414062	105.48291778564453	896.3836669921875	1262.9681396484375	407.19256591796875	139.70457458496094	1142.1468505859375	947.1594848632812	579.9657592773438	214.73745727539062	9.183307647705078	0.0	34.52642822265625	0.0	0.0	0.0	85.21216583251953	0.0	38.1068229675293	65.81997680664062	0.0	28.23707389831543	0.0	0.0	0.0	0.0	0.0	31.995407104492188	385.9278259277344	264.2309875488281	143.91358947753906	311.38031005859375	276.14154052734375	88.81959533691406	145.46023559570312	305.20849609375	295.1553955078125	259.1850891113281	0.0	0.0	126.93495178222656	135.44496154785156	0.0	0.0	0.0	0.0	75.68704986572266	68.7846450805664	0.0	10.837919235229492	0.0	0.0	0.0	0.0	0.0	0.0	0.0	0.0	361.8558349609375	258.3116455078125	357.4820556640625	253.68748474121094	0.0	211.2982940673828	280.892578125	55.71176528930664	152.92262268066406	524.0421142578125	380.4418029785156	266.8014221191406	454.4444580078125	645.2576904296875	348.79638671875	372.9466247558594	261.01116943359375	572.701416015625	775.6687622070312	548.3030395507812	91.36688232421875	174.4348907470703	926.2744750976562	272.41107177734375	0.0	1044.074462890625	842.9940185546875	0.0	321.555419921875	980.2584838867188	68.86405944824219	77.7865219116211	20.630146026611328	68.1915054321289	95.92387390136719	45.731773376464844	60.67496109008789	31.75569725036621	119.7523193359375	0.0	20.788103103637695	40.229827880859375	67.2762451171875	0.0	0.0	60.96975326538086	0.0	1.3660122156143188	78.32484436035156	66.42948150634766	76.89923095703125	248.0583038330078	50.081356048583984	75.59038543701172	296.11468505859375	251.21884155273438	94.02967071533203	371.8772277832031	709.4404907226562	568.2890625	220.82760620117188	400.45648193359375	573.689697265625	591.134765625	0.0	141.8190460205078	177.96568298339844	44.02777099609375	194.71473693847656	165.3749542236328	177.68800354003906	59.641754150390625	191.8849334716797	87.87615966796875	34.34376907348633	24.49603271484375	73.09014892578125	58.933555603027344	64.01876831054688	0.0	0.0	0.0	0.0	0.0	103.26753997802734	72.65277099609375	0.0	0.0	123.70557403564453	0.0	0.0	0.0	0.0	0.0	0.0	0.0	326.3053894042969	399.612060546875	498.3042907714844	97.54339599609375	311.8950500488281	646.9505615234375	598.8064575195312	205.6830291748047	140.1849365234375	575.7728271484375	392.4178466796875	327.34033203125	529.3351440429688	566.1402587890625	488.4521484375	216.96925354003906	282.61279296875	308.3961181640625	173.8190155029297	61.46052169799805	166.22898864746094	72.85665130615234	83.91227722167969	45.722991943359375	0.0	183.69540405273438	112.16443634033203	5.6629228591918945	384.0801696777344	412.1259765625	352.91510009765625	382.5240478515625	186.26333618164062	173.9799041748047	75.35018920898438	14.026360511779785	88.49565124511719	303.0434875488281	85.38764190673828	0.0	361.8684997558594	419.5024108886719	132.50704956054688	0.0	383.5966796875	178.6633758544922	0.0	0.0	0.0	174.77383422851562	273.3946228027344	161.47760009765625	93.7100601196289	0.0	0.0	88.93553161621094	171.72998046875	588.3530883789062	743.0887451171875	37.65188980102539	8.911566734313965	339.9847106933594	925.2190551757812	697.8408813476562	211.3467559814453	548.1065063476562	782.1136474609375	60.75401306152344	110.77827453613281	103.552490234375	36.60281753540039	126.89913177490234	190.37744140625	153.57745361328125	0.0	141.75173950195312	188.09059143066406	197.66033935546875	743.4097900390625	621.3348388671875	198.6571807861328	262.38128662109375	199.13800048828125	102.4884262084961	145.78456115722656	40.000728607177734	303.8897705078125	214.78366088867188	0.0	0.0	267.2687072753906	31.237106323242188	144.31292724609375	733.5286254882812	465.5574035644531	379.2958068847656
1072.730712890625	1333.7330322265625	623.7322998046875	232.73068237304688	1426.5523681640625	1005.2105712890625	570.164794921875	304.97161865234375	1265.5985107421875	942.5902709960938	1044.3736572265625	464.6083068847656	891.2138061523438	716.1351318359375	372.2369079589844	213.47262573242188	36.951847076416016	0.0	0.0	29.5660343170166	0.0	0.0	26.756742477416992	98.00875091552734	0.0	0.0	0.0	0.0	0.0	0.0	0.0	0.0	214.29762268066406	196.14825439453125	92.40857696533203	177.076416015625	164.21095275878906	352.4110107421875	625.0368041992188	387.9577941894531	216.02914428710938	546.2241821289062	559.909423828125	347.1903991699219	0.0	0.0	0.0	28.2923583984375	0.0	0.0	120.39500427246094	113.80899810791016	0.0	0.1512753665447235	146.78810119628906	67.70486450195312	0.0	0.0	0.0	0.0	0.7725863456726074	0.0	33.37862014770508	71.85388946533203	256.66253662109375	645.0404052734375	578.1831665039062	2.5701873302459717	393.25445556640625	500.7978210449219	348.7442321777344	347.2436828613281	356.38372802734375	758.8729248046875	833.8223876953125	663.7843627929688	393.609375	683.5272827148438	566.7347412109375	129.4480438232422	0.0	1292.5633544921875	1267.978759765625	38.99400329589844	923.7742309570312	1236.2884521484375	177.927734375	282.0577392578125	880.956787109375	559.2149047851562	449.1589660644531	395.7596435546875	276.9232177734375	356.68231201171875	288.2180480957031	76.70552825927734	40.843196868896484	33.9716911315918	105.52436828613281	15.040484428405762	74.5936050415039	118.57703399658203	100.54762268066406	8.972427368164062	72.92974853515625	62.38735580444336	38.66725158691406	0.0	0.0	12.008827209472656	19.139230728149414	60.955406188964844	113.57179260253906	219.41249084472656	337.75531005859375	268.50323486328125	31.579256057739258	443.36602783203125	470.81817626953125	326.8732604980469	658.0785522460938	1043.8917236328125	821.8048706054688	729.9893798828125	535.9036865234375	759.2723999023438	605.5390625	171.96751403808594	158.85641479492188	137.44085693359375	33.316383361816406	180.7776641845703	88.64071655273438	188.36862182617188	350.3588562011719	198.12130737304688	43.00450134277344	267.97784423828125	241.92953491210938	1.3647361993789673	129.27944946289062	0.0	0.020652467384934425	105.5108413696289	49.92716598510742	0.0	0.0	74.32450103759766	0.0	0.0	0.0	0.0	0.0	0.0	0.0	0.0	0.0	0.0	0.0	0.0	234.7212371826172	619.0328979492188	567.77197265625	307.96575927734375	574.2328491210938	595.6019897460938	520.7241821289062	419.996826171875	640.6361694335938	538.9161987304688	416.6346130371094	255.51553344726562	675.27490234375	554.9794921875	565.7295532226562	326.4080505371094	0.0	411.5593566894531	386.05902099609375	203.48275756835938	219.36175537109375	339.2808837890625	168.94073486328125	84.3753433227539	213.80799865722656	0.0	314.33123779296875	306.530517578125	624.8151245117188	762.2592163085938	664.6277465820312	481.8034973144531	443.62744140625	442.66033935546875	48.85557174682617	0.0	569.7363891601562	292.7581481933594	71.71586608886719	0.0	502.0018005371094	269.6844787597656	165.0733642578125	0.0	16.462953567504883	73.29660034179688	0.0	0.0	98.7880630493164	0.0	90.2176513671875	72.8316650390625	0.0	138.50376892089844	79.4245376586914	47.57152557373047	486.9846496582031	286.89306640625	641.2647094726562	656.7937622070312	895.5274658203125	722.2130737304688	511.53094482421875	544.0999145507812	185.73764038085938	219.35162353515625	45.94525146484375	317.0378723144531	186.3955841064453	127.5130386352539	332.1461486816406	325.62103271484375	227.81814575195312	242.05479431152344	291.68792724609375	186.31256103515625	662.2142944335938	775.690185546875	695.475341796875	674.6256103515625	0.0	202.0451202392578	596.2723388671875	462.8145446777344	0.0	474.4315490722656	558.3648681640625	20.875436782836914	242.92047119140625	271.7382507324219	54.5096549987793	268.4161682128906	687.9463500976562	982.4451904296875	1055.9617919921875	689.005126953125
1097.7867431640625	625.3512573242188	480.14398193359375	1213.6400146484375	1303.335693359375	263.4133605957031	1187.2696533203125	1514.9163818359375	738.9636840820312	736.6072998046875	1328.360595703125	689.7047729492188	338.6300048828125	1204.4609375	1306.8175048828125	194.6798858642578	25.571208953857422	7.180155277252197	0.0	0.0	0.0	0.0	0.0	115.6793441772461	0.0	0.0	60.93502426147461	0.0	0.0	0.0	8.738438606262207	0.0	449.73895263671875	383.10516357421875	0.0	476.34747314453125	191.63217163085938	197.8201904296875	296.64556884765625	378.0680847167969	85.84016418457031	316.93133544921875	182.5834197998047	6.716791152954102	197.5732421875	202.17344665527344	134.75820922851562	102.35188293457031	0.0	0.0	0.0	0.0	0.0	135.12066650390625	78.62613677978516	0.0	63.58340835571289	125.583740234375	65.80648040771484	58.057281494140625	143.53395080566406	0.0	0.0	121.70500946044922	440.0452880859375	838.3175659179688	986.04345703125	284.0076904296875	701.9462280273438	513.1009521484375	335.2144775390625	665.0758056640625	477.61224365234375	94.89531707763672	567.9105224609375	491.3506774902344	142.66871643066406	559.8555908203125	558.5578002929688	51.21464538574219	336.831298828125	851.5177612304688	420.7513732910156	507.09136962890625	1340.02294921875	1159.0103759765625	0.0	1213.9041748046875	983.7899780273438	0.0	1093.7703857421875	1292.37158203125	93.165283203125	248.9711456298828	1305.73583984375	566.5560302734375	59.30853271484375	14.668474197387695	0.0	100.37821960449219	75.41895294189453	88.20005798339844	57.73167419433594	137.3531951904297	68.1487045288086	50.06715774536133	30.956026077270508	102.90524291992188	38.654815673828125	0.0	75.74347686767578	82.66390991210938	449.9827575683594	849.5892944335938	709.202880859375	424.90362548828125	209.8277587890625	309.53302001953125	80.31192016601562	347.307373046875	343.4310607910156	406.4034729003906	151.49826049804688	413.8956298828125	236.1624755859375	272.802490234375	376.9828796386719	396.0185852050781	185.6808624267578	214.68624877929688	0.0	142.1356201171875	75.607177734375	108.8693618774414	337.1617736816406	293.7213439941406	83.36981201171875	339.5495300292969	247.9423828125	149.03172302246094	254.74143981933594	261.72271728515625	35.69757843017578	103.32157897949219	0.0	0.0	0.0	0.0	0.0	14.120633125305176	70.77317810058594	0.0	84.9869613647461	312.2844543457031	0.0	0.0	244.13710021972656	93.82172393798828	0.0	107.6402587890625	263.7174987792969	308.9153137207031	297.2449951171875	422.2695617675781	525.672607421875	444.75177001953125	582.4917602539062	756.7892456054688	616.3792114257812	418.106689453125	664.5025024414062	640.6687622070312	319.89404296875	464.0088806152344	569.3901977539062	295.8756103515625	0.0	484.964111328125	643.2219848632812	337.2983093261719	415.7523193359375	685.3111572265625	364.8521423339844	148.2107696533203	409.1782531738281	57.644737243652344	282.0954895019531	207.4617462158203	139.57733154296875	219.5058135986328	325.7275085449219	149.95440673828125	168.17044067382812	81.76365661621094	0.0	59.00442123413086	352.828369140625	0.0	138.02645874023438	54.68657684326172	27.265066146850586	197.8960418701172	368.19775390625	0.0	106.44941711425781	390.99267578125	320.95184326171875	8.913843154907227	252.3115692138672	295.6986999511719	860.0640869140625	819.89697265625	0.0	131.94598388671875	45.582420349121094	149.08151245117188	222.02992248535156	191.33226013183594	0.0	53.87886428833008	248.2511444091797	35.21209716796875	94.08721160888672	82.51296997070312	293.798828125	194.03273010253906	674.68701171875	965.3197021484375	341.8186340332031	601.2820434570312	878.8651733398438	870.1824340820312	0.0	351.4188537597656	241.3983154296875	0.0	314.2376708984375	302.3724060058594	51.7887077331543	100.47846984863281	0.0	316.4287414550781	483.2007141113281	370.9329833984375	259.1853332519531	656.2880249023438	546.9053344726562	116.52581787109375	668.0790405273438	499.9211730957031	35.7950553894043	531.043212890625	587.0010375976562	0.0	541.05126953125	560.4989013671875
1019.306640625	829.9826049804688	194.3780059814453	239.98751831054688	1052.5985107421875	612.412109375	172.06246948242188	123.8702621459961	533.4279174804688	1035.9498291015625	611.949462890625	59.41096878051758	325.4471435546875	1343.7030029296875	994.8287353515625	85.19970703125	39.90412902832031	0.0	0.0	0.0	0.0	0.0	34.18971633911133	2.2612876892089844	0.0	0.0	40.78907775878906	26.632753372192383	9.062801361083984	56.221412658691406	8.543272972106934	39.21027755737305	310.1756896972656	313.46673583984375	0.0	0.0	0.0	589.4276733398438	418.4944763183594	232.4684295654297	0.0	535.9642944335938	691.1475219726562	104.5029296875	179.0091552734375	300.2218017578125	505.3863525390625	102.2708740234375	0.0	0.0	0.0	117.40257263183594	0.0	0.0	174.61932373046875	154.55670166015625	94.22554016113281	0.0	0.0	16.174163818359375	133.70277404785156	0.0	0.0	0.0	403.1687316894531	777.6104736328125	725.9288940429688	299.93560791015625	308.75146484375	4.159478187561035	174.7222442626953	112.0833740234375	181.39944458007812	157.75465393066406	135.30496215820312	146.77992248535156	381.8742370605469	953.317138671875	749.3480224609375	286.171875	41.78321838378906	814.3445434570312	353.11859130859375	148.99417114257812	134.9491729736328	690.2351684570312	0.0	0.0	91.39877319335938	0.0	415.25103759765625	160.61228942871094	0.0	242.86380004882812	589.7977294921875	126.9346923828125	67.9677963256836	59.86833572387695	0.0	16.575796127319336	0.0	128.2799835205078	27.50820541381836	62.218719482421875	57.878177642822266	17.067176818847656	71.55120086669922	0.0	39.364994049072266	22.583650588989258	65.22403717041016	24.154197692871094	285.747314453125	760.868896484375	702.9716796875	312.1063537597656	136.3377685546875	635.5774536132812	466.2557373046875	141.72007751464844	42.12945556640625	434.1181335449219	443.49261474609375	157.3074493408203	820.1395874023438	912.2630615234375	572.2459716796875	280.5656433105469	129.78570556640625	94.79766082763672	0.0	0.0	0.0	11.419816017150879	159.89913940429688	157.27542114257812	122.2299575805664	154.03172302246094	54.14520263671875	69.83050537109375	268.3865661621094	312.6327819824219	60.95621871948242	0.0	0.0	0.0	0.0	0.0	0.0	8.335620880126953	202.21897888183594	285.6715087890625	0.0	59.51647186279297	21.62220573425293	0.0	0.0	0.0	0.0	0.0	237.98890686035156	222.38128662109375	257.8936462402344	264.6601867675781	552.4627685546875	498.887451171875	456.9578857421875	322.6855163574219	566.0591430664062	360.568603515625	360.4891662597656	102.8478012084961	575.5365600585938	655.2685546875	231.7088623046875	178.38275146484375	122.53150177001953	544.350341796875	642.4902954101562	578.6826171875	256.0897521972656	406.4536437988281	207.87257385253906	98.10150909423828	242.0874786376953	65.59600067138672	12.803281784057617	8.771868705749512	18.13660430908203	176.68894958496094	301.20892333984375	119.63549041748047	351.4654541015625	135.28509521484375	0.0	0.0	320.1866149902344	131.9875946044922	0.0	0.0	113.05014038085938	0.0	10.002405166625977	0.0	110.1334228515625	72.2890625	0.0	0.0	233.67982482910156	524.8804321289062	677.3253784179688	555.3023681640625	604.4889526367188	579.26123046875	190.6748504638672	189.56886291503906	552.1295166015625	1114.58642578125	346.2047424316406	43.17261505126953	484.8717956542969	494.129150390625	567.7418823242188	42.5482063293457	225.40853881835938	262.5411682128906	828.487060546875	877.3294067382812	388.3457336425781	413.9937438964844	885.2647705078125	671.8987426757812	486.9403076171875	760.6390380859375	275.3908386230469	68.55638122558594	172.8516082763672	844.1377563476562	488.1258850097656	21.805078506469727	0.0	455.15264892578125	762.428466796875	678.119384765625	83.66368103027344	510.28900146484375	391.48699951171875	96.06742858886719	214.21084594726562	172.54623413085938	99.27339172363281	68.7432861328125	0.0	0.0	176.21298217773438	182.8692169189453
921.30908203125	1361.35498046875	448.2586669921875	237.25881958007812	1319.462646484375	1285.918701171875	686.0983276367188	103.21151733398438	1275.3221435546875	1345.946533203125	939.5442504882812	83.15662384033203	809.1917724609375	925.588623046875	325.64892578125	165.01956176757812	40.76097106933594	34.44010925292969	0.0	63.97550964355469	7.755052089691162	76.2956771850586	0.0	73.17601776123047	0.0	0.0	0.0	0.0	0.0	0.0	0.0	0.0	207.74435424804688	269.73248291015625	324.7831115722656	328.6557922363281	147.4466094970703	507.9434814453125	628.2137451171875	239.21282958984375	103.76890563964844	388.6116638183594	424.7681579589844	250.0062255859375	0.0	0.0	0.0	79.23712158203125	0.0	0.0	144.8407745361328	127.1457748413086	0.0	0.0	112.51555633544922	44.42619323730469	0.0	0.0	0.0	0.0	27.37160301208496	0.0	0.0	10.968314170837402	172.69012451171875	690.3898315429688	551.6539916992188	197.16612243652344	206.86822509765625	211.9581298828125	239.9119873046875	314.0943298339844	300.71478271484375	615.7164306640625	649.139892578125	378.1905517578125	365.8168640136719	650.8540649414062	598.0234985351562	14.585588455200195	0.0	1241.8548583984375	1178.9647216796875	0.0	74.28580474853516	934.5451049804688	344.33843994140625	249.97506713867188	113.54228210449219	653.9536743164062	480.4002685546875	305.260986328125	247.35354614257812	423.008544921875	365.2669677734375	0.0	18.979019165039062	73.15739440917969	95.01632690429688	44.55360412597656	38.28466033935547	154.56338500976562	102.70103454589844	0.0	56.08966064453125	146.58340454101562	32.66482925415039	0.0	0.0	0.0	24.288330078125	0.0	27.465787887573242	178.408935546875	214.8953399658203	136.3922882080078	0.0	589.3596801757812	574.9598388671875	390.7825012207031	220.5186004638672	768.8309936523438	664.1586303710938	448.2457580566406	220.83697509765625	749.6666870117188	612.5099487304688	217.3437042236328	138.47669982910156	110.06366729736328	76.96016693115234	259.291015625	59.8212776184082	201.98846435546875	242.89280700683594	143.24942016601562	37.89487838745117	122.56517028808594	33.805213928222656	0.0	46.6869010925293	0.0	0.0	54.863677978515625	93.2820053100586	0.0	0.0	180.42527770996094	0.0	0.0	69.27022552490234	118.35572052001953	0.0	0.0	0.0	0.0	0.0	0.0	0.0	0.0	135.99156188964844	493.9408874511719	496.9153747558594	404.9697570800781	593.4771118164062	529.95068359375	566.1067504882812	352.54931640625	707.0361938476562	504.5771179199219	426.009521484375	149.501708984375	697.6351928710938	571.5101928710938	565.9034423828125	180.3094940185547	0.0	383.7437744140625	556.9813842773438	304.64337158203125	104.49028015136719	188.2513885498047	2.416154384613037	110.24091339111328	96.65156555175781	76.59530639648438	159.45938110351562	174.22886657714844	460.7869567871094	669.9487915039062	477.8241271972656	206.07412719726562	414.71990966796875	541.4739990234375	0.0	0.0	510.1019592285156	357.3714294433594	126.06072235107422	0.0	447.13458251953125	453.52001953125	91.78012084960938	0.0	244.12693786621094	48.16171646118164	0.0	0.0	140.0	0.0	31.597673416137695	97.77273559570312	0.0	276.8621520996094	208.88697814941406	77.0700454711914	238.09561157226562	298.47589111328125	474.3671569824219	303.71282958984375	393.74566650390625	678.5626220703125	471.0518493652344	334.76788330078125	183.3080596923828	192.8159637451172	394.7614440917969	573.6635131835938	182.2041473388672	35.274967193603516	214.24581909179688	167.08131408691406	239.5511932373047	113.2664566040039	339.5184020996094	82.26094055175781	373.3744201660156	530.3712768554688	554.0020751953125	326.87359619140625	0.0	100.12271118164062	583.27587890625	663.2235717773438	0.0	207.99075317382812	377.4631042480469	89.45015716552734	0.0	107.9874496459961	139.70399475097656	130.6795654296875	519.5222778320312	857.6766357421875	788.5232543945312	401.94891357421875
418.0156555175781	489.3593444824219	606.0831298828125	641.826171875	415.0447692871094	441.3822021484375	627.5641479492188	471.5754699707031	214.55667114257812	277.4510498046875	556.8482055664062	507.4393005371094	266.52069091796875	60.360198974609375	714.569580078125	923.0425415039062	0.0	0.0	0.0	0.0	0.0	0.0	0.0	0.0	42.5904426574707	0.0	0.0	54.38094711303711	0.0	31.214277267456055	59.17755889892578	9.943086624145508	0.0	159.12649536132812	335.0591125488281	395.876708984375	207.23056030273438	202.4285125732422	0.0	0.0	108.11568450927734	0.0	357.41644287109375	456.1864318847656	302.9205627441406	174.1311798095703	100.08482360839844	457.1852111816406	38.255374908447266	82.87075805664062	0.0	0.0	17.605663299560547	0.0	0.0	105.21687316894531	55.98571014404297	99.01891326904297	0.0	32.00861740112305	85.86390686035156	132.771240234375	2.2497246265411377	0.0	494.6158752441406	167.50462341308594	498.5708312988281	734.5339965820312	327.1664123535156	558.1881103515625	672.9826049804688	361.15972900390625	192.6402130126953	96.55065155029297	184.37222290039062	104.06110382080078	191.87091064453125	205.2538604736328	552.79638671875	739.2970581054688	367.13018798828125	229.06544494628906	85.4199447631836	373.13067626953125	152.58847045898438	57.41433334350586	221.15345764160156	326.56549072265625	316.0588073730469	17.92232322692871	0.0	166.54367065429688	130.48272705078125	20.71633529663086	26.51517677307129	555.729248046875	15.594059944152832	50.42267990112305	66.93425750732422	0.0	41.598052978515625	0.0	13.749077796936035	28.94601821899414	45.58623504638672	38.41550064086914	58.30139923095703	96.5499038696289	35.22272491455078	5.13735294342041	7.392482280731201	41.49996566772461	245.53553771972656	121.3374252319336	304.98809814453125	545.4092407226562	675.0204467773438	790.2525024414062	461.38690185546875	209.76779174804688	148.055419921875	54.01241683959961	211.1453857421875	379.61505126953125	569.3656616210938	449.3660583496094	455.53680419921875	325.3921203613281	0.0	127.06700134277344	154.55894470214844	3.283036947250366	162.42408752441406	160.48114013671875	37.63433074951172	108.51060485839844	106.41011047363281	120.86785125732422	56.23133087158203	155.6409149169922	4.653713226318359	202.6124725341797	228.74429321289062	85.75078582763672	0.0	0.0	0.0	0.0	67.63753509521484	14.070643424987793	0.0	0.0	0.0	0.0	80.91448974609375	98.59129333496094	15.407010078430176	39.11500549316406	0.0	0.0	311.39642333984375	487.4645080566406	420.6981506347656	357.7906494140625	368.81304931640625	508.248046875	478.4750061035156	552.9738159179688	345.2301025390625	347.4818115234375	415.80145263671875	450.05780029296875	321.9118347167969	355.10809326171875	545.16650390625	378.1354064941406	489.0250549316406	420.0780029296875	260.21917724609375	218.48626708984375	209.19851684570312	287.5992736816406	424.9490051269531	493.43170166015625	329.0315856933594	425.76690673828125	241.3470001220703	12.512346267700195	23.428874969482422	29.232175827026367	54.9364128112793	203.20993041992188	26.500825881958008	0.0	0.0	0.0	0.0	0.0	0.0	0.0	0.0	0.0	0.0	0.0	19.111398696899414	0.0	11.036394119262695	0.0	533.1734008789062	754.5908813476562	757.2077026367188	589.9168090820312	773.1666870117188	835.7630615234375	164.76278686523438	418.63287353515625	0.0	466.3218078613281	919.0824584960938	582.3748168945312	466.3426818847656	182.12803649902344	327.21795654296875	564.90283203125	651.2606201171875	1209.7144775390625	1208.3931884765625	888.9765625	512.6004028320312	374.66217041015625	336.5364685058594	520.4393310546875	505.9673767089844	887.8147583007812	718.059814453125	214.5393524169922	35.20995330810547	79.31475067138672	652.359375	672.7672729492188	483.1188049316406	510.2659606933594	405.6678161621094	145.7187957763672	192.0717315673828	238.36146545410156	382.8003234863281	423.1294860839844	343.83526611328125	382.1800537109375	246.20285034179688	180.49356079101562	104.92009735107422	21.251293182373047	0.0	0.0
1187.894775390625	994.2489624023438	440.3883056640625	1273.6436767578125	1300.29248046875	95.28509521484375	641.0860595703125	1463.230712890625	1019.4974975585938	498.7483825683594	1078.2435302734375	1082.1820068359375	692.6332397460938	567.418212890625	814.540283203125	226.55526733398438	37.49421691894531	0.0	0.0	0.0	28.089588165283203	0.0	6.678014278411865	56.78596878051758	0.0	66.06524658203125	23.915163040161133	3.6138226985931396	0.0	0.0	0.0	0.0	238.66700744628906	107.73483276367188	0.0	590.2745971679688	155.3707275390625	232.94854736328125	251.83213806152344	301.8166198730469	339.2422180175781	370.9723815917969	235.8771514892578	132.0965118408203	368.2525329589844	154.81690979003906	0.0	131.7165069580078	0.0	0.0	0.0	0.0	0.0	221.62913513183594	218.58560180664062	0.0	8.338676452636719	124.89469909667969	0.0	0.0	0.0	0.0	0.0	159.36631774902344	592.5125732421875	1002.6892700195312	606.4116821289062	220.39085388183594	530.3046875	86.61293029785156	221.1408233642578	585.574951171875	191.7477569580078	141.7086639404297	847.8214721679688	775.441162109375	594.5910034179688	949.6245727539062	1054.9666748046875	20.554229736328125	515.1344604492188	1136.2879638671875	784.2752075195312	179.21499633789062	1286.89501953125	1072.7918701171875	0.0	1112.1468505859375	1168.1279296875	42.281551361083984	604.8031005859375	1287.4407958984375	498.12310791015625	152.43222045898438	741.98681640625	529.9796142578125	57.56679153442383	46.73447799682617	75.53559112548828	101.07901000976562	59.8368034362793	109.07463073730469	33.402503967285156	84.1503677368164	130.06568908691406	66.22502136230469	0.0	87.45748901367188	8.712044715881348	0.0	0.0	21.516490936279297	308.7397766113281	453.07574462890625	252.41360473632812	96.39058685302734	207.6964569091797	388.8356018066406	105.13179016113281	249.92787170410156	515.6646118164062	314.1767578125	470.21453857421875	385.6926574707031	1319.7066650390625	1111.005615234375	573.926025390625	275.7158508300781	184.38198852539062	56.759395599365234	199.9087677001953	216.12452697753906	19.13286590576172	196.8436279296875	401.3489074707031	284.07000732421875	150.65362548828125	309.6559753417969	320.5965576171875	129.5649871826172	148.97561645507812	115.44055938720703	0.0	223.13287353515625	0.0	0.0	0.0	0.0	0.0	233.45176696777344	366.4569091796875	0.0	0.0	251.21023559570312	17.559162139892578	0.0	0.0	0.0	0.0	43.65201187133789	319.7662048339844	405.8318176269531	482.51507568359375	455.39495849609375	534.4252319335938	486.1263122558594	492.49822998046875	755.4007568359375	597.75830078125	395.7598571777344	533.7568359375	731.363525390625	494.4149169921875	479.1734924316406	640.3516235351562	570.8081665039062	138.41030883789062	674.952880859375	695.3043823242188	290.11920166015625	394.069580078125	484.11077880859375	0.0	73.28430938720703	268.1596984863281	0.0	231.4123992919922	398.8319396972656	211.52171325683594	659.4285278320312	787.70751953125	539.0322265625	375.791748046875	265.66796875	0.0	0.0	448.8047180175781	0.0	163.43307495117188	132.3086700439453	186.21112060546875	0.0	335.6485900878906	162.5293426513672	131.12583923339844	52.820037841796875	175.94580078125	0.0	186.40945434570312	58.7998046875	763.6339111328125	957.4777221679688	0.0	105.48847198486328	163.4393310546875	248.37387084960938	57.91554260253906	162.80886840820312	82.94471740722656	142.9581298828125	1281.42529296875	528.4369506835938	149.6508026123047	174.32177734375	290.8249816894531	234.22671508789062	997.0208740234375	1208.2845458984375	110.57960510253906	301.1441955566406	479.6743469238281	584.3831787109375	0.0	444.1084289550781	321.76068115234375	28.854764938354492	351.42022705078125	82.94434356689453	177.36923217773438	311.3447265625	0.0	611.7359008789062	791.285888671875	344.26531982421875	308.1881408691406	721.721923828125	366.5629577636719	0.0	456.83526611328125	290.804443359375	0.0	630.99609375	450.3193664550781	586.3516235351562	948.63232421875	829.2672119140625
1422.632568359375	1016.46923828125	937.8802490234375	525.9268188476562	1470.67578125	1124.34033203125	1033.683837890625	1018.6430053710938	969.6199340820312	353.46685791015625	1477.8536376953125	1070.6781005859375	143.02359008789062	316.6827697753906	1281.464599609375	687.8436889648438	2.826002597808838	45.45854949951172	16.15933609008789	107.43965911865234	15.343195915222168	0.0	0.0	0.0	0.0	0.0	0.0	0.0	0.0	0.0	5.41340970993042	0.0	468.9256591796875	596.2474975585938	535.181396484375	452.7946472167969	270.93048095703125	244.19601440429688	275.9372253417969	322.31182861328125	0.0	0.0	374.2558288574219	334.59637451171875	124.61225891113281	163.5447540283203	168.19955444335938	117.1562271118164	0.0	0.0	0.0	0.0	0.0	0.0	0.0	0.0	0.0	64.4324722290039	15.049771308898926	0.0	299.995361328125	250.8970489501953	42.03655242919922	0.0	394.68682861328125	384.7574462890625	396.3537902832031	378.52410888671875	593.1505126953125	886.4193725585938	697.9199829101562	302.2082824707031	541.8125610351562	531.5626220703125	313.9249572753906	302.7337646484375	0.0	187.82582092285156	344.9063415527344	131.90402221679688	375.6594543457031	892.0197143554688	265.2752380371094	588.275146484375	822.3056030273438	881.7319946289062	447.82159423828125	600.7174072265625	689.229736328125	642.7156372070312	138.93569946289062	973.3453979492188	196.3965606689453	0.0	455.5212097167969	929.3203125	86.65436553955078	100.43726348876953	15.640090942382812	67.99000549316406	137.21624755859375	102.2713851928711	120.58061218261719	88.58332824707031	6.451230049133301	47.17044448852539	80.40019989013672	121.49456787109375	55.286128997802734	11.25096321105957	97.12606811523438	36.840362548828125	191.44461059570312	499.9150695800781	555.8362426757812	457.0903015136719	571.6172485351562	896.2369995117188	488.1900329589844	419.45343017578125	498.74346923828125	538.6704711914062	0.0	361.0712585449219	214.26048278808594	245.92323303222656	55.74201965332031	395.2788391113281	111.88754272460938	118.78216552734375	117.28800201416016	76.49633026123047	82.82125854492188	170.03392028808594	0.0	94.86228942871094	0.0	192.51466369628906	191.45864868164062	211.8347625732422	220.6411590576172	253.26890563964844	159.3120574951172	164.9593963623047	0.0	0.0	0.0	0.0	0.0	0.0	0.0	0.0	0.0	0.0	0.0	126.3444595336914	310.3010559082031	367.57867431640625	0.0	14.01325798034668	330.4477233886719	309.2666320800781	368.64959716796875	324.5906982421875	627.1747436523438	488.7159729003906	539.7742919921875	304.32452392578125	632.91796875	629.1541748046875	695.9985961914062	353.7488098144531	563.361328125	362.8510437011719	645.5888671875	265.8899230957031	0.0	0.0	0.0	120.5550308227539	173.56246948242188	255.5030517578125	354.6121826171875	239.22117614746094	643.5025024414062	552.19677734375	331.6202087402344	2.839265823364258	304.1681213378906	86.61819458007812	157.821044921875	71.44134521484375	420.572509765625	216.3519287109375	262.1258850097656	50.016624450683594	564.0511474609375	317.69427490234375	342.4511413574219	118.139892578125	73.77371978759766	44.78302001953125	84.5068359375	92.61553955078125	0.0	192.48695373535156	134.61038208007812	131.5265350341797	168.66017150878906	371.30511474609375	171.1304168701172	176.43682861328125	63.44026184082031	412.614013671875	431.884521484375	304.8894958496094	358.3087463378906	178.1018829345703	252.16241455078125	128.88037109375	6.598053932189941	232.1221160888672	0.0	43.652862548828125	254.40676879882812	146.47256469726562	171.2016143798828	31.43523597717285	209.65049743652344	311.3641052246094	309.70904541015625	227.61477661132812	401.0491943359375	527.662109375	639.2373657226562	246.14601135253906	439.6590576171875	574.952392578125	342.9630126953125	0.0	0.0	0.0	0.0	99.57835388183594	103.75872039794922	289.8936462402344	357.5063171386719	338.9176940917969	912.6571044921875	778.57861328125	534.4473876953125	164.62437438964844	473.8951416015625	291.0450134277344	121.66869354248047	279.54473876953125
48.50376892089844	1291.865966796875	1461.28955078125	91.68523406982422	311.50238037109375	1418.888916015625	1063.2623291015625	83.69406127929688	833.3856201171875	1430.7835693359375	413.0024108886719	91.27127075195312	1072.8892822265625	1191.82666015625	150.49227905273438	68.87462615966797	13.650656700134277	1.4619473218917847	51.38007736206055	0.0	6.61789608001709	19.313932418823242	1.9101066589355469	0.0	24.001270294189453	4.46145486831665	0.0	14.760724067687988	0.0	0.0	0.0	13.481657028198242	35.83866882324219	99.03365325927734	323.46746826171875	155.52615356445312	33.636138916015625	253.9535675048828	237.68382263183594	76.13374328613281	22.52875328063965	254.78074645996094	95.80609130859375	48.747047424316406	0.0	71.16089630126953	46.144657135009766	18.494441986083984	10.877243041992188	0.0	0.0	0.0	0.0	0.0	0.0	19.954370498657227	0.0	0.0	0.0	15.384020805358887	0.0	0.0	45.83171463012695	29.334247589111328	38.652957916259766	239.49148559570312	361.29559326171875	166.4456787109375	52.54362106323242	285.4303283691406	226.17654418945312	64.94396209716797	101.97063446044922	323.37042236328125	237.87875366210938	13.313401222229004	525.4810180664062	582.9662475585938	206.84454345703125	31.604909896850586	0.0	0.0	1187.7078857421875	603.4800415039062	11.017265319824219	647.0906372070312	1290.5379638671875	171.15936279296875	0.0	1272.230712890625	1240.438720703125	0.0	137.14596557617188	1183.20654296875	452.91424560546875	0.0	0.0	50.60294723510742	172.65414428710938	46.102622985839844	0.0	95.13059997558594	156.04367065429688	30.2465763092041	0.0	146.166015625	73.68497467041016	0.0	0.0	57.44415283203125	2.154618978500366	0.0	25.288074493408203	0.0	316.095703125	353.6820068359375	18.65164566040039	0.0	489.4107666015625	281.29034423828125	0.0	121.61383819580078	446.00286865234375	127.49555969238281	271.1985168457031	547.842529296875	507.8936462402344	23.083969116210938	97.997802734375	122.47027587890625	144.074462890625	43.46409225463867	120.56349182128906	36.038551330566406	186.98594665527344	39.26714324951172	119.8169937133789	162.04840087890625	148.6277618408203	50.045143127441406	93.96966552734375	95.66497039794922	54.279361724853516	29.697832107543945	95.39791107177734	0.0	0.0	0.0	92.7706527709961	0.0	0.0	34.97877883911133	91.83206176757812	0.0	7.578837871551514	46.402626037597656	0.0	0.0	0.0	38.11249542236328	9.861326217651367	497.81854248046875	568.2924194335938	136.06309509277344	9.827204704284668	733.7551879882812	549.1176147460938	173.61424255371094	199.44854736328125	705.0840454101562	322.4565734863281	157.16748046875	531.032470703125	727.041015625	329.4007263183594	70.41898345947266	0.0	97.06109619140625	132.5906219482422	95.02693939208984	0.0	161.5946502685547	97.37702941894531	25.877479553222656	0.0	157.15101623535156	53.99424743652344	10.75241470336914	300.682861328125	327.3493347167969	92.54447174072266	23.0346622467041	183.00831604003906	477.4841613769531	283.3382873535156	37.05142593383789	384.5987854003906	505.19287109375	184.30853271484375	59.67121505737305	498.4493103027344	456.61474609375	121.67648315429688	0.0	437.83758544921875	229.65660095214844	11.015706062316895	0.0	19.06507110595703	0.0	94.71261596679688	126.61480712890625	26.610525131225586	0.0	48.95527267456055	36.867637634277344	13.196044921875	0.0	106.07037353515625	37.90123748779297	88.83306121826172	249.07199096679688	84.38735961914062	58.35584259033203	72.6766128540039	277.3711242675781	260.9786071777344	109.8311538696289	102.97305297851562	126.75415802001953	0.0	51.75374221801758	138.4597625732422	98.67078399658203	0.0	35.13508605957031	191.88064575195312	0.0	67.49929809570312	86.38134002685547	0.0	0.0	258.2808532714844	236.61338806152344	0.0	0.0	350.3045959472656	147.74363708496094	0.0	236.3517303466797	396.7288513183594	20.10115623474121	1.3884549140930176	637.0782470703125	443.9499206542969	0.0
710.7565307617188	350.2360534667969	761.9869384765625	247.58697509765625	780.7775268554688	447.2327880859375	1045.0181884765625	298.48956298828125	505.63348388671875	491.6131591796875	802.6414794921875	249.14483642578125	294.9537048339844	442.9873352050781	822.0748291015625	149.27442932128906	0.0	0.0	0.0	71.74775695800781	24.79859733581543	0.0	56.982078552246094	46.83318328857422	0.0	0.0	3.311692953109741	0.0	13.60202693939209	0.0	7.3199615478515625	0.0	174.24636840820312	57.499149322509766	443.87713623046875	370.0989685058594	193.5998077392578	300.5631103515625	474.98046875	318.5201416015625	154.24256896972656	144.9610595703125	173.4459228515625	143.7636260986328	29.763368606567383	15.312334060668945	251.61976623535156	144.09336853027344	0.0	0.0	0.0	0.0	0.0	72.26959991455078	0.0	0.0	0.0	0.0	0.0	0.0	113.92533874511719	24.17190170288086	0.0	0.0	476.67559814453125	607.1822509765625	142.48045349121094	183.7264862060547	277.5854187011719	428.6449279785156	643.85986328125	317.38848876953125	192.57789611816406	587.0431518554688	518.23876953125	68.37674713134766	49.235557556152344	120.84842681884766	185.15814208984375	171.35443115234375	579.283203125	784.4598388671875	0.17262539267539978	395.9665222167969	794.635498046875	266.0712890625	626.986083984375	640.6021118164062	148.87347412109375	146.18032836914062	613.1185302734375	472.1390075683594	111.59156036376953	0.0	519.2686767578125	427.7666015625	52.717464447021484	28.862306594848633	73.20294189453125	10.15804386138916	67.33918762207031	75.55255126953125	110.60304260253906	56.427650451660156	37.73943328857422	0.0	80.99726104736328	2.875062942504883	12.390585899353027	7.036570072174072	116.09761047363281	0.0	338.94512939453125	398.4718322753906	310.2153015136719	274.1050109863281	400.6225280761719	559.0672607421875	248.8202667236328	358.2908630371094	713.5093383789062	749.5669555664062	206.61199951171875	292.4166259765625	109.66014099121094	123.41114807128906	160.8148193359375	313.6675720214844	104.95081329345703	0.0	69.21408081054688	79.17401123046875	68.84123992919922	265.8631896972656	263.8288269042969	48.02586364746094	47.82877731323242	48.29840850830078	105.08727264404297	111.17891693115234	121.36759948730469	114.45475006103516	177.57540893554688	95.83735656738281	0.0	0.0	0.0	0.0	0.0	48.28544616699219	0.0	0.0	0.0	0.0	0.0	0.0	28.650053024291992	116.31348419189453	81.68358612060547	72.3604507446289	214.6707305908203	158.51519775390625	286.3775939941406	182.42483520507812	396.49615478515625	406.67108154296875	645.9541625976562	157.94183349609375	335.16796875	305.6783142089844	564.8295288085938	143.7420654296875	265.0460205078125	371.1623840332031	569.0487670898438	150.1057891845703	182.7511749267578	363.2077941894531	296.86578369140625	55.19552993774414	297.19915771484375	234.74520874023438	131.56597900390625	152.55747985839844	286.36846923828125	343.7505187988281	304.5448303222656	140.94935607910156	282.14080810546875	207.40936279296875	69.35235595703125	8.206703186035156	210.73318481445312	29.642501831054688	26.44151496887207	0.0	316.4662780761719	89.29946899414062	17.669504165649414	0.0	0.0	202.71774291992188	68.64688110351562	28.830219268798828	0.0	130.31930541992188	42.93935775756836	7.779014587402344	117.49076080322266	722.7012329101562	664.1177978515625	122.35640716552734	104.456787109375	111.38128662109375	244.857421875	226.52748107910156	620.1792602539062	260.23736572265625	61.59796905517578	135.724365234375	0.0	0.0	27.278242111206055	121.2995376586914	211.61842346191406	524.6349487304688	848.0720825195312	179.93788146972656	91.15933990478516	653.3795166015625	817.4959716796875	178.4390106201172	368.6258239746094	196.74725341796875	225.34361267089844	130.0342559814453	511.3357238769531	675.3434448242188	480.3480529785156	70.82811737060547	0.0	343.27398681640625	278.0835876464844	174.30368041992188	268.4466247558594	362.3840026855469	0.0	78.48158264160156	402.8500061035156	255.77923583984375	404.15716552734375	282.2235107421875	266.8816833496094	149.73472595214844	157.7499237060547	101.44563293457031
592.6890869140625	1148.9500732421875	629.4414672851562	55.0574951171875	127.4349136352539	1381.15576171875	1011.75390625	55.19511795043945	47.98246765136719	1176.5615234375	1069.809326171875	50.088844299316406	24.20811653137207	879.02099609375	1043.6934814453125	12.913729667663574	0.0	0.0	0.0	15.953311920166016	0.0	0.0	0.0	24.233415603637695	0.0	0.0	0.0	26.241411209106445	0.0	0.0	0.0	2.856843948364258	0.0	445.3575439453125	582.2864379882812	73.96025848388672	0.0	300.0439147949219	494.5527038574219	106.86456298828125	3.0265533924102783	76.1171646118164	345.1259765625	178.518310546875	7.277268886566162	0.0	299.9656677246094	197.40245056152344	0.0	0.0	0.0	1.0174838304519653	69.70218658447266	0.0	0.0	0.0	39.99419403076172	0.0	0.0	0.0	17.259193420410156	0.0	0.0	0.0	331.6343078613281	331.76904296875	164.79843139648438	102.39791107177734	96.6922378540039	267.3674011230469	268.5258483886719	105.42591094970703	36.9536247253418	257.24481201171875	99.03057098388672	85.25687408447266	0.0	349.51470947265625	416.81689453125	340.9344787597656	0.0	355.5360412597656	452.36260986328125	91.36891174316406	29.693511962890625	116.26952362060547	657.5061645507812	129.46087646484375	9.17646312713623	80.90037536621094	578.9143676757812	186.63232421875	10.382293701171875	0.0	449.9446716308594	166.4971923828125	0.0	97.10216522216797	79.15040588378906	0.0	0.0	90.00239562988281	77.66629028320312	0.0	5.095567226409912	38.13429260253906	112.95730590820312	0.0	0.7079911828041077	0.0	18.55438232421875	0.0	88.75294494628906	290.148681640625	470.6327209472656	73.77562713623047	41.34939193725586	13.136165618896484	374.70123291015625	168.07785034179688	5.910265922546387	0.0	374.1624755859375	249.8612823486328	14.574578285217285	260.3038330078125	700.3475952148438	563.3760375976562	24.238262176513672	2.457599401473999	34.52387619018555	18.710220336914062	72.183349609375	167.35324096679688	33.28899383544922	9.788867950439453	12.431187629699707	115.08448791503906	61.30828094482422	18.405336380004883	6.091773509979248	105.86721801757812	65.13675689697266	0.0	0.0	0.0	0.0	0.0	52.871360778808594	0.0	0.0	0.0	36.611961364746094	0.0	0.0	0.0	0.6226747632026672	0.0	0.0	0.0	415.7852783203125	400.9442443847656	259.2010803222656	84.11092376708984	413.20318603515625	561.107177734375	178.88107299804688	99.18135070800781	99.5123062133789	624.5423583984375	296.66851806640625	151.61846923828125	42.614139556884766	662.8567504882812	327.91448974609375	220.3735809326172	203.13674926757812	145.58399963378906	45.585575103759766	15.662702560424805	124.0462417602539	26.602014541625977	87.30619049072266	11.562435150146484	49.75371551513672	39.391902923583984	65.43087768554688	6.195700168609619	56.3387336730957	127.17867279052734	164.72718811035156	87.27289581298828	225.8783416748047	92.88331604003906	99.50088500976562	0.0	190.6464385986328	232.32850646972656	181.73191833496094	0.0	238.50408935546875	286.8670959472656	230.40391540527344	0.0	180.87538146972656	272.2157897949219	133.73257446289062	0.0	312.0464782714844	684.9241943359375	235.8079833984375	22.694629669189453	13.053121566772461	356.3079833984375	291.8939514160156	14.837398529052734	7.88297176361084	135.06521606445312	225.25306701660156	25.306459426879883	7.050970554351807	495.59613037109375	830.6751708984375	244.7432098388672	417.1507873535156	642.5972290039062	163.2874298095703	97.214111328125	170.1150665283203	519.3265991210938	174.7391815185547	80.4518051147461	9.88808822631836	220.85617065429688	18.71318244934082	114.17385864257812	2.5845847129821777	377.2511291503906	252.0821075439453	24.716907501220703	58.69523620605469	196.16041564941406	151.6096649169922	57.01225280761719	30.985864639282227	53.60978698730469	24.79962730407715	54.052276611328125	14.371182441711426	0.0	160.23605346679688	63.631038665771484	4.56333065032959	63.9827995300293	223.72171020507812	206.78091430664062
799.4710693359375	661.706298828125	1234.931396484375	648.0712280273438	731.7792358398438	1432.6300048828125	914.1552734375	416.8393859863281	1236.657958984375	1277.5201416015625	1581.5545654296875	1093.7900390625	988.849365234375	449.94232177734375	1324.705810546875	776.9819946289062	0.0	0.0	0.0	0.0	49.252742767333984	0.0	0.0	0.0	0.0	53.545936584472656	0.0	34.73861312866211	0.0	0.0	3.5786163806915283	0.0	103.2203140258789	290.67755126953125	494.95037841796875	493.1918029785156	146.48623657226562	439.1875915527344	310.6726989746094	419.74908447265625	114.20606231689453	68.50179290771484	517.294189453125	665.057373046875	159.3933868408203	271.2840270996094	98.92337036132812	4.5216851234436035	0.0	0.0	0.0	0.0	0.0	0.0	0.0	38.68121337890625	0.0	0.0	0.0	0.0	0.0	7.651697635650635	0.0	0.0	393.758544921875	425.3247985839844	752.3397216796875	478.1009826660156	122.2918701171875	845.9387817382812	830.1903076171875	92.8099365234375	336.0197448730469	704.8120727539062	282.32989501953125	619.6118774414062	205.9143524169922	686.4195556640625	1054.4329833984375	806.026123046875	51.452640533447266	566.3071899414062	539.5247802734375	753.9723510742188	6.954319000244141	872.2423095703125	829.056884765625	360.3479919433594	370.3365173339844	1263.8272705078125	171.593994140625	815.8297119140625	532.758056640625	727.5306396484375	626.2553100585938	979.3703002929688	0.0	93.95295715332031	102.79341125488281	64.00032806396484	116.71956634521484	64.4601821899414	127.46844482421875	0.0	96.37449645996094	81.45379638671875	59.05244064331055	67.8132095336914	64.31635284423828	116.02657318115234	2.471348524093628	37.007320404052734	207.95660400390625	358.23028564453125	248.4031524658203	442.0537109375	33.24055099487305	626.4246826171875	555.421875	551.392578125	182.8912811279297	199.49977111816406	176.00213623046875	450.1118469238281	551.001953125	1111.3353271484375	666.5499877929688	443.7407531738281	26.633102416992188	113.26239013671875	148.97998046875	71.80709838867188	228.36920166015625	239.52001953125	50.96527862548828	138.415283203125	207.06887817382812	225.70254516601562	317.73480224609375	159.675048828125	20.416385650634766	334.2171325683594	374.6214599609375	0.0	0.0	0.0	0.0	0.0	0.0	0.0	0.0	0.0	0.0	0.0	0.0	82.35017395019531	0.0	0.0	0.0	0.0	321.3244934082031	475.7245788574219	704.8569946289062	230.98486328125	531.6842651367188	578.874755859375	728.0411987304688	489.05999755859375	546.8671264648438	683.2468872070312	639.9586181640625	408.3853759765625	620.1690673828125	578.9041748046875	802.11279296875	319.1962585449219	232.14422607421875	303.5889892578125	263.98236083984375	335.74652099609375	191.00717163085938	256.80694580078125	350.48779296875	273.5588684082031	226.69102478027344	487.4919128417969	323.67291259765625	18.960369110107422	252.98663330078125	74.38372039794922	564.9697265625	444.5718688964844	238.38587951660156	225.7205047607422	136.5784149169922	0.0	201.39739990234375	241.5603790283203	202.15040588378906	54.35285186767578	502.98382568359375	272.1478576660156	60.890926361083984	34.92812728881836	445.35687255859375	179.30870056152344	151.44361877441406	0.0	343.23895263671875	325.3018798828125	647.8548583984375	484.7113037109375	411.8799133300781	779.4244384765625	748.0716552734375	104.06470489501953	55.8166389465332	75.59806060791016	818.7943115234375	551.587158203125	622.3179321289062	469.04278564453125	99.8069076538086	400.11883544921875	432.8028869628906	418.55206298828125	888.2113647460938	538.4371337890625	570.835205078125	604.408203125	129.17205810546875	415.98785400390625	113.92127227783203	176.645751953125	962.3259887695312	505.48162841796875	248.0183563232422	197.0189666748047	427.5615234375	92.5868911743164	0.0	218.68736267089844	228.46511840820312	305.0693359375	89.82693481445312	79.07145690917969	532.0755615234375	435.7252502441406	0.0	442.601318359375	391.680908203125	69.55546569824219	127.89318084716797	352.5453796386719	369.7684326171875	712.7935791015625
908.6926879882812	1433.275146484375	982.76220703125	890.8501586914062	1390.498291015625	1365.5810546875	1377.06201171875	1185.5946044921875	1247.15234375	968.6557006835938	1371.5306396484375	264.35540771484375	1086.8983154296875	1026.54638671875	903.8955688476562	204.15463256835938	28.43267059326172	0.0	0.0	0.0	0.0	0.0	0.0	0.0	23.578227996826172	0.0	52.739620208740234	0.0	0.0	0.0	5.486152172088623	0.0	126.48065948486328	313.37933349609375	386.92840576171875	559.1818237304688	75.5996322631836	84.30960083007812	222.22265625	301.177734375	216.3665313720703	96.77044677734375	249.51589965820312	47.919891357421875	256.9421081542969	115.49849700927734	0.0	77.52918243408203	0.0	0.0	0.0	0.0	0.0	0.0	0.0	0.0	0.0	41.23908996582031	0.0	61.52550506591797	0.0	0.0	66.58979034423828	98.65934753417969	167.4802703857422	542.7910766601562	574.9035034179688	256.8246154785156	346.6830749511719	455.6335754394531	507.4332580566406	484.2067565917969	368.8218688964844	219.68026733398438	558.0457763671875	201.59930419921875	313.2002258300781	738.0360107421875	770.1195068359375	22.936891555786133	0.0	1134.6533203125	824.2255249023438	540.63525390625	283.8372802734375	1229.970947265625	314.7828369140625	953.046142578125	992.323486328125	1187.93603515625	1166.1805419921875	1040.09814453125	643.8380737304688	496.7175598144531	814.9837036132812	0.0	9.237058639526367	125.02024841308594	102.60742950439453	109.9206771850586	22.995752334594727	82.82940673828125	78.6884536743164	129.51393127441406	171.02752685546875	91.10735321044922	97.84930419921875	73.37456512451172	106.39247131347656	0.0	65.05084228515625	0.0	3.5399935245513916	350.6136779785156	680.4161987304688	581.2913818359375	109.43284606933594	641.1852416992188	561.9342041015625	347.1220397949219	0.0	291.70208740234375	177.15371704101562	376.0906982421875	620.7342529296875	915.5259399414062	391.3050537109375	368.50946044921875	126.69137573242188	93.58747863769531	16.975187301635742	35.86292266845703	103.0936279296875	168.41729736328125	164.80886840820312	108.70559692382812	103.41688537597656	328.968017578125	188.78504943847656	149.6852264404297	171.54605102539062	267.37811279296875	37.536582946777344	86.24873352050781	106.99251556396484	0.0	0.0	0.0	0.0	0.0	0.0	0.0	0.0	0.0	0.0	0.0	0.0	0.0	0.0	63.98064422607422	182.52334594726562	489.1661071777344	321.8514099121094	237.6461944580078	658.9017944335938	666.7589721679688	810.3519897460938	289.12640380859375	712.6793212890625	574.3214111328125	778.6090698242188	267.876708984375	678.0383911132812	777.7667236328125	710.7896728515625	289.18505859375	0.0	224.87002563476562	192.48568725585938	145.40170288085938	192.5291290283203	257.74737548828125	141.6261444091797	148.89862060546875	327.1236572265625	254.5476531982422	222.6469268798828	130.08848571777344	192.12205505371094	369.6425476074219	416.19281005859375	156.5341033935547	444.39849853515625	488.764892578125	128.34075927734375	43.56580352783203	489.2453308105469	343.8408203125	330.17840576171875	0.0	462.8988037109375	202.49314880371094	233.07113647460938	11.16668701171875	256.1437683105469	277.780029296875	0.0	0.0	68.96194458007812	260.5064697265625	779.392578125	418.6218566894531	0.0	249.65765380859375	153.739501953125	358.13623046875	0.0	580.4466552734375	161.09298706054688	114.89326477050781	665.5021362304688	235.76187133789062	239.79739379882812	120.4873275756836	218.2906951904297	307.3291015625	691.0750122070312	390.9012451171875	187.65037536621094	40.273841857910156	869.9696044921875	659.1278686523438	131.3964080810547	639.5744018554688	675.339111328125	28.364110946655273	351.680419921875	59.79124450683594	52.01792907714844	106.56836700439453	0.0	74.61466217041016	227.87661743164062	153.7152099609375	0.0	322.67425537109375	319.4864196777344	159.98513793945312	179.52511596679688	380.9564208984375	185.52044677734375	479.8539123535156	301.0462341308594	304.7426452636719	690.9039306640625	473.8941650390625
669.5824584960938	930.1244506835938	1212.3642578125	840.0107421875	970.576171875	939.4189453125	1211.6842041015625	418.4191589355469	710.5197143554688	1129.71875	1113.1719970703125	116.26377868652344	68.88095092773438	1324.670166015625	1073.9381103515625	97.13672637939453	34.67584228515625	103.4552001953125	2.4722306728363037	54.38228988647461	0.0	39.21979522705078	101.63280487060547	0.0	0.0	0.0	0.0	0.0	29.940723419189453	0.0	0.0	0.0	160.9737091064453	373.96185302734375	344.067138671875	354.64007568359375	134.20074462890625	302.4373474121094	310.0659484863281	86.77944946289062	0.0	35.992061614990234	285.54150390625	108.554443359375	76.69697570800781	249.35800170898438	295.2542419433594	103.17704772949219	0.0	0.0	0.0	0.0	0.0	0.0	0.0	21.17900848388672	78.5222396850586	0.0	0.0	23.913013458251953	110.19624328613281	59.35236740112305	0.0	39.71794128417969	109.16793823242188	324.5511779785156	350.203369140625	299.1473083496094	350.6919250488281	419.849853515625	532.0047607421875	278.0028381347656	340.0196533203125	244.4141845703125	171.16546630859375	68.51395416259766	17.343664169311523	417.81976318359375	303.6742248535156	80.91011047363281	0.0	739.7789306640625	339.7325439453125	1054.670654296875	39.50991439819336	659.2313232421875	824.0740356445312	1033.6644287109375	263.8253173828125	343.3522033691406	914.527587890625	396.18170166015625	35.435035705566406	316.93548583984375	920.3245239257812	79.50962829589844	15.109532356262207	86.24765014648438	84.4783706665039	74.37049865722656	0.0	123.42530059814453	136.45541381835938	90.92425537109375	32.12094497680664	25.438398361206055	128.21011352539062	21.556886672973633	52.116554260253906	39.935001373291016	146.39566040039062	29.789714813232422	33.30231857299805	233.74351501464844	242.24420166015625	304.0361633300781	377.8492431640625	779.4063110351562	489.59344482421875	441.0751037597656	44.72242736816406	348.0599670410156	289.0456848144531	453.2603454589844	170.8496551513672	206.79783630371094	477.6417541503906	196.97122192382812	110.29715728759766	158.130615234375	108.90483093261719	121.0942611694336	69.98448181152344	196.60037231445312	92.45326232910156	132.36834716796875	52.6411018371582	72.40716552734375	116.90557861328125	72.56344604492188	232.29086303710938	222.2193603515625	178.36688232421875	49.311004638671875	93.96226501464844	139.98377990722656	0.0	0.0	0.0	0.0	0.0	0.0	0.0	0.0	0.0	36.952239990234375	222.436279296875	0.0	41.37588119506836	57.871986389160156	148.7987823486328	255.5759735107422	444.3445739746094	208.90020751953125	508.84552001953125	365.6260070800781	714.4613037109375	268.718505859375	523.4526977539062	497.783935546875	756.18701171875	179.4245147705078	425.548828125	690.9913330078125	499.5589599609375	165.0659637451172	0.0	27.721521377563477	155.210693359375	100.64702606201172	98.88143157958984	54.187744140625	144.63958740234375	109.82626342773438	330.8378601074219	329.4375	264.2429504394531	40.32568359375	167.2393035888672	204.80699157714844	111.37078094482422	17.294387817382812	228.05372619628906	253.50511169433594	230.95457458496094	133.6909942626953	359.7869567871094	457.0904235839844	358.6320495605469	58.627201080322266	248.4864044189453	316.3222351074219	203.9884796142578	14.810805320739746	85.82683563232422	268.1390075683594	0.0	0.0	160.27197265625	85.57667541503906	107.35208892822266	104.23797607421875	275.9358825683594	201.9405975341797	0.0	45.43056106567383	496.6761779785156	728.6654052734375	121.798828125	97.33564758300781	173.0780792236328	0.0	138.12661743164062	48.89917755126953	180.01837158203125	129.68087768554688	278.2116394042969	98.72341918945312	171.50018310546875	79.83062744140625	288.0279235839844	0.0	449.1958312988281	781.078125	545.708984375	93.47686004638672	169.6448516845703	549.6212768554688	322.37725830078125	104.90567779541016	0.0	0.0	0.0	197.7188720703125	0.0	13.22983169555664	90.23014831542969	326.098388671875	380.503173828125	377.9571228027344	453.13214111328125	449.78570556640625	97.49674987792969	23.026771545410156	256.1213684082031	122.26383972167969
1207.5802001953125	210.83560180664062	267.35296630859375	120.10002899169922	1087.724609375	673.0374145507812	217.1370849609375	357.1634216308594	1157.5576171875	643.3239135742188	230.04949951171875	1341.9716796875	680.7534790039062	625.2420654296875	294.3947448730469	986.1207275390625	47.38227844238281	0.0	101.10387420654297	90.97706604003906	0.0	0.0	0.0	4.946020603179932	0.0	0.0	16.27529525756836	81.23089599609375	0.0	0.0	0.0	0.0	381.6588134765625	381.4623107910156	331.1190490722656	271.95550537109375	344.3017272949219	404.2282409667969	178.7509765625	307.3416442871094	71.81629180908203	186.48985290527344	123.3449478149414	629.1708374023438	0.0	412.1526184082031	408.08648681640625	0.0	0.0	140.10861206054688	122.85619354248047	17.698348999023438	0.0	0.0	0.0	0.0	0.0	0.0	178.3106689453125	1.4010426998138428	108.81958770751953	0.0	0.0	0.0	183.7640380859375	48.96993637084961	121.9111099243164	93.39936828613281	207.14120483398438	662.1026000976562	756.6464233398438	647.4635009765625	323.39410400390625	486.70574951171875	337.18756103515625	632.0817260742188	233.7232208251953	315.49566650390625	468.7060241699219	1067.779052734375	955.3123779296875	1003.5674438476562	61.97857666015625	110.99564361572266	786.0109252929688	499.30645751953125	249.84716796875	0.0	361.7530517578125	699.3028564453125	124.72935485839844	0.0	175.09271240234375	95.11028289794922	0.0	369.4076232910156	191.4293670654297	119.97563934326172	53.857154846191406	34.82706832885742	145.5841064453125	18.889545440673828	0.0	0.0	0.0	18.3416805267334	49.18054962158203	42.464351654052734	17.945384979248047	58.60825729370117	0.0	0.0	0.0	407.7164611816406	129.08799743652344	61.039302825927734	417.64801025390625	1031.9041748046875	1033.260009765625	754.473388671875	375.6927185058594	726.956787109375	429.52935791015625	98.35289001464844	192.44195556640625	1055.007568359375	1236.657958984375	963.8407592773438	82.98121643066406	212.2581787109375	240.7758331298828	71.50030517578125	215.55740356445312	243.66586303710938	153.25601196289062	0.0	65.94280242919922	0.0	268.8795471191406	242.5260467529297	118.28324127197266	0.0	213.9796600341797	115.74517822265625	0.0	74.98375701904297	70.02283477783203	0.0	0.0	0.0	0.0	0.0	0.0	0.0	0.0	0.0	0.0	0.0	48.80990982055664	0.0	629.413818359375	396.1941833496094	369.6246032714844	272.7006530761719	682.868408203125	456.5238342285156	407.83233642578125	400.9109802246094	565.8659057617188	553.3927612304688	634.8798217773438	620.231689453125	592.3915405273438	408.3360290527344	530.925048828125	673.5272216796875	267.29486083984375	234.2117156982422	108.48892974853516	40.10785675048828	34.87649154663086	124.01873779296875	385.52117919921875	213.83473205566406	262.8134460449219	526.1414794921875	728.8436279296875	257.6618347167969	340.24908447265625	419.50091552734375	361.27325439453125	582.3676147460938	358.8856506347656	0.0	0.0	0.0	331.4841613769531	188.3941650390625	0.0	29.694799423217773	331.13079833984375	228.15029907226562	0.0	0.0	86.89208984375	0.0	0.0	0.0	0.0	60.846134185791016	168.07662963867188	83.76763916015625	235.5399932861328	697.8203735351562	1123.7667236328125	916.5037231445312	655.712890625	376.6589660644531	706.85888671875	1106.303955078125	868.1104736328125	1422.490478515625	1286.381591796875	254.471435546875	222.8226776123047	511.2782287597656	659.591796875	286.0846252441406	98.61941528320312	208.09378051757812	146.37332153320312	0.0	435.61590576171875	443.63702392578125	1299.2518310546875	1514.45556640625	592.59765625	955.9781494140625	655.4462890625	233.41717529296875	161.185302734375	289.6804504394531	41.44829559326172	8.37105655670166	180.99012756347656	94.02562713623047	327.7870788574219	287.4382019042969	241.32167053222656	451.33587646484375	801.1985473632812	397.61279296875	453.3445739746094	467.92608642578125	511.1668701171875	691.36181640625
1119.888671875	615.7808837890625	525.8627319335938	264.3078308105469	1201.2855224609375	623.6516723632812	94.2886734008789	176.70437622070312	689.6168823242188	1188.1776123046875	853.7638549804688	33.9671630859375	409.5236511230469	1124.0225830078125	1171.91357421875	11.45808219909668	0.0	0.0	0.0	0.0	0.0	0.0	0.0	28.778732299804688	0.0	0.0	28.579547882080078	13.481721878051758	0.0	0.0	4.7057695388793945	21.956939697265625	427.6048889160156	261.60693359375	0.8839540481567383	0.0	120.71759033203125	599.9420776367188	466.2649841308594	200.85565185546875	0.0	600.1609497070312	706.8905029296875	286.47552490234375	25.582199096679688	117.93435668945312	543.20556640625	351.7956237792969	0.0	0.0	0.0	0.0	0.0	0.0	284.4505920410156	266.6292724609375	118.76486206054688	0.0	0.0	108.3701400756836	80.17737579345703	0.0	0.0	0.0	218.385009765625	514.15185546875	664.0639038085938	578.5520629882812	381.8208923339844	293.57977294921875	61.92095184326172	72.96247863769531	318.7667236328125	255.00083923339844	141.0019073486328	161.91395568847656	324.1764831542969	723.5132446289062	662.7205200195312	351.75592041015625	280.6820373535156	703.7062377929688	364.2510681152344	82.55445098876953	326.752197265625	585.9096069335938	86.8877182006836	0.0	272.04193115234375	40.238868713378906	359.61846923828125	205.23104858398438	0.0	153.21327209472656	332.4410400390625	281.7892761230469	98.00729370117188	14.556841850280762	0.0	0.0	59.79158020019531	55.946556091308594	45.070526123046875	86.48534393310547	63.037330627441406	17.647584915161133	98.23689270019531	0.0	11.046393394470215	0.0	52.53635025024414	42.358154296875	120.35133361816406	722.3390502929688	897.9358520507812	932.4214477539062	392.21630859375	782.359619140625	587.5026245117188	246.61842346191406	0.0	444.5843811035156	513.377685546875	255.96832275390625	614.22265625	888.276123046875	894.9916381835938	616.3392333984375	21.049280166625977	82.32460021972656	0.0	0.0	5.2132649421691895	0.0	134.38368225097656	248.1373748779297	147.8508758544922	81.61957550048828	30.095911026000977	109.86614990234375	265.4420471191406	253.89059448242188	0.0	0.0	0.0	0.0	0.0	0.0	0.0	0.0	135.5718231201172	323.2998352050781	0.0	0.0	41.813690185546875	93.5455093383789	0.0	0.0	0.0	0.0	240.8106689453125	370.258056640625	276.4638977050781	287.2828369140625	574.7167358398438	727.6616821289062	584.8074951171875	464.9623718261719	619.9610595703125	505.3155212402344	425.3489990234375	208.98190307617188	638.0831909179688	725.8372192382812	425.5595703125	229.5682373046875	82.6968002319336	482.6379089355469	761.8158569335938	698.5980224609375	130.71377563476562	343.73455810546875	419.8166198730469	309.65606689453125	361.30706787109375	217.9583740234375	12.63174057006836	5.473188400268555	92.21720123291016	191.40760803222656	197.5736846923828	111.34320068359375	311.5062255859375	284.7022399902344	0.0	0.0	233.843994140625	261.9194641113281	0.0	0.0	100.90641784667969	0.0	0.0	0.0	24.570947647094727	46.399532318115234	0.0	0.0	210.5823211669922	683.249755859375	988.6846923828125	1056.091796875	767.152099609375	874.5814819335938	80.86803436279297	126.70771789550781	689.916015625	1316.9892578125	754.0969848632812	112.58541870117188	761.2903442382812	504.993896484375	759.78076171875	243.84933471679688	325.84674072265625	583.8428955078125	1031.0272216796875	1134.912353515625	358.8477783203125	279.01141357421875	1095.2017822265625	1208.8028564453125	583.8389282226562	1152.1622314453125	614.5238647460938	113.12686920166016	212.3751983642578	798.3950805664062	701.5595703125	72.66986083984375	0.0	442.0093688964844	893.21728515625	942.06591796875	37.56611251831055	353.30615234375	487.5303039550781	311.5274353027344	333.89678955078125	279.4881591796875	163.99188232421875	106.64472198486328	43.730140686035156	43.413551330566406	97.31511688232422	116.77935028076172
757.2792358398438	1458.8909912109375	729.157958984375	1220.3175048828125	1467.1611328125	1397.33740234375	1002.5289306640625	1638.2890625	1401.02490234375	758.4100341796875	1140.2841796875	978.9539184570312	1272.2708740234375	768.3677978515625	593.3536376953125	253.19699096679688	38.663360595703125	5.183160305023193	0.0	0.0	0.0	0.768869936466217	0.0	84.24797058105469	34.303192138671875	0.0	0.0	0.6501163244247437	0.0	0.0	0.0	0.0	83.34866333007812	190.83963012695312	118.1240234375	671.2415771484375	119.52986145019531	193.09613037109375	231.36549377441406	515.47314453125	332.45367431640625	344.47442626953125	341.1502380371094	0.0	166.91932678222656	64.44697570800781	0.0	173.46319580078125	0.0	0.0	0.0	0.0	0.0	0.0	61.583675384521484	0.0	0.0	0.0	0.0	0.0	0.0	0.0	104.10684967041016	176.38735961914062	121.77486419677734	589.5682373046875	654.52392578125	137.56903076171875	319.03558349609375	420.016357421875	247.246337890625	625.8407592773438	342.966552734375	270.5783996582031	1040.34033203125	972.2064208984375	514.7681274414062	980.3397216796875	876.3054809570312	25.388338088989258	0.0	1278.428466796875	1128.4786376953125	312.4122314453125	283.7149353027344	1430.187744140625	487.45361328125	1184.5985107421875	1009.1217651367188	1294.2255859375	834.6046752929688	1066.8704833984375	802.3116455078125	488.42742919921875	623.2060546875	119.34320831298828	7.262580394744873	119.20355987548828	113.90601348876953	109.79528045654297	35.249263763427734	124.78490447998047	126.341552734375	123.75935363769531	128.3619384765625	112.70494079589844	0.0	37.95111846923828	42.901634216308594	0.0	0.0	0.0	0.0	146.2136993408203	544.7222290039062	426.3891296386719	0.0	369.9650573730469	396.00970458984375	376.1349182128906	51.14684295654297	862.7300415039062	634.7310180664062	494.52911376953125	775.270751953125	1204.249755859375	448.9515686035156	222.04759216308594	143.24781799316406	78.93978881835938	45.70889663696289	63.84502410888672	127.01326751708984	134.26800537109375	350.27996826171875	325.5921630859375	136.50624084472656	326.9261474609375	307.3929443359375	129.88253784179688	154.32252502441406	141.6177520751953	13.476771354675293	226.78843688964844	111.90042877197266	0.0	0.0	0.0	0.0	7.202827453613281	90.06210327148438	0.0	0.0	0.0	0.0	0.0	0.0	0.0	0.0	156.4237060546875	126.27711486816406	558.0895385742188	353.8337097167969	331.5347900390625	560.387939453125	708.4871215820312	705.7860717773438	813.387939453125	708.018310546875	556.9063110351562	728.0345458984375	850.3756713867188	713.9810791015625	589.8118286132812	603.4967041015625	583.3865356445312	0.0	332.20025634765625	353.58367919921875	219.9901123046875	163.89791870117188	285.7048034667969	109.4163589477539	112.30644226074219	235.97000122070312	127.43098449707031	472.2449645996094	563.6480712890625	320.78924560546875	668.3836059570312	811.4801635742188	498.8883361816406	460.27056884765625	434.6871337890625	43.02281188964844	71.20820617675781	501.741455078125	373.5380859375	244.65252685546875	67.56993103027344	556.9866333007812	220.82411193847656	300.15008544921875	0.0	288.7065734863281	201.361572265625	0.0	0.0	43.151397705078125	45.381832122802734	1080.2490234375	838.2406616210938	0.0	182.81655883789062	44.45408630371094	489.8087463378906	0.0	211.55809020996094	25.127761840820312	160.18331909179688	644.8871459960938	360.36468505859375	165.52435302734375	198.4853515625	198.43983459472656	348.1027526855469	927.3997192382812	1063.6895751953125	168.0537872314453	0.0	677.5638427734375	968.0271606445312	120.43345642089844	280.755126953125	308.5999755859375	0.0	341.4529113769531	40.096336364746094	473.48846435546875	489.73138427734375	0.0	158.59942626953125	429.3529052734375	208.92530822753906	0.0	407.1093444824219	403.5334167480469	0.0	64.8449478149414	304.17510986328125	83.72957611083984	776.7337036132812	567.2943115234375	683.6060180664062	965.5546264648438	984.4996337890625
480.24884033203125	688.2938842773438	1137.342041015625	1212.4344482421875	286.64300537109375	703.4165649414062	1060.3404541015625	704.5072021484375	44.89011764526367	401.05682373046875	1270.623779296875	796.1279907226562	394.0147705078125	485.36517333984375	762.7181396484375	242.42864990234375	0.0	16.695327758789062	0.0	20.0324764251709	9.320547103881836	0.0	0.0	12.077361106872559	0.0	118.40737915039062	0.0	0.0	0.0	0.0	0.0	0.0	24.735057830810547	42.54729080200195	285.2944641113281	302.0245361328125	0.0	84.16765594482422	292.15716552734375	331.3983154296875	213.5894012451172	88.1800308227539	367.48248291015625	451.6684875488281	368.9488525390625	208.77500915527344	0.0	88.67765045166016	0.0	0.0	0.0	0.0	13.937335968017578	0.0	0.0	0.0	68.30599975585938	117.19805145263672	13.557405471801758	0.0	0.0	0.0	0.0	61.842132568359375	354.2463684082031	807.63134765625	481.538818359375	575.3779296875	109.9516372680664	538.6942749023438	770.6016235351562	316.0067443847656	163.54722595214844	208.575927734375	733.7913208007812	663.802734375	563.1973876953125	670.0732421875	1030.8907470703125	159.60243225097656	0.0	525.6415405273438	505.797119140625	845.929931640625	152.6818389892578	136.45623779296875	425.51068115234375	829.018310546875	241.6608428955078	211.3696746826172	587.4849853515625	938.9955444335938	96.87288665771484	83.21273803710938	772.2506103515625	513.2061767578125	0.0	11.094039916992188	56.16477966308594	157.38375854492188	10.601434707641602	39.524749755859375	59.759952545166016	71.33968353271484	2.5298221111297607	70.76583099365234	73.66345977783203	71.9366683959961	0.0	0.0	0.0	0.0	365.4626159667969	433.43463134765625	133.00926208496094	149.3737335205078	97.41451263427734	471.475341796875	514.2774047851562	500.18902587890625	244.99964904785156	52.32835006713867	279.46966552734375	402.59808349609375	936.8999633789062	855.2998046875	608.4025268554688	371.1790771484375	107.94661712646484	0.0	146.25296020507812	229.17466735839844	61.399803161621094	151.3197479248047	139.39881896972656	199.11997985839844	39.38159942626953	298.4344482421875	310.90435791015625	220.03077697753906	14.869989395141602	189.49501037597656	38.180152893066406	112.5236587524414	5.516124725341797	0.0	0.0	0.0	0.0	0.0	0.0	0.0	0.0	0.0	0.0	14.274284362792969	0.0	0.0	0.0	0.0	105.29961395263672	296.2092590332031	689.0436401367188	656.2470092773438	381.4785461425781	411.699462890625	794.8777465820312	659.7129516601562	279.6139221191406	535.5744018554688	754.6338500976562	324.4425354003906	409.9588928222656	527.0855102539062	771.651611328125	283.4647216796875	144.7041473388672	409.5762939453125	367.3775634765625	293.3385009765625	305.4164733886719	274.0519104003906	310.6957702636719	216.17080688476562	108.11308288574219	415.9452819824219	353.88702392578125	157.03297424316406	149.3674774169922	498.0990295410156	673.5588989257812	384.8860168457031	177.88929748535156	205.73243713378906	232.0734100341797	60.537837982177734	168.63551330566406	125.5821304321289	231.87107849121094	94.4565200805664	6.854266166687012	68.00667572021484	27.088638305664062	31.410480499267578	33.36532974243164	48.5535774230957	60.568641662597656	0.0	285.86688232421875	166.03997802734375	189.87147521972656	294.0000305175781	26.33598518371582	359.7060241699219	510.72686767578125	29.448326110839844	12.55259895324707	0.0	395.8688049316406	361.6094055175781	1046.1783447265625	494.2440185546875	155.0715789794922	210.20445251464844	237.8406219482422	299.5408020019531	598.3018798828125	746.9219970703125	379.06463623046875	564.5817260742188	348.4024658203125	0.0	132.78271484375	505.34112548828125	694.083740234375	236.25918579101562	332.77587890625	181.8686065673828	0.0	168.15618896484375	56.582740783691406	278.7280578613281	369.6842956542969	304.6301574707031	134.31704711914062	212.91770935058594	233.559814453125	443.61578369140625	213.64443969726562	253.5327911376953	441.6904296875	229.35813903808594	156.65859985351562	417.5056457519531	798.6116943359375	687.3850708007812
748.86083984375	579.9734497070312	1154.11474609375	41.00514221191406	1016.7523193359375	721.8193359375	1178.6273193359375	98.18107604980469	622.941650390625	717.456787109375	1104.0819091796875	99.2997055053711	72.58035278320312	785.376953125	1111.20361328125	114.65786743164062	21.27176856994629	55.33071517944336	52.21860122680664	0.0	0.0	0.0	12.1408052444458	0.0	0.0	0.0	2.9164671897888184	0.0	1.9412082433700562	0.0	7.568674087524414	0.0	449.7314453125	226.61288452148438	379.9776306152344	257.47216796875	321.7117919921875	176.15066528320312	360.26995849609375	235.20736694335938	0.0	0.0	238.75494384765625	157.23538208007812	98.35711669921875	78.90880584716797	292.158203125	185.93565368652344	0.47734323143959045	0.0	0.0	0.0	0.0	0.0	0.0	0.0	157.40594482421875	26.04566764831543	0.0	0.0	173.47862243652344	51.69450378417969	0.0	3.8310346603393555	254.31961059570312	362.8439025878906	215.72593688964844	135.10638427734375	378.005859375	671.806396484375	461.6734924316406	330.4104919433594	286.1789245605469	226.9544677734375	159.8694305419922	134.12765502929688	0.0	269.47283935546875	232.72808837890625	201.11569213867188	457.212646484375	569.32177734375	828.0587768554688	494.4586486816406	662.2939453125	440.5866394042969	717.0094604492188	392.4787902832031	446.4601135253906	122.98912811279297	685.3598022460938	425.4610290527344	67.8660659790039	0.0	621.6438598632812	264.1814880371094	119.88157653808594	28.188304901123047	101.09559631347656	16.70780372619629	79.69396209716797	0.0	115.60426330566406	22.487226486206055	43.95303726196289	0.0	148.18447875976562	45.82363510131836	38.49433135986328	0.0	119.6622543334961	18.105817794799805	184.54122924804688	198.84010314941406	156.49261474609375	293.3757019042969	727.6029052734375	982.1211547851562	715.779052734375	612.3626708984375	157.2076416015625	215.7564239501953	277.8078308105469	314.73699951171875	175.85569763183594	173.27882385253906	431.54925537109375	405.6884765625	65.71273040771484	149.82508850097656	104.53731536865234	58.80348587036133	60.624568939208984	83.14142608642578	126.3783187866211	69.65907287597656	75.67546844482422	6.725841045379639	151.97134399414062	83.04761505126953	191.1742706298828	186.11947631835938	127.82005310058594	84.22224426269531	0.0	54.037906646728516	2.4413084983825684	0.0	0.0	0.0	0.0	0.0	0.0	0.0	0.0	0.0	304.20733642578125	274.8671569824219	96.8221664428711	0.0	247.6199951171875	341.2082824707031	435.353759765625	155.52601623535156	494.5785217285156	717.6690673828125	608.4470825195312	302.58441162109375	538.5947265625	607.332763671875	518.1497802734375	148.89523315429688	410.4391784667969	609.7726440429688	492.1842956542969	182.06732177734375	6.834721088409424	50.652000427246094	97.14669036865234	36.28066635131836	150.03395080566406	78.4941177368164	113.32317352294922	79.4571304321289	419.9075927734375	363.6304931640625	308.17266845703125	107.28935241699219	108.74376678466797	75.57801055908203	86.3121337890625	0.9470193982124329	208.31890869140625	242.35739135742188	168.42845153808594	0.0	278.2146301269531	301.8640441894531	138.82164001464844	54.26424789428711	0.0	215.886962890625	68.88833618164062	0.0	0.0	164.00682067871094	17.210447311401367	0.0	93.44659423828125	89.93524932861328	78.57734680175781	3.5680973529815674	510.89239501953125	281.734130859375	366.54705810546875	224.19900512695312	662.9682006835938	642.4032592773438	378.40631103515625	320.5634460449219	99.24334716796875	41.97203063964844	155.9314727783203	19.387697219848633	155.89015197753906	227.35250854492188	281.0166015625	97.7160873413086	324.4330139160156	293.89056396484375	240.8875732421875	51.72381591796875	587.8638305664062	1015.8878784179688	762.4942016601562	394.50537109375	173.9409942626953	543.5997924804688	308.54730224609375	165.28359985351562	0.0	0.0	83.74296569824219	144.22891235351562	33.8267936706543	25.494426727294922	178.8274688720703	85.90879821777344	598.2018432617188	418.46063232421875	532.6926879882812	273.3266906738281	189.39752197265625	0.0	176.23875427246094	49.89407730102539
861.5487060546875	1197.771240234375	1219.5458984375	1206.262939453125	1227.380615234375	949.2793579101562	1488.7891845703125	1138.621337890625	1063.939453125	1005.5281372070312	1429.7442626953125	318.984619140625	1004.9467163085938	912.1981811523438	575.3919067382812	244.6013641357422	38.103729248046875	0.0	0.0	51.65755081176758	0.0	35.94869613647461	0.0	28.34044647216797	14.160825729370117	0.0	76.18444061279297	0.0	0.0	0.0	0.0	0.0	55.1609001159668	139.49647521972656	352.12060546875	534.968994140625	115.96143341064453	46.37857437133789	384.3940124511719	264.9607849121094	406.1211242675781	393.2156066894531	286.58868408203125	13.423905372619629	181.0332794189453	86.28083801269531	1.1475937366485596	103.81429290771484	0.0	0.0	0.0	0.0	0.0	0.0	51.80362319946289	0.0	0.0	0.0	14.379207611083984	19.950777053833008	0.0	0.0	91.85467529296875	103.96646881103516	123.86417388916016	606.2101440429688	551.769775390625	338.39654541015625	329.72625732421875	536.6756591796875	421.1263122558594	480.886474609375	155.89688110351562	368.16650390625	758.0629272460938	368.3319091796875	455.9258728027344	938.0155639648438	711.1776123046875	40.23268127441406	0.0	973.4419555664062	624.0372314453125	651.710205078125	539.0908203125	1275.7877197265625	441.7288818359375	1185.252685546875	877.0352172851562	855.891845703125	1210.0042724609375	1094.0877685546875	506.6383056640625	567.3054809570312	896.8344116210938	0.0	5.192488670349121	81.21951293945312	124.30777740478516	67.82579040527344	44.77901077270508	121.9690170288086	70.93274688720703	74.7981948852539	186.22348022460938	103.236083984375	75.23128509521484	56.97227096557617	36.95039367675781	0.0	25.543275833129883	0.0	56.373714447021484	511.3662109375	521.1190795898438	274.5311584472656	34.505558013916016	235.37997436523438	160.39712524414062	425.1603698730469	78.1780014038086	546.7603149414062	402.52923583984375	500.226806640625	625.5972900390625	1034.6844482421875	341.8360900878906	326.92047119140625	129.6548309326172	144.9969024658203	66.8245620727539	59.69114685058594	93.57862854003906	236.62562561035156	228.0216064453125	191.2748260498047	148.34280395507812	324.00543212890625	281.1418151855469	120.4555435180664	156.40408325195312	107.76901245117188	68.70268249511719	143.38568115234375	87.11103057861328	0.0	0.0	0.0	0.0	0.0	0.0	0.0	12.960563659667969	51.05886459350586	0.0	0.0	0.0	0.0	0.0	94.40522003173828	221.12608337402344	664.3079223632812	581.4705200195312	299.9257507324219	568.6400756835938	630.4772338867188	777.0342407226562	335.6689453125	601.676513671875	493.2841491699219	835.9266967773438	240.9623260498047	648.2011108398438	685.6052856445312	731.8978271484375	307.9578857421875	1.4308620691299438	179.21633911132812	189.20558166503906	96.49723815917969	277.2694091796875	304.00177001953125	242.28158569335938	41.23456573486328	223.41561889648438	0.0	257.9621276855469	237.90347290039062	200.26800537109375	596.018310546875	519.5923461914062	154.32362365722656	386.1944274902344	260.5191955566406	166.92282104492188	65.16507720947266	443.0250244140625	118.4888916015625	239.68983459472656	84.26946258544922	446.25341796875	392.90631103515625	260.6268005371094	38.08574295043945	229.3008270263672	378.1958923339844	0.0	0.0	27.991931915283203	279.383056640625	525.0756225585938	366.0884704589844	0.0	384.00347900390625	326.87225341796875	181.36241149902344	0.0	58.98019027709961	47.69558334350586	120.00801849365234	620.2509155273438	342.1159362792969	169.75723266601562	143.83053588867188	210.9513397216797	400.8919372558594	809.3658447265625	474.6847839355469	155.96023559570312	257.8212585449219	603.08203125	107.87812042236328	99.81387329101562	182.9129638671875	303.5551452636719	0.0	388.0133972167969	0.0	161.1968231201172	213.4078369140625	0.0	20.078763961791992	191.31874084472656	14.644532203674316	2.538095712661743	357.1452941894531	282.7687072753906	199.94386291503906	100.15644073486328	266.8318176269531	256.64715576171875	518.2454223632812	329.38104248046875	547.8021240234375	919.1411743164062	599.2042846679688
790.684814453125	1265.759033203125	1184.9007568359375	571.7533569335938	1300.01318359375	1140.392578125	277.2648620605469	1431.1318359375	1425.310302734375	238.47698974609375	538.2922973632812	1402.0223388671875	934.1097412109375	398.8931884765625	651.569091796875	441.5838317871094	43.51394271850586	0.0	0.0	0.0	0.0	0.0	0.0	0.0	0.0	0.0	62.27568817138672	50.78242492675781	0.0	0.0	0.0	0.0	253.3297882080078	289.03082275390625	176.56878662109375	353.3682861328125	217.6249542236328	0.0	0.0	445.5516052246094	127.34394073486328	481.981689453125	536.382080078125	197.07855224609375	265.31927490234375	330.9890441894531	0.0	16.953250885009766	0.0	0.0	0.0	0.0	0.0	0.0	219.35052490234375	0.0	0.0	201.7313995361328	217.3602294921875	0.0	0.0	0.0	0.0	35.546775817871094	108.97087097167969	751.5272827148438	789.415771484375	455.6789245605469	587.2708740234375	714.5350341796875	358.7028503417969	318.9026794433594	407.6074523925781	1.4980043172836304	396.2234191894531	881.343017578125	458.30792236328125	740.189208984375	985.1500244140625	778.726806640625	0.0	969.861328125	928.225830078125	357.4610595703125	864.0968017578125	1325.701416015625	631.9628295898438	0.0	1317.763671875	983.5032958984375	0.0	911.4077758789062	628.089111328125	69.80577850341797	248.6160125732422	542.9267578125	44.53162384033203	54.39509963989258	37.839412689208984	0.0	44.97789764404297	44.848880767822266	54.814029693603516	45.17481994628906	79.1542739868164	87.68973541259766	23.180862426757812	16.670103073120117	33.114383697509766	0.0	0.0	13.692166328430176	99.7796630859375	445.5169982910156	782.6770629882812	739.2890014648438	203.0941619873047	309.8069152832031	253.34425354003906	77.8051528930664	182.49098205566406	366.87652587890625	490.9241638183594	501.1359558105469	1086.6715087890625	1197.37255859375	884.0534057617188	386.04632568359375	162.62091064453125	174.90371704101562	0.0	0.0	144.27005004882812	0.0	265.05792236328125	219.43235778808594	19.873443603515625	255.71530151367188	456.1939697265625	420.8330078125	129.87059020996094	239.49693298339844	74.07733917236328	64.1724624633789	75.89778900146484	0.0	0.0	0.0	0.0	0.0	0.6329201459884644	0.0	0.0	134.55282592773438	301.55914306640625	0.0	0.0	0.0	0.0	0.0	155.25425720214844	535.9977416992188	556.4415893554688	349.2349853515625	484.3205261230469	583.830810546875	660.9252319335938	401.1497497558594	649.3285522460938	518.0093994140625	509.3282470703125	726.5807495117188	641.2179565429688	551.2351684570312	400.6711120605469	620.6453857421875	0.0	262.7667236328125	403.7440185546875	166.83981323242188	227.5337677001953	572.9126586914062	699.8534545898438	184.08103942871094	417.77288818359375	363.135009765625	0.0	308.0327453613281	227.40928649902344	344.3428039550781	761.8958740234375	612.1964721679688	342.988037109375	429.76788330078125	270.9798889160156	31.54060935974121	475.79620361328125	299.7952575683594	0.0	0.0	489.19757080078125	0.0	0.0	125.09808349609375	116.02454376220703	0.0	113.02786254882812	0.0	80.52418518066406	30.699892044067383	952.0441284179688	944.6261596679688	0.0	0.0	651.9144897460938	1170.18408203125	0.0	222.5972137451172	359.1247253417969	0.0	1098.634765625	738.056884765625	399.2751159667969	216.54962158203125	212.1634063720703	278.22637939453125	251.44825744628906	189.10438537597656	199.0474090576172	81.57344055175781	847.9895629882812	1245.0654296875	57.98838424682617	431.7842102050781	435.09356689453125	581.2938842773438	308.8216247558594	264.9098815917969	117.6186752319336	252.52651977539062	0.0	0.0	418.3946533203125	284.033447265625	0.0	737.8621215820312	908.8629760742188	395.1717834472656	439.3294982910156	621.9783935546875	193.71121215820312	120.43763732910156	450.120361328125	261.4598388671875	670.429443359375	832.2539672851562
62.31132507324219	1205.7232666015625	1226.9713134765625	77.0047607421875	182.3468475341797	1389.56982421875	1159.2601318359375	19.376142501831055	402.24420166015625	1375.508056640625	749.9703369140625	53.8819465637207	564.8054809570312	1162.23095703125	213.29066467285156	70.54497528076172	0.08409114181995392	18.51568603515625	11.679704666137695	0.0	0.0	0.0	0.0	5.0356974601745605	0.0	0.0	0.0	18.13441276550293	0.0	0.0	0.0	12.0750150680542	0.0	206.17642211914062	366.1627502441406	193.98741149902344	5.441195487976074	232.79408264160156	283.2247009277344	98.34162139892578	4.765364646911621	260.8062438964844	164.47506713867188	63.78765106201172	0.0	109.04547119140625	40.84675598144531	13.960987091064453	12.707682609558105	0.0	0.0	0.0	5.033236026763916	0.0	0.0	0.0	0.0	0.0	0.0	21.28704833984375	0.0	0.0	0.0	15.239750862121582	35.912899017333984	180.1418914794922	193.8335723876953	129.62608337402344	56.37327575683594	244.39027404785156	244.18435668945312	90.03694152832031	59.74786376953125	230.27908325195312	188.04566955566406	49.81242370605469	274.72052001953125	498.6015625	297.3655090332031	17.36570930480957	0.0	0.0	919.0889892578125	287.08154296875	9.488377571105957	339.17388916015625	1187.440185546875	229.1195526123047	0.0	830.2463989257812	1182.945068359375	50.53245544433594	0.0	1012.2843627929688	919.8572387695312	0.0	0.0	77.05196380615234	198.3109893798828	65.29249572753906	0.0	126.52222442626953	157.29367065429688	50.35630416870117	0.0	152.1063995361328	104.05033111572266	1.7723033428192139	0.0	111.8923568725586	16.00803565979004	0.0	24.2038516998291	0.0	400.19158935546875	280.1623229980469	31.5777645111084	0.0	471.8113708496094	260.74969482421875	15.64041519165039	28.245189666748047	442.18292236328125	148.40286254882812	145.55357360839844	262.8233947753906	498.1143493652344	43.84406661987305	77.92839813232422	70.69995880126953	164.18612670898438	31.406301498413086	93.95443725585938	35.54034423828125	190.00033569335938	0.36782917380332947	70.42720794677734	150.41685485839844	191.4602508544922	25.44967269897461	98.20111846923828	109.37751770019531	69.43213653564453	27.36130714416504	85.31037902832031	0.0	0.0	0.0	68.70222473144531	0.0	0.0	0.0	77.7933578491211	0.0	0.0	8.878469467163086	62.8305549621582	0.0	0.0	2.783445358276367	1.947831630706787	581.0671997070312	360.2930908203125	125.73456573486328	14.713991165161133	685.9064331054688	356.031494140625	106.29995727539062	27.62874412536621	720.8822021484375	331.6206970214844	136.95211791992188	240.2425994873047	654.189697265625	239.81239318847656	119.30242156982422	0.0	70.7305908203125	74.8528823852539	23.407968521118164	0.0	75.38040924072266	35.793617248535156	27.20881462097168	0.0	86.67374420166016	24.303058624267578	15.612873077392578	120.2030029296875	277.3035583496094	131.0999298095703	19.270437240600586	215.91978454589844	482.3246765136719	194.8598175048828	32.303585052490234	370.1328125	480.3155822753906	270.7125549316406	24.0074405670166	462.4007873535156	435.9819030761719	222.60888671875	0.0	430.588134765625	264.915771484375	38.01323699951172	0.0	10.632051467895508	0.0	96.53772735595703	0.0	26.37688636779785	0.0	134.5963134765625	16.96805191040039	0.0	0.0	56.92782211303711	34.23140335083008	49.5001106262207	140.53721618652344	154.51332092285156	48.49085998535156	48.078636169433594	290.1095275878906	96.79427337646484	53.7124137878418	41.23278045654297	137.30467224121094	0.0	30.215452194213867	72.35050964355469	134.21421813964844	0.0	40.675167083740234	169.7748565673828	97.12300109863281	0.37234407663345337	58.98453140258789	0.0	0.0	145.6377716064453	139.68357849121094	0.0	0.0	195.7503662109375	26.323144912719727	0.0	90.7596664428711	276.5090026855469	13.102919578552246	0.0	420.79425048828125	515.3020629882812	18.357730865478516
415.1860046386719	902.097900390625	824.8177490234375	142.70755004882812	613.6099853515625	911.4642944335938	383.2669372558594	302.9701843261719	283.669921875	583.2642822265625	1012.4732666015625	300.0201416015625	330.1231384277344	659.367431640625	847.0443115234375	220.35862731933594	27.529254913330078	0.0	0.0	0.7717898488044739	0.0	0.0	0.0	48.01571273803711	15.653998374938965	0.0	2.2185721397399902	9.474031448364258	0.0	4.036645412445068	0.0	0.0	0.0	118.18265533447266	266.5589294433594	186.15635681152344	157.37940979003906	119.15957641601562	350.5914001464844	253.4674530029297	0.0	75.23339080810547	515.5413208007812	325.4373779296875	219.1627197265625	213.95980834960938	6.681479454040527	96.71731567382812	23.831825256347656	0.0	0.0	0.0	0.0	0.0	156.2112274169922	84.48728942871094	138.4713897705078	186.94053649902344	0.0	0.0	75.16365051269531	72.92570495605469	0.0	18.128589630126953	223.28564453125	570.8862915039062	547.07958984375	251.02432250976562	328.9452819824219	489.7647705078125	174.0784454345703	196.176513671875	180.45619201660156	54.22043228149414	633.1795043945312	577.2040405273438	252.42684936523438	850.66845703125	950.4722900390625	185.83447265625	61.60136413574219	346.59918212890625	666.3578491210938	254.3291778564453	0.0	629.6377563476562	331.5616455078125	139.6348419189453	150.12591552734375	276.1828308105469	477.6722717285156	628.4581909179688	0.0	361.3247985839844	724.25830078125	340.7646789550781	14.857349395751953	165.496337890625	107.96644592285156	9.009123802185059	16.18794822692871	0.0	0.0	0.0	82.79631042480469	62.859737396240234	29.487415313720703	42.21922302246094	33.0025634765625	0.0	46.45502853393555	17.691347122192383	0.0	153.7129364013672	246.67129516601562	243.79759216308594	379.8181457519531	733.3013305664062	764.9850463867188	353.4853210449219	0.0	4.575811386108398	330.4169616699219	421.50762939453125	531.526611328125	653.1670532226562	496.510009765625	288.3749084472656	38.50093460083008	150.26930236816406	39.24372100830078	65.30062103271484	69.76374816894531	56.413814544677734	109.1015853881836	105.7877197265625	72.70638275146484	243.4011993408203	109.9430923461914	97.08111572265625	180.0589141845703	340.9639892578125	83.26305389404297	64.5662612915039	0.0	0.0	0.0	0.0	0.0	0.0	0.0	50.58626937866211	0.0	0.0	0.0	0.0	55.02906799316406	6.298708915710449	0.0	0.0	341.9568176269531	469.08642578125	504.9644775390625	205.18768310546875	403.2148132324219	582.0621948242188	616.4435424804688	389.2913513183594	493.54534912109375	424.01123046875	488.6686096191406	204.00279235839844	329.2124328613281	453.95721435546875	598.1455688476562	178.04324340820312	236.8318328857422	265.68505859375	332.5829162597656	218.91603088378906	171.52317810058594	324.68463134765625	242.71588134765625	16.73772430419922	408.49151611328125	453.22259521484375	77.53319549560547	123.46524810791016	0.0	308.22308349609375	545.2666625976562	356.94073486328125	202.4657440185547	163.82655334472656	0.0	0.0	207.96157836914062	281.9112548828125	0.0	0.0	195.50811767578125	0.0	0.0	0.0	64.94844818115234	68.44159698486328	0.0	0.0	122.67731475830078	298.20233154296875	436.1046142578125	233.3223114013672	463.29791259765625	627.7238159179688	312.97515869140625	96.576416015625	0.0	911.1927490234375	851.4961547851562	418.1824645996094	363.5176696777344	223.02285766601562	253.923828125	377.6022644042969	416.9209899902344	742.9972534179688	781.547607421875	388.78076171875	248.6753387451172	134.9030303955078	278.5003967285156	302.5679931640625	388.6490783691406	922.7499389648438	1148.42724609375	175.48477172851562	139.4398956298828	229.20401000976562	290.8438720703125	202.9267120361328	48.521209716796875	245.3116912841797	298.4998779296875	351.0708923339844	24.08614730834961	288.4082946777344	353.8561706542969	125.54977416992188	302.8446044921875	555.952880859375	150.37588500976562	154.4490966796875	0.0	126.36933898925781	607.0302124023438	499.4476013183594
1115.6392822265625	1395.98095703125	218.49681091308594	210.45542907714844	1316.863037109375	1076.68408203125	629.4193115234375	360.1397705078125	1205.948486328125	997.9107055664062	913.5595703125	713.0490112304688	813.4672241210938	767.0640258789062	460.09259033203125	366.2276306152344	54.0386962890625	46.016780853271484	0.0	56.787879943847656	48.820919036865234	65.47116088867188	0.0	95.16837310791016	0.0	0.0	0.0	0.0	0.0	0.0	0.0	0.0	82.68270874023438	195.65853881835938	251.02003479003906	244.29701232910156	253.32293701171875	448.2491760253906	512.0082397460938	350.1517639160156	164.55038452148438	289.0599060058594	345.9333801269531	516.4883422851562	0.0	0.0	0.0	38.681671142578125	0.0	0.0	131.78695678710938	52.89891815185547	0.0	0.0	179.88946533203125	23.00102424621582	0.0	0.0	0.0	0.0	59.89845275878906	10.527294158935547	61.828269958496094	121.37576293945312	186.705078125	570.6737670898438	173.18746948242188	26.179149627685547	251.3437042236328	229.91586303710938	435.3322448730469	306.064453125	287.791748046875	513.5628662109375	847.8281860351562	856.9085693359375	298.1011962890625	467.0195617675781	660.9630737304688	67.44554138183594	0.0	1377.15185546875	1092.5235595703125	117.34636688232422	390.6604309082031	1106.18359375	123.665283203125	206.25881958007812	402.29461669921875	668.849609375	341.0925598144531	479.08123779296875	240.1344757080078	297.09893798828125	300.2437744140625	253.614990234375	15.258279800415039	103.23268127441406	130.17860412597656	0.0	62.84620666503906	116.1827392578125	39.540748596191406	20.170455932617188	63.11175537109375	73.86238098144531	0.0	0.0	6.194858074188232	0.0	0.0	10.511163711547852	0.0	62.27888488769531	307.8175354003906	59.11836242675781	0.0	875.0570678710938	751.099365234375	560.1473388671875	376.2725524902344	806.5658569335938	638.4525756835938	661.6347045898438	197.35443115234375	730.5767211914062	636.3528442382812	120.31916809082031	139.88131713867188	31.820648193359375	146.1287078857422	151.4177703857422	13.650724411010742	284.2541809082031	239.5624237060547	117.625	0.0	92.05172729492188	31.90253257751465	0.0	79.0484619140625	0.0	23.070602416992188	160.53988647460938	88.56088256835938	0.0	0.0	53.78510284423828	0.0	0.0	0.0	0.0	0.0	0.0	0.0	0.0	0.0	0.0	0.0	0.0	248.91366577148438	639.0792846679688	375.0851745605469	265.96502685546875	646.1312866210938	640.0634155273438	501.9945983886719	378.4927673339844	610.5740966796875	540.9005126953125	468.3297119140625	240.6239013671875	615.76806640625	510.22711181640625	613.3715209960938	329.06292724609375	2.51375412940979	312.5634460449219	294.4095764160156	36.96272659301758	137.54026794433594	157.06118774414062	0.0	66.52804565429688	194.9552001953125	132.17840576171875	285.38934326171875	302.5201110839844	485.89862060546875	623.6869506835938	605.588134765625	484.2591247558594	492.55072021484375	478.0597229003906	0.0	0.0	560.4772338867188	232.34671020507812	169.32888793945312	13.38449764251709	391.0597839355469	377.4563293457031	101.66710662841797	13.926615715026855	96.57508850097656	0.0	0.0	0.0	58.30719757080078	0.0	32.61137390136719	62.110076904296875	0.0	311.1515197753906	325.6085205078125	65.9316635131836	527.1681518554688	352.14007568359375	793.1358642578125	758.8695068359375	607.1982421875	906.9117431640625	312.2690124511719	504.6572265625	165.52621459960938	140.08819580078125	244.92417907714844	280.7223205566406	100.20230865478516	0.0	270.828369140625	180.52268981933594	330.5185852050781	225.76145935058594	861.2105102539062	562.1317138671875	493.2414245605469	691.2102661132812	532.6456298828125	452.23614501953125	0.0	288.1343994140625	550.982666015625	177.93907165527344	0.0	323.6167297363281	163.16053771972656	67.81008911132812	136.63465881347656	257.437255859375	183.3202667236328	245.97650146484375	562.9641723632812	786.4171142578125	803.7431030273438	655.1149291992188
260.2236633300781	1393.0540771484375	979.7601318359375	84.28020477294922	259.51629638671875	1335.380859375	840.5987548828125	38.448036193847656	420.286376953125	1400.79638671875	808.8095703125	40.142364501953125	556.6808471679688	1125.6126708984375	553.4588623046875	57.22517013549805	0.0	0.0	0.0	17.14004135131836	0.0	5.132102012634277	0.0	12.289609909057617	0.0	16.319087982177734	0.0	16.935068130493164	0.0	0.0	0.0	25.809078216552734	9.858874320983887	287.8226013183594	347.0788879394531	147.58433532714844	0.0	315.64300537109375	363.98699951171875	78.90574645996094	0.0	333.67315673828125	353.3253479003906	62.110904693603516	0.0	88.35859680175781	119.53328704833984	27.778425216674805	0.0	0.0	0.0	0.0	0.0	0.0	0.0	20.04139518737793	0.0	0.0	0.0	2.891836166381836	0.0	0.0	0.0	0.0	93.95855712890625	264.49853515625	220.18576049804688	57.47590637207031	70.60733795166016	146.60198974609375	147.04566955566406	88.26107788085938	91.28810119628906	370.1411437988281	249.34854125976562	105.72039031982422	240.2902374267578	483.93035888671875	417.1229248046875	188.5880126953125	0.0	373.6758728027344	1003.0908813476562	111.08921813964844	0.0	427.9287109375	954.0096435546875	144.7528533935547	0.0	659.36767578125	1017.00634765625	124.64077758789062	0.0	712.9190063476562	766.0000610351562	0.0	0.0	131.0843963623047	160.37118530273438	37.770469665527344	0.0	108.11605834960938	150.58082580566406	23.58785057067871	0.0	110.4123764038086	126.32624816894531	0.0	0.0	25.610797882080078	3.1344211101531982	0.0	16.855968475341797	0.0	375.860107421875	201.08941650390625	15.02615737915039	0.0	390.624755859375	141.20053100585938	75.97225189208984	106.93977355957031	441.2615051269531	164.6442108154297	233.60455322265625	531.9400634765625	760.09228515625	250.20510864257812	85.98370361328125	6.636320114135742	135.28916931152344	30.397951126098633	33.34872055053711	99.12394714355469	160.3002471923828	55.56765365600586	79.73094940185547	145.941650390625	146.4732208251953	18.671066284179688	78.23567199707031	33.96940994262695	0.0	0.0	48.76655960083008	0.0	0.0	0.0	21.190826416015625	0.0	16.164112091064453	0.0	53.1981086730957	0.0	0.0	0.0	0.0	0.0	0.0	0.0	24.58033561706543	509.1872863769531	253.7850799560547	101.99842071533203	116.41648864746094	618.1759033203125	311.514404296875	123.725830078125	170.8623809814453	637.1339721679688	299.5781555175781	133.5539093017578	337.9499206542969	644.0712890625	288.8913879394531	181.419921875	0.0	116.94300079345703	133.63246154785156	98.06995391845703	0.0	57.210811614990234	0.0	25.27166748046875	0.0	9.423882484436035	8.377056121826172	4.716054439544678	275.2866516113281	376.10357666015625	219.7324676513672	52.109291076660156	399.397216796875	455.20941162109375	210.44960021972656	0.0	406.2471008300781	418.0395812988281	251.4107666015625	0.0	412.8050537109375	411.56646728515625	253.3505859375	0.0	329.1655578613281	306.2673645019531	74.49176788330078	0.0	18.634618759155273	0.0	198.9364776611328	17.947509765625	0.0	0.0	31.09873390197754	27.433629989624023	47.61931610107422	0.0	82.04032897949219	20.654035568237305	128.63807678222656	580.8102416992188	550.877197265625	59.045440673828125	73.36732482910156	294.4105224609375	137.36688232421875	203.4613494873047	43.813323974609375	127.55127716064453	0.0	95.829345703125	99.96659851074219	128.29110717773438	0.0	39.811302185058594	272.725341796875	338.3409423828125	0.0	32.79073715209961	0.0	0.0	202.44161987304688	159.77784729003906	0.0	73.28862762451172	206.68466186523438	9.809983253479004	0.0	0.0	175.8197784423828	16.29364585876465	82.11512756347656	518.6148681640625	554.9769897460938	198.19229125976562
63.72420883178711	1238.7308349609375	1255.719482421875	80.33931732177734	137.8559112548828	1318.70263671875	1182.76953125	27.056011199951172	392.20343017578125	1260.569091796875	668.6724243164062	90.79350280761719	584.4315795898438	1126.98291015625	143.72335815429688	87.91703796386719	4.279900074005127	0.0	0.0	0.0	0.0	0.0	0.0	2.888826847076416	7.994983673095703	21.47406768798828	0.0	17.21788787841797	3.2500569820404053	0.0	0.0	4.7899274826049805	7.97238826751709	211.06118774414062	412.4211730957031	180.4254913330078	0.0	164.39599609375	249.90789794921875	93.70901489257812	24.12413215637207	208.89846801757812	82.56599426269531	74.87519836425781	0.0	159.04928588867188	59.48562240600586	14.406147956848145	7.744248867034912	0.0	0.0	0.0	4.6697187423706055	0.0	0.0	7.808237552642822	0.0	0.0	0.0	13.376208305358887	0.0	0.0	7.173379898071289	29.87777328491211	33.156829833984375	193.47056579589844	203.22409057617188	127.0201187133789	53.45830154418945	226.32974243164062	226.4676055908203	86.7244873046875	46.28814697265625	260.83575439453125	230.12521362304688	20.77411460876465	210.93695068359375	388.1391296386719	160.1730194091797	13.22136402130127	0.0	0.0	915.7274780273438	280.2453918457031	3.5277438163757324	276.847900390625	1112.5064697265625	229.27243041992188	0.0	846.6213989257812	1137.296630859375	8.618226051330566	0.0	1042.575927734375	854.9593505859375	0.0	0.0	75.90325164794922	192.578857421875	43.502891540527344	0.0	113.55508422851562	162.217041015625	53.87645721435547	3.4898576736450195	153.3269805908203	77.27349090576172	4.574821949005127	0.0	129.34703063964844	27.441499710083008	0.0	18.856197357177734	0.0	365.8242492675781	325.935791015625	23.504596710205078	0.0	470.45306396484375	233.87139892578125	18.470966339111328	30.7210750579834	383.2525329589844	143.0427703857422	92.19522857666016	210.04067993164062	461.55426025390625	41.04834747314453	72.34597778320312	80.16395568847656	114.06841278076172	13.65645980834961	79.92965698242188	39.663063049316406	167.74095153808594	0.0	80.8480453491211	142.67108154296875	172.4696502685547	20.492523193359375	101.40744018554688	132.13330078125	123.4812240600586	37.14201354980469	94.93915557861328	0.0	0.0	0.0	61.33305358886719	0.0	0.0	0.0	91.69974517822266	0.0	0.0	33.103759765625	89.81676483154297	0.0	4.280362129211426	13.103525161743164	1.5085413455963135	512.663330078125	291.716552734375	96.17315673828125	15.027499198913574	688.0863037109375	352.0934753417969	111.59452819824219	3.4027161598205566	736.0230102539062	323.0003662109375	144.1384735107422	224.3421630859375	624.5814819335938	202.5792236328125	91.18817901611328	0.0	80.8291244506836	64.41877746582031	33.66121292114258	0.0	90.64358520507812	33.53352355957031	35.244659423828125	0.0	109.48229217529297	62.160064697265625	0.0	74.65922546386719	206.37161254882812	80.73351287841797	8.226510047912598	214.30125427246094	462.8608093261719	175.70501708984375	38.554195404052734	351.2449035644531	467.4410095214844	242.56362915039062	9.52714729309082	415.14434814453125	391.2566223144531	150.76541137695312	9.136435508728027	443.3233337402344	271.5839538574219	40.69208526611328	0.0	11.6544771194458	78.80461120605469	154.4796905517578	20.19972038269043	14.931421279907227	0.0	102.96582794189453	24.001628875732422	24.344022750854492	0.0	115.17140197753906	31.617765426635742	0.0	43.342464447021484	112.31181335449219	35.653568267822266	51.30084228515625	338.00970458984375	113.90006256103516	36.07942581176758	29.08048439025879	163.97047424316406	0.0	49.37461853027344	59.25658416748047	126.1705551147461	0.0	84.86056518554688	118.70870971679688	56.6663818359375	6.5597405433654785	30.239858627319336	0.0	0.0	137.63385009765625	132.3249053955078	0.0	0.4670727849006653	194.59107971191406	13.924606323242188	0.0	105.19886779785156	295.498779296875	17.755298614501953	0.0	328.6614990234375	415.64263916015625	2.614732503890991
1219.47119140625	835.6165771484375	961.635986328125	1392.22705078125	1269.5443115234375	102.93600463867188	788.431396484375	1314.898681640625	909.1303100585938	155.7223358154297	680.1410522460938	1385.569091796875	807.6708374023438	180.18707275390625	687.1177368164062	794.9920654296875	0.0	0.0	0.0	0.0	58.44271469116211	0.0	49.722312927246094	0.0	0.0	52.84792709350586	52.76030349731445	7.918373107910156	0.0	0.0	0.0	0.0	212.23727416992188	0.0	0.0	530.8580932617188	216.441162109375	190.16259765625	0.0	380.0190124511719	337.78509521484375	248.33058166503906	178.05535888671875	379.12628173828125	367.3218078613281	288.60076904296875	0.0	0.0	0.0	0.0	22.94724464416504	0.0	0.0	209.1488494873047	125.97649383544922	0.0	0.0	118.43406677246094	0.0	0.0	0.0	0.0	0.0	0.0	548.1649169921875	841.8072509765625	200.3052978515625	292.5536804199219	321.87353515625	0.0	382.7932434082031	221.808837890625	131.72866821289062	102.2055435180664	182.91920471191406	609.6761474609375	436.93731689453125	583.8258056640625	858.3928833007812	965.8980102539062	862.044921875	1244.0244140625	212.02444458007812	524.2339477539062	1248.87353515625	745.75	0.0	609.8692016601562	1016.546142578125	56.907005310058594	0.0	1134.3968505859375	423.4665832519531	71.68695831298828	164.87161254882812	790.4371337890625	45.81982421875	88.75727844238281	49.15195083618164	122.00835418701172	112.31678009033203	109.90151977539062	0.0	94.63704681396484	166.56289672851562	0.0	9.692401885986328	111.91537475585938	34.58885955810547	0.0	0.0	23.10972785949707	282.708984375	379.61395263671875	111.74279022216797	148.28182983398438	170.11355590820312	387.2219543457031	90.81465148925781	239.7674560546875	563.4512939453125	264.1714782714844	141.01515197753906	385.0132141113281	1111.015380859375	1023.5394897460938	760.8876953125	394.00628662109375	118.8487319946289	0.0	185.9306640625	78.73809051513672	87.9391098022461	174.71192932128906	277.0646057128906	179.30447387695312	124.74678802490234	129.22238159179688	204.893310546875	206.21511840820312	43.15762710571289	76.06625366210938	59.18429183959961	21.647476196289062	0.0	0.0	0.0	0.0	0.0	305.4755859375	290.00543212890625	0.0	0.0	128.51498413085938	65.49370574951172	0.0	0.0	0.0	0.0	0.0	346.8260803222656	439.7565002441406	526.7136840820312	423.3814392089844	663.5211181640625	425.1833801269531	625.3493041992188	563.0580444335938	625.1942138671875	358.59521484375	544.36279296875	887.0977783203125	417.4978942871094	481.5502014160156	633.6780395507812	898.01806640625	333.6416931152344	636.2168579101562	664.2152099609375	173.32887268066406	338.2074890136719	304.0485534667969	17.772724151611328	88.31578063964844	131.0323944091797	18.0261173248291	0.0	55.723323822021484	245.64840698242188	234.1934814453125	674.8358764648438	567.498779296875	349.1617126464844	162.0677032470703	0.0	60.25239181518555	394.75994873046875	0.0	195.18421936035156	148.7055206298828	245.0379180908203	0.0	289.1912841796875	178.11317443847656	103.73987579345703	0.0	251.02606201171875	0.0	103.18547058105469	210.5658721923828	734.367431640625	546.9088745117188	30.547990798950195	167.08331298828125	67.33033752441406	357.42669677734375	0.0	71.22396087646484	25.211395263671875	202.2930908203125	1314.0701904296875	838.0469360351562	342.4979553222656	251.09701538085938	246.01187133789062	425.7745666503906	1063.3330078125	883.1950073242188	117.05367279052734	245.72657775878906	462.083740234375	387.84613037109375	0.0	235.90216064453125	251.12835693359375	305.04876708984375	595.8263549804688	133.7234344482422	102.22615814208984	34.91646194458008	0.0	736.517578125	570.9854736328125	289.5463562011719	434.4558410644531	577.2591552734375	31.496440887451172	56.740882873535156	382.2782287597656	181.57814025878906	0.0	116.82588958740234	415.9898986816406	272.9056701660156	558.8919067382812	863.6503295898438
1008.6920776367188	687.5885620117188	767.1464233398438	1273.07666015625	1118.06689453125	489.8136901855469	1081.708251953125	1087.5689697265625	398.4338073730469	1327.418701171875	1142.387939453125	179.9510498046875	368.2864074707031	1279.26025390625	679.955810546875	190.88204956054688	19.66040802001953	35.63743209838867	25.12110710144043	47.985172271728516	0.0	0.0	0.0	105.03166961669922	0.0	0.0	0.0	0.0	15.307209014892578	0.0	0.0	7.19774055480957	360.3352355957031	337.665771484375	254.19354248046875	288.0362548828125	192.5363006591797	344.1185302734375	275.3475646972656	158.6067657470703	0.0	308.1579284667969	258.8332214355469	133.16416931152344	106.0881576538086	39.39937210083008	76.62774658203125	103.37516021728516	0.0	0.0	0.0	0.0	0.0	38.35773849487305	0.0	0.0	129.27857971191406	0.0	0.0	89.07546997070312	221.83900451660156	0.0	0.0	122.67369079589844	435.33551025390625	439.063720703125	148.90391540527344	444.0069274902344	815.05908203125	314.1212463378906	704.150634765625	621.2650146484375	156.9015655517578	254.6028289794922	381.28900146484375	0.0	253.33535766601562	667.1129150390625	595.894287109375	107.1839370727539	587.1666870117188	1049.845947265625	150.21066284179688	1190.0662841796875	882.7576904296875	602.9066162109375	394.53143310546875	1115.1890869140625	645.7357788085938	0.0	970.14794921875	675.8521728515625	0.0	608.7649536132812	954.4695434570312	0.0	73.74837493896484	81.38842010498047	22.76478385925293	131.0721435546875	20.30658721923828	61.67252731323242	0.0	110.63343811035156	70.20072937011719	26.850265502929688	75.92343139648438	85.98963165283203	1.6767481565475464	0.0	109.80809783935547	5.0509562492370605	165.32272338867188	363.22772216796875	263.739013671875	118.4641342163086	874.743408203125	1060.3204345703125	615.4865112304688	349.5755920410156	224.00746154785156	195.21044921875	316.0837707519531	337.9861145019531	354.6928405761719	423.2886962890625	510.89068603515625	244.6343536376953	101.60150146484375	42.18898010253906	133.368408203125	114.56873321533203	0.0	131.88893127441406	240.0817108154297	84.33543395996094	256.9177551269531	144.90553283691406	29.541471481323242	148.9016571044922	376.15655517578125	252.64491271972656	13.450124740600586	97.73786163330078	0.0	0.0	12.710168838500977	0.0	0.0	0.0	0.0	0.0	0.0	0.0	0.0	62.4774284362793	289.6447448730469	0.0	0.0	145.05618286132812	436.9316101074219	267.97198486328125	184.2973175048828	553.7953491210938	555.4677124023438	466.35919189453125	651.5338745117188	754.4782104492188	510.3594970703125	376.7128601074219	580.447021484375	410.6320495605469	423.6540832519531	583.8126220703125	502.3891906738281	306.8449401855469	110.23453521728516	203.36572265625	60.42434310913086	121.84695434570312	333.39453125	164.85545349121094	291.4700927734375	312.6536560058594	660.5928344726562	311.03607177734375	417.6997375488281	242.15615844726562	24.44353675842285	398.53668212890625	302.5755920410156	62.66281509399414	339.2840881347656	70.40676879882812	329.4095764160156	332.1452941894531	368.7522888183594	160.61026000976562	293.5678405761719	187.0243682861328	0.0	104.0404281616211	262.6971130371094	0.0	7.342761039733887	43.57205581665039	0.0	0.0	82.33576965332031	216.68638610839844	125.13420104980469	0.0	938.6075439453125	606.8926391601562	0.0	102.82518768310547	934.78955078125	1127.4144287109375	137.16969299316406	98.13885498046875	196.95896911621094	287.9731750488281	331.0104064941406	92.31144714355469	230.1169891357422	124.55613708496094	365.5601501464844	225.44158935546875	115.0320816040039	308.68768310546875	487.66290283203125	125.26432800292969	1015.6663208007812	1223.3817138671875	743.2454223632812	189.7205810546875	476.3840026855469	520.56640625	223.89761352539062	179.9142608642578	0.0	271.16998291015625	64.99027252197266	66.50648498535156	321.1219482421875	378.36859130859375	0.0	574.5048828125	840.8827514648438	440.4399108886719	469.5555419921875	678.2101440429688	148.2553253173828	208.325439453125	536.2780151367188	214.80368041992188
1052.26953125	728.40673828125	1141.8624267578125	1037.9423828125	1052.6221923828125	385.9705810546875	1656.0675048828125	1154.3353271484375	308.64300537109375	1276.85400390625	1403.6512451171875	170.8985137939453	431.49774169921875	1438.2020263671875	902.0790405273438	188.089111328125	38.21221923828125	0.0	0.0	3.636789321899414	0.0	0.0	105.82711029052734	6.257174015045166	0.0	0.0	79.21540069580078	0.0	37.96370315551758	0.3843507170677185	0.5462649464607239	0.0	317.7170104980469	285.744873046875	497.0353088378906	684.8018188476562	0.0	206.9015655517578	405.79217529296875	451.92083740234375	153.83197021484375	314.0898742675781	148.64739990234375	60.46102523803711	72.51968383789062	116.6953125	94.35287475585938	85.74339294433594	0.0	0.0	0.0	0.0	0.0	0.0	30.496994018554688	0.0	135.04837036132812	72.25206756591797	0.0	86.1337661743164	103.42499542236328	0.0	22.735279083251953	82.79376983642578	604.4175415039062	892.6957397460938	689.4522705078125	271.1353454589844	695.8829345703125	274.9631652832031	700.9885864257812	668.50048828125	0.0	266.12310791015625	582.5471801757812	200.81640625	116.25623321533203	476.96697998046875	410.6512756347656	28.294315338134766	455.9918212890625	1051.49609375	142.52963256835938	661.0465087890625	916.191162109375	915.2048950195312	735.5157470703125	1305.13818359375	350.07257080078125	0.0	1359.0694580078125	1087.0902099609375	0.0	858.121337890625	1332.25341796875	10.459208488464355	37.43841552734375	17.686845779418945	3.6441760063171387	47.89598083496094	25.037254333496094	89.57823944091797	89.22716522216797	94.81311798095703	83.7034683227539	13.017778396606445	91.18114471435547	63.08396530151367	15.532329559326172	44.35871124267578	98.15731811523438	13.291050910949707	376.4320983886719	827.1112060546875	789.4183959960938	567.2467651367188	325.0606689453125	355.3785400390625	115.24156951904297	363.5191650390625	123.68168640136719	136.3482666015625	286.26934814453125	456.35870361328125	137.61656188964844	69.48726654052734	461.631103515625	348.6493225097656	181.9447784423828	100.92829132080078	0.0	53.847599029541016	0.0	334.5719909667969	351.73486328125	123.9514389038086	278.7228698730469	277.9821472167969	211.589111328125	151.51046752929688	305.7048645019531	130.7439422607422	96.29500579833984	96.26240539550781	0.0	0.0	0.0	0.0	0.0	33.22277069091797	0.0	0.0	268.5899658203125	294.9591064453125	0.0	50.16064453125	239.1483917236328	0.0	0.0	96.68362426757812	268.0235595703125	296.50872802734375	277.97711181640625	371.15283203125	442.89874267578125	430.9398193359375	664.3998413085938	202.8644561767578	498.3485412597656	383.810791015625	728.1968383789062	269.63128662109375	203.16810607910156	660.6910400390625	626.2022094726562	268.5907897949219	102.04418182373047	562.9954833984375	428.3714294433594	90.28850555419922	506.61859130859375	539.2354125976562	178.53875732421875	224.7729034423828	450.22705078125	46.852725982666016	259.1941833496094	169.71929931640625	0.0	281.8901672363281	237.12603759765625	70.78150939941406	248.10595703125	55.42928695678711	0.0	82.7750473022461	327.4036560058594	84.87049865722656	195.23789978027344	0.0	0.0	388.9002685546875	295.11419677734375	0.0	311.6962585449219	443.16314697265625	53.460079193115234	25.949277877807617	231.96929931640625	826.1058959960938	965.7764892578125	483.65423583984375	150.16854858398438	229.2364044189453	350.1524658203125	574.02783203125	288.0762939453125	266.6087951660156	0.0	89.48178100585938	90.67101287841797	0.0	98.66097259521484	46.57042694091797	299.06512451171875	389.5929870605469	795.2293090820312	271.66021728515625	166.6479949951172	682.03125	1312.510986328125	825.62353515625	327.1036376953125	370.6790771484375	30.90646743774414	43.19661331176758	97.14412689208984	140.54205322265625	0.0	84.38616180419922	0.0	397.6102294921875	394.1015625	172.7576446533203	533.6040649414062	641.7540893554688	145.87843322753906	269.9861755371094	657.29345703125	252.0243377685547	356.0873107910156	541.6348266601562	39.736515045166016	10.464608192443848	524.7611694335938	376.32232666015625
599.167724609375	989.7845458984375	1214.3006591796875	423.6139831542969	397.138427734375	952.6674194335938	1003.9705810546875	346.91998291015625	255.58731079101562	510.7240905761719	1279.6766357421875	658.4378662109375	523.657470703125	395.6928405761719	1278.85546875	647.213623046875	0.0	0.0	0.0	0.0	0.0	0.0	0.0	0.0	27.523488998413086	4.956397533416748	0.0	51.22153091430664	0.0	0.0	0.0	0.0	0.0	261.6446533203125	703.1231689453125	625.817138671875	165.3518524169922	256.534912109375	60.53141784667969	133.12954711914062	68.37419128417969	158.6766815185547	727.5882568359375	699.5053100585938	305.7555847167969	261.62091064453125	0.0	103.73434448242188	176.2613525390625	195.9687957763672	0.0	0.0	115.57964324951172	39.163448333740234	0.0	68.91646575927734	190.57427978515625	179.41635131835938	0.0	0.0	0.0	0.0	0.0	0.0	461.8211669921875	203.119384765625	825.59765625	721.5820922851562	306.87591552734375	769.6072998046875	988.8150634765625	198.70603942871094	211.89549255371094	185.99514770507812	410.5472106933594	496.8871154785156	360.8238220214844	769.7174072265625	1067.951416015625	799.8763427734375	576.3526611328125	43.161346435546875	480.8342590332031	591.7691650390625	0.0	293.48858642578125	725.8025512695312	350.70965576171875	121.79439544677734	320.03851318359375	109.71248626708984	648.8600463867188	80.75799560546875	64.06426239013672	396.4121398925781	659.0023803710938	91.21403503417969	145.90609741210938	94.14462280273438	32.06222915649414	59.15095520019531	0.0	0.0	5.156744480133057	34.52729415893555	73.65843200683594	100.83197021484375	77.20179748535156	0.0	0.0	0.0	0.4407404363155365	73.99781036376953	36.087562561035156	473.25494384765625	708.642578125	520.945556640625	716.9581909179688	612.681640625	388.08721923828125	132.2391357421875	0.0	330.9935607910156	499.0188903808594	1002.1566162109375	1218.7862548828125	927.94775390625	497.567626953125	226.25741577148438	310.66046142578125	143.72715759277344	40.589195251464844	283.5153503417969	288.5452575683594	66.95523834228516	124.14688873291016	32.301509857177734	244.67465209960938	238.39083862304688	280.9239196777344	0.0	323.525390625	169.1753692626953	0.0	0.0	0.0	0.0	0.0	159.5888214111328	140.53439331054688	0.0	0.0	0.0	0.0	0.0	125.83100128173828	0.0	0.0	0.0	0.0	452.0222473144531	613.281494140625	486.00701904296875	310.9818115234375	345.5769348144531	570.3622436523438	713.1295166015625	423.6623840332031	601.6287841796875	776.5205078125	681.236083984375	504.3619689941406	476.9587097167969	788.7118530273438	792.2177124023438	220.80299377441406	631.1719970703125	627.9224243164062	207.96560668945312	222.44862365722656	26.01922035217285	306.2123107910156	537.9202880859375	507.8054504394531	387.64794921875	579.8251953125	167.52261352539062	0.0	263.4649658203125	340.8695373535156	555.9738159179688	428.6293029785156	9.091625213623047	0.0	0.0	0.0	0.0	95.32451629638672	63.26727294921875	0.0	206.48403930664062	0.0	0.0	0.0	67.33223724365234	0.0	0.0	0.0	215.53990173339844	1042.76513671875	1223.0416259765625	828.8961181640625	465.4951477050781	704.5536499023438	141.32041931152344	522.4905395507812	0.0	745.5347290039062	1052.8896484375	394.7044677734375	1329.5916748046875	1123.3548583984375	356.26947021484375	525.9155883789062	630.8856201171875	1340.9271240234375	1506.3619384765625	501.8612976074219	290.5963134765625	229.86058044433594	430.7513732910156	652.4264526367188	334.92474365234375	942.748046875	1253.45654296875	222.1054229736328	496.0845947265625	53.90130615234375	483.3378601074219	201.5473175048828	633.9588012695312	735.2478637695312	198.7071990966797	249.85592651367188	189.57469177246094	43.61880874633789	561.1542358398438	463.88861083984375	197.9468231201172	533.8778686523438	513.6445922851562	111.06884002685547	210.50494384765625	376.37310791015625	629.6594848632812	673.0971069335938
523.8929443359375	439.408935546875	1427.321533203125	883.6879272460938	556.8175659179688	737.82568359375	1510.2200927734375	686.6443481445312	986.565185546875	1282.5584716796875	578.5899658203125	269.7369079589844	1164.5970458984375	1167.7840576171875	153.9183807373047	213.83502197265625	0.0	0.0	0.0	6.636590003967285	0.0	52.28017807006836	11.862709045410156	0.0	0.0	0.0	0.0	0.0	22.588308334350586	0.0	0.0	24.211652755737305	74.8245849609375	18.219749450683594	537.4833374023438	592.320068359375	322.8849792480469	362.6950988769531	428.61016845703125	174.90382385253906	166.5863494873047	238.80894470214844	0.0	138.07186889648438	60.99372482299805	99.03463745117188	162.28392028808594	123.4590835571289	0.0	0.0	0.0	0.0	0.0	0.0	0.0	0.0	0.0	0.0	88.4251480102539	158.471923828125	0.0	0.0	192.7208709716797	120.5108871459961	191.0729522705078	524.0526733398438	259.9501953125	473.4009704589844	154.70542907714844	471.7968444824219	954.7861328125	640.2218017578125	188.42449951171875	601.8026123046875	611.0838012695312	64.8049545288086	566.7093505859375	522.0886840820312	95.19481658935547	111.64164733886719	178.04234313964844	534.0670776367188	131.12240600585938	821.672607421875	355.8080749511719	371.8887634277344	1043.2520751953125	1182.7174072265625	2.782965898513794	974.5822143554688	916.7078857421875	19.386272430419922	406.97576904296875	1055.5181884765625	117.13661193847656	0.0	30.185745239257812	45.29878616333008	63.70279312133789	117.59374237060547	53.39377975463867	62.635406494140625	136.62359619140625	105.06000518798828	28.53213119506836	23.9340877532959	56.21330642700195	0.0	75.70904541015625	85.95579528808594	149.36341857910156	0.0	149.58956909179688	236.40255737304688	252.58248901367188	400.8643493652344	353.7271728515625	707.6054077148438	528.6513671875	456.38623046875	236.37753295898438	546.04833984375	320.58453369140625	301.9894714355469	317.43426513671875	465.4038391113281	341.8838195800781	46.585506439208984	64.73695373535156	2.945289134979248	189.4420928955078	161.09503173828125	7.131378650665283	262.95367431640625	288.57586669921875	71.29275512695312	89.28275299072266	0.0	80.21299743652344	170.53318786621094	230.24356079101562	53.669578552246094	191.26585388183594	176.64927673339844	0.0	0.0	0.0	0.0	0.0	0.0	0.0	0.0	0.0	0.0	0.0	119.16462707519531	0.0	13.874083518981934	195.76217651367188	239.72055053710938	145.37657165527344	241.3640594482422	441.9449462890625	228.1256866455078	335.47686767578125	497.4963073730469	788.1963500976562	215.16180419921875	366.94482421875	533.3108520507812	676.8290405273438	336.26361083984375	624.51416015625	544.5654907226562	474.1605224609375	209.76361083984375	140.2791290283203	276.605712890625	176.6734161376953	76.0439224243164	167.45785522460938	144.29014587402344	365.7371826171875	361.77740478515625	128.09475708007812	504.8036804199219	522.4988403320312	271.1114807128906	154.30963134765625	317.78515625	188.36123657226562	29.179105758666992	196.67637634277344	104.29721069335938	59.844058990478516	100.95503997802734	246.3411102294922	219.26022338867188	204.26637268066406	0.0	138.12405395507812	348.4971923828125	0.0	0.0	229.4140625	103.05517578125	0.0	0.0	114.48453521728516	514.525146484375	786.6195678710938	326.89691162109375	342.6371765136719	208.5804901123047	67.48883056640625	319.82330322265625	804.1632080078125	332.65960693359375	163.09005737304688	184.8176727294922	0.0	220.87091064453125	115.90347290039062	123.74088287353516	170.8486328125	573.7144165039062	959.5999755859375	435.1357116699219	153.9498748779297	511.5123596191406	717.3732299804688	126.04226684570312	631.8818969726562	579.2171020507812	273.0182189941406	347.9611511230469	434.38555908203125	522.7457885742188	346.3265075683594	246.86001586914062	9.427882194519043	178.61843872070312	152.44049072265625	136.21173095703125	0.0	65.9266586303711	131.10552978515625	461.0706787109375	89.30524444580078	316.39093017578125	815.146728515625	782.2064208984375	0.0	411.1372375488281	533.55224609375	0.0
1063.66845703125	665.5696411132812	1411.6900634765625	1043.5068359375	1133.36669921875	568.0723266601562	1433.02392578125	755.4463500976562	684.838134765625	571.4405517578125	1103.040283203125	359.2237548828125	212.1768035888672	652.88525390625	1222.3515625	188.33709716796875	9.104806900024414	0.0	0.0	57.65137481689453	37.23912811279297	0.0	54.86593246459961	40.013492584228516	0.0	0.0	0.0	0.0	0.0	0.0	0.0	0.0	308.5289611816406	178.39720153808594	507.47674560546875	470.9645080566406	181.7082977294922	259.2132263183594	437.91015625	284.2772216796875	14.059805870056152	90.3329849243164	338.758056640625	210.6222686767578	102.1507339477539	0.0	358.1825256347656	230.2049102783203	0.0	0.0	0.0	0.0	0.0	0.0	0.0	0.0	0.0	0.0	0.0	0.0	195.71197509765625	98.90878295898438	0.0	0.0	628.4329223632812	817.7263793945312	450.06488037109375	322.0211486816406	413.2736511230469	726.7398681640625	852.623291015625	384.181884765625	272.96636962890625	485.37384033203125	146.84547424316406	107.61271667480469	0.0	265.2684631347656	309.2585754394531	322.7939453125	707.6219482421875	1144.1749267578125	0.0	959.7139892578125	1049.6680908203125	617.6815795898438	660.714599609375	1047.9801025390625	272.4683532714844	65.00267028808594	659.9878540039062	774.5003662109375	139.6372833251953	0.0	664.03857421875	586.976318359375	81.5439453125	20.081865310668945	13.808423042297363	120.78765869140625	45.0589599609375	100.0413818359375	70.89469146728516	166.45872497558594	20.30633544921875	0.0	141.2333526611328	26.445980072021484	31.17557716369629	16.715192794799805	180.0113525390625	1.6554266214370728	446.7020568847656	711.2899169921875	536.9326171875	380.1900634765625	789.30029296875	1078.50830078125	382.8723449707031	395.91351318359375	767.2286987304688	767.3889770507812	253.54507446289062	433.5522155761719	183.04489135742188	227.75982666015625	495.3820495605469	700.2275390625	185.897216796875	23.86503028869629	4.707876205444336	108.89320373535156	8.328438758850098	276.4508056640625	227.00714111328125	131.23072814941406	14.240447998046875	0.0	148.90904235839844	163.42068481445312	189.6278533935547	224.44496154785156	107.36756134033203	63.150245666503906	0.0	0.0	0.0	0.0	0.0	0.0	0.0	0.0	0.0	0.0	0.0	0.0	259.62982177734375	288.3936462402344	33.09703063964844	0.0	280.9642333984375	261.2649841308594	496.8810729980469	388.447998046875	538.1513671875	578.1334228515625	787.1165161132812	436.9367980957031	508.4026184082031	431.1933288574219	721.0787353515625	243.56771850585938	392.38470458984375	424.4998779296875	719.412109375	259.2765808105469	180.59046936035156	467.3348083496094	272.48223876953125	102.40725708007812	402.5549621582031	370.0755920410156	309.9763488769531	145.6702117919922	515.8280029296875	436.83148193359375	368.3688659667969	17.63292121887207	293.4163513183594	170.3620147705078	119.97044372558594	0.0	292.0971984863281	56.01849365234375	196.9888153076172	168.13050842285156	491.1584167480469	147.65733337402344	193.44334411621094	16.864295959472656	0.0	186.52468872070312	88.5736083984375	12.232414245605469	0.0	119.27042388916016	134.2144317626953	40.34492874145508	169.28231811523438	820.2333984375	553.0714721679688	156.7141571044922	306.5212097167969	246.6366729736328	116.65178680419922	71.78178405761719	905.8072509765625	641.78369140625	155.85809326171875	70.07959747314453	0.0	21.645902633666992	316.16033935546875	127.53938293457031	292.8004455566406	549.7555541992188	713.4091796875	159.07704162597656	125.95925903320312	926.9158935546875	1099.9227294921875	237.4527587890625	700.9993286132812	692.9345703125	619.7881469726562	72.37686157226562	606.8717041015625	817.6631469726562	595.9922485351562	134.7307891845703	0.0	347.9797668457031	311.4497985839844	210.4219970703125	265.95208740234375	440.6855163574219	30.192428588867188	297.66998291015625	699.7492065429688	436.1272277832031	436.4883728027344	381.07061767578125	304.1021423339844	102.07000732421875	97.9627456665039	148.1233673095703
896.3684692382812	672.2493286132812	713.3477172851562	763.5286254882812	1097.19580078125	100.5750732421875	652.8972778320312	1316.5029296875	450.1512756347656	296.7181701660156	502.328857421875	1099.54638671875	577.5588989257812	312.47467041015625	354.27606201171875	203.96376037597656	37.69332504272461	0.0	0.0	0.0	6.171996593475342	0.0	126.87068939208984	26.641653060913086	0.0	55.86215591430664	43.92076110839844	4.746228218078613	0.0	0.0	0.0	0.0	288.4034423828125	165.0452117919922	170.803466796875	585.2959594726562	118.71735382080078	288.6993408203125	87.95037841796875	599.4793701171875	374.119873046875	404.4801940917969	280.6564636230469	122.00860595703125	83.07405853271484	0.0	0.0	132.76687622070312	0.0	0.0	0.0	0.0	0.0	204.5137481689453	166.24234008789062	0.0	84.82682037353516	193.15724182128906	45.9435920715332	0.0	0.0	0.0	0.0	153.8634033203125	807.7947387695312	830.64599609375	516.2113647460938	180.92250061035156	640.7219848632812	0.0	333.3504638671875	314.300048828125	372.6708679199219	624.0662841796875	930.6459350585938	1079.7127685546875	384.13592529296875	517.051513671875	575.4518432617188	28.0330810546875	730.7992553710938	973.8831176757812	160.93963623046875	53.601226806640625	1162.6771240234375	516.10791015625	0.0	403.14337158203125	731.5142822265625	0.0	0.0	803.9351196289062	155.1155242919922	67.24537658691406	216.77664184570312	290.96453857421875	27.05022621154785	22.314756393432617	0.0	40.62168502807617	50.97258377075195	82.8008041381836	28.875375747680664	93.59207916259766	72.96900177001953	0.0	0.0	67.25286865234375	0.0	0.0	0.0	33.94707107543945	364.5998229980469	628.0361328125	680.1879272460938	567.5748901367188	245.96258544921875	214.13829040527344	40.16116714477539	189.45956420898438	1251.55078125	1085.2613525390625	968.96142578125	571.750732421875	822.8206787109375	890.7567138671875	699.0415649414062	162.01512145996094	186.89202880859375	8.661731719970703	0.0	0.0	0.0	234.687744140625	336.154052734375	239.4552459716797	131.34970092773438	197.28671264648438	359.2287902832031	298.2525939941406	0.0	0.0	0.0	184.33111572265625	0.0	0.0	0.0	0.0	0.0	174.48776245117188	303.220947265625	0.0	0.0	90.60446166992188	23.739133834838867	0.0	0.0	0.0	0.0	0.0	306.0053405761719	312.9483337402344	298.8728332519531	324.49176025390625	444.619140625	444.8617248535156	499.2022399902344	426.3092346191406	554.0379028320312	513.94775390625	574.7467651367188	807.260986328125	296.11090087890625	247.7314910888672	415.83099365234375	606.161376953125	149.4803466796875	704.8734130859375	593.4913330078125	150.0562744140625	447.1175842285156	529.4230346679688	174.8123321533203	148.61630249023438	229.0318603515625	0.0	111.52447509765625	431.4725341796875	559.5737915039062	685.1126098632812	740.6132202148438	677.2063598632812	292.35186767578125	103.0899658203125	0.0	78.85221862792969	318.0838623046875	0.0	0.0	0.0	60.14521789550781	0.0	113.7535171508789	42.692405700683594	0.0	0.0	0.0	0.0	129.46405029296875	880.3567504882812	1199.053466796875	983.2366333007812	66.55516052246094	58.86702346801758	418.7902526855469	1035.7020263671875	731.460693359375	467.5228271484375	352.9944763183594	168.26321411132812	1360.8355712890625	921.7763671875	513.4552001953125	219.8126983642578	356.9432067871094	514.4139404296875	1171.2366943359375	685.3604736328125	77.43295288085938	519.6859741210938	1165.4521484375	1190.6883544921875	156.13534545898438	339.6600646972656	238.5182647705078	309.7664489746094	1138.045654296875	1085.6549072265625	831.2296752929688	655.9602661132812	0.0	640.6577758789062	621.1487426757812	262.3865966796875	535.0872802734375	626.7355346679688	262.9007873535156	0.0	420.7703857421875	78.549560546875	0.0	374.74853515625	531.7306518554688	779.9896240234375	837.802734375	857.9046020507812
1313.6676025390625	1417.0001220703125	596.4862670898438	967.3502197265625	1423.7774658203125	807.4686279296875	552.6360473632812	1416.7261962890625	1454.9920654296875	374.6020202636719	1061.35546875	1294.6339111328125	1169.906005859375	609.9207763671875	840.5339965820312	357.5415344238281	0.8707882165908813	0.0	0.0	0.0	0.0	0.0	14.08130931854248	94.5511703491211	0.0	0.0	31.191295623779297	94.1189193725586	0.0	0.0	0.0	0.0	259.0477600097656	305.53759765625	37.391780853271484	595.0455322265625	138.00564575195312	83.31562042236328	137.84771728515625	498.765869140625	346.06036376953125	458.94195556640625	394.85906982421875	221.66294860839844	311.1212463378906	333.12176513671875	0.0	15.619415283203125	0.0	0.0	0.0	0.0	0.0	68.73664855957031	128.41574096679688	0.0	0.0	192.97512817382812	107.91226959228516	0.0	0.0	0.0	0.0	94.6248550415039	348.1379699707031	687.2417602539062	702.1079711914062	209.4556884765625	492.26171875	529.230712890625	129.29808044433594	374.43212890625	238.5406494140625	79.94664001464844	698.3936157226562	885.6934814453125	492.1576843261719	771.0582885742188	970.8778076171875	654.3222045898438	121.51620483398438	1168.1419677734375	804.9108276367188	23.650068283081055	1159.0631103515625	1313.0313720703125	137.36343383789062	805.0996704101562	1272.937744140625	799.6949462890625	290.4518127441406	1089.6983642578125	632.5084228515625	152.39398193359375	546.1231079101562	755.9468383789062	61.91206359863281	83.16876983642578	46.69953536987305	98.77384948730469	71.24725341796875	87.65727233886719	81.82859802246094	92.04454803466797	116.65483093261719	102.0661392211914	17.024038314819336	82.66287231445312	44.96735763549805	0.0	0.0	3.173860549926758	90.86863708496094	476.28955078125	703.6664428710938	492.9472351074219	121.94481658935547	392.7426452636719	230.5718994140625	156.28005981445312	328.7256164550781	532.2741088867188	486.4881591796875	535.4899291992188	1025.887939453125	1211.2176513671875	817.0805053710938	468.3785400390625	114.37200164794922	99.18144226074219	0.0	29.154462814331055	66.3270263671875	39.193363189697266	320.4354248046875	326.3876953125	172.7839813232422	344.3480224609375	347.729248046875	277.6008605957031	154.46005249023438	158.00125122070312	0.0	102.37014770507812	0.0	0.0	0.0	0.0	0.0	0.0	222.27798461914062	0.0	0.0	147.21087646484375	236.7767333984375	0.0	0.0	0.0	0.0	0.0	490.2275695800781	515.1658325195312	406.85986328125	313.2373962402344	638.6677856445312	627.2755737304688	559.8897094726562	699.780029296875	682.830810546875	476.2225341796875	614.47998046875	896.9444580078125	634.9168701171875	465.3335876464844	586.85888671875	680.9812622070312	64.57454681396484	437.8850402832031	558.3665161132812	248.5879669189453	306.5574645996094	478.56439208984375	370.7519226074219	60.81853103637695	279.92376708984375	77.38514709472656	76.68315887451172	304.48614501953125	213.736083984375	458.63800048828125	827.4614868164062	631.013916015625	447.8167724609375	346.5518798828125	0.0	44.351436614990234	516.7381591796875	153.0082550048828	70.77803039550781	28.959009170532227	470.2321472167969	0.0	278.90155029296875	97.05966186523438	159.3004608154297	89.7223892211914	149.48043823242188	0.0	22.91117286682129	298.4339904785156	1066.4736328125	962.976318359375	0.0	166.64276123046875	79.40576934814453	532.208251953125	0.0	161.345947265625	65.45738983154297	304.99578857421875	996.0432739257812	740.2479248046875	244.30923461914062	218.5893096923828	318.3038635253906	400.0505676269531	950.9140014648438	1091.4591064453125	158.88436889648438	78.05451202392578	815.6203002929688	1073.5799560546875	12.767495155334473	384.7745666503906	380.66290283203125	261.08355712890625	248.87586975097656	99.3346176147461	112.13906860351562	354.517822265625	0.0	389.52374267578125	562.75341796875	294.2110290527344	173.49002075195312	662.9800415039062	577.8186645507812	0.0	329.8708801269531	473.3039855957031	0.0	384.4928283691406	394.0920104980469	357.2168884277344	926.2466430664062	1025.4095458984375
1477.083251953125	1295.37060546875	1020.3035888671875	945.2858276367188	1469.6204833984375	1045.0911865234375	885.8369140625	1435.4940185546875	1420.8857421875	727.8759155273438	1160.5472412109375	1356.323974609375	1145.435546875	848.583984375	861.2758178710938	228.48822021484375	13.95046329498291	8.324225425720215	0.0	0.0	0.0	0.0	0.0	0.0	0.0	0.0	0.0	42.16770935058594	0.0	0.0	0.0	0.0	374.61614990234375	391.4143981933594	196.7373046875	421.84771728515625	161.5022430419922	0.0	125.829345703125	417.5892028808594	284.33758544921875	477.9278869628906	309.76141357421875	227.62799072265625	250.21609497070312	247.58828735351562	0.0	39.0820198059082	0.0	0.0	0.0	0.0	0.0	0.0	0.0	0.0	0.0	48.00564956665039	0.0	0.0	0.0	0.0	0.0	90.93165588378906	357.7131652832031	451.7491760253906	475.76922607421875	304.9631652832031	428.0730895996094	597.1353149414062	513.3892211914062	399.2312316894531	270.03399658203125	90.70833587646484	791.5570068359375	721.9017944335938	572.2359008789062	814.340087890625	850.70849609375	396.3124694824219	337.10595703125	927.6531982421875	608.4818115234375	340.77783203125	1032.2900390625	1035.252685546875	456.7747497558594	928.3410034179688	1150.0394287109375	742.6129760742188	510.3857421875	1030.734130859375	597.9743041992188	177.82667541503906	594.8272705078125	591.7293090820312	65.39540100097656	102.12450408935547	30.58782196044922	134.41943359375	68.29473114013672	42.87537384033203	75.38665771484375	116.30661010742188	99.57415008544922	96.00299835205078	73.52505493164062	55.62660598754883	8.240443229675293	0.0	0.0	2.9758050441741943	53.12516784667969	420.4714050292969	454.86944580078125	255.82882690429688	200.8667449951172	514.346435546875	231.3822784423828	236.59463500976562	377.3905029296875	494.4654846191406	499.4930114746094	520.1878662109375	994.5158081054688	1094.0238037109375	756.8591918945312	437.0390319824219	113.52572631835938	92.66834259033203	20.94548988342285	21.130447387695312	80.64078521728516	67.06209564208984	181.41990661621094	189.71536254882812	176.8362274169922	325.0927429199219	332.2822265625	228.48448181152344	83.23014068603516	79.1883544921875	0.0	109.60816955566406	0.0	0.0	0.0	0.0	0.0	0.0	0.0	0.0	0.0	0.0	0.0	0.0	0.0	0.0	0.0	0.0	400.3313293457031	420.2083740234375	458.9397277832031	377.17730712890625	627.0591430664062	618.4784545898438	694.3807983398438	662.342529296875	650.4354248046875	638.0191040039062	855.5888061523438	750.1722412109375	636.4766235351562	514.6197509765625	685.5564575195312	574.3162231445312	22.15394401550293	196.57025146484375	138.30026245117188	114.32771301269531	201.45437622070312	345.9302673339844	254.40838623046875	103.92832946777344	267.587646484375	229.5785369873047	164.6080322265625	293.4942321777344	302.748046875	495.8568115234375	707.8670043945312	490.9759826660156	541.3689575195312	440.2995300292969	280.47998046875	97.851318359375	560.1961669921875	303.3223876953125	135.0315704345703	97.05985260009766	428.7967834472656	65.34004974365234	210.29220581054688	0.0	185.51434326171875	75.8131332397461	63.667633056640625	0.0	87.5573959350586	23.794078826904297	281.7759094238281	326.25811767578125	0.0	62.08750534057617	350.40374755859375	340.38836669921875	0.0	129.99913024902344	0.0	260.5043640136719	914.6162719726562	762.2095336914062	343.0133972167969	221.27243041992188	219.703857421875	148.26869201660156	386.559326171875	392.87432861328125	184.71644592285156	107.42945098876953	578.3826293945312	616.1577758789062	0.9729756116867065	369.8643798828125	487.395751953125	314.0429382324219	333.926513671875	210.73341369628906	172.86048889160156	295.1325988769531	0.0	100.77882385253906	119.260498046875	95.5639877319336	163.84214782714844	465.4005126953125	354.2996520996094	179.83993530273438	415.0886535644531	437.2506103515625	114.43382263183594	418.45086669921875	447.74853515625	478.4413757324219	885.5057373046875	870.9739990234375
57.674922943115234	1176.771240234375	1183.498046875	76.4668960571289	95.9927978515625	1214.5391845703125	1193.5587158203125	17.51456069946289	134.04425048828125	1300.923583984375	1136.0093994140625	19.2668399810791	154.69749450683594	1244.2662353515625	929.69287109375	37.03746795654297	0.0	1.9059313535690308	0.0	7.798672199249268	0.0	3.2654895782470703	0.0	11.65396499633789	0.0	0.0	0.0	6.707221508026123	0.0	0.0	0.0	22.120769500732422	0.02287347801029682	233.07752990722656	413.337890625	179.30613708496094	0.0	187.41920471191406	303.64703369140625	136.69223022460938	0.0	200.9025421142578	287.3487854003906	105.48491668701172	0.0	132.02621459960938	192.20204162597656	60.314239501953125	2.5304267406463623	0.0	0.0	0.0	8.471141815185547	0.0	0.0	5.27156925201416	7.886250972747803	0.0	0.0	6.724626541137695	0.0	0.0	0.0	10.603012084960938	23.768360137939453	174.4994659423828	181.78192138671875	91.96576690673828	11.91884708404541	166.49253845214844	182.28033447265625	83.9340591430664	35.519935607910156	175.5865478515625	170.55499267578125	72.4124526977539	54.73971176147461	338.8312683105469	239.022216796875	102.38727569580078	0.7648757696151733	0.0	807.7014770507812	226.0521240234375	0.478740394115448	82.47174072265625	932.8414306640625	262.19586181640625	2.753596782684326	191.08116149902344	997.7283935546875	218.0917205810547	10.82466983795166	307.9137878417969	942.1578369140625	135.51507568359375	0.0	74.31373596191406	176.87644958496094	28.392112731933594	0.0	93.58943176269531	175.5897674560547	44.06966781616211	0.0	107.31819152832031	144.90353393554688	11.818197250366211	5.926455497741699	78.13997650146484	104.79297637939453	0.0	4.5444536209106445	0.0	330.1205139160156	269.4050598144531	19.34795379638672	0.0	413.1999206542969	238.04315185546875	20.45090675354004	0.0	430.4888916015625	215.70558166503906	55.992820739746094	128.5904998779297	479.76226806640625	208.41770935058594	55.645713806152344	68.9959945678711	81.70618438720703	7.270565032958984	45.791053771972656	50.487213134765625	168.07620239257812	15.460846900939941	51.77728271484375	46.648311614990234	173.46337890625	13.753974914550781	49.63835144042969	48.834014892578125	121.27338409423828	0.0	90.82498168945312	0.0	0.0	0.0	49.96192932128906	0.0	0.0	0.0	40.552486419677734	0.0	0.0	0.0	4.983349800109863	0.0	0.0	0.0	3.95246958732605	483.3125	199.1870880126953	79.85893249511719	1.764455795288086	688.4361572265625	320.7608642578125	100.6670150756836	11.044629096984863	682.8120727539062	310.156982421875	113.51557159423828	12.328618049621582	681.4283447265625	295.97430419921875	171.2471466064453	0.0	57.22734069824219	65.43132019042969	34.817588806152344	0.0	28.514482498168945	8.941370010375977	12.56885814666748	1.133272409439087	28.034666061401367	0.0	12.030555725097656	36.971824645996094	125.1059341430664	93.29115295410156	18.203147888183594	211.39894104003906	446.4623107910156	206.79493713378906	25.471372604370117	284.5096130371094	468.27813720703125	269.8762512207031	16.702653884887695	341.62579345703125	458.9714660644531	302.5898742675781	23.027713775634766	335.64752197265625	392.2646484375	244.14114379882812	0.0	4.059245586395264	161.7545166015625	163.9583282470703	0.0	7.428253650665283	0.0	81.0749740600586	4.515052318572998	7.269826889038086	0.0	72.32643127441406	11.040788650512695	20.88349151611328	112.04689025878906	174.08480834960938	23.133020401000977	38.539302825927734	360.30340576171875	83.5457763671875	66.79365539550781	8.904301643371582	198.56777954101562	0.0	57.960174560546875	17.76653289794922	110.5841064453125	0.0	17.75579833984375	32.145145416259766	149.0234832763672	0.0	13.055888175964355	0.0	0.0	95.36949157714844	107.79034423828125	0.0	0.0	124.91661071777344	9.129721641540527	0.0	0.0	171.921142578125	8.117067337036133	0.0	112.73799133300781	324.3537902832031	40.78114318847656
18.4979190826416	1125.995849609375	1239.2940673828125	216.82376098632812	236.81439208984375	1253.7969970703125	913.5320434570312	163.93357849121094	557.8685302734375	1149.7529296875	289.0934753417969	215.04905700683594	654.0083618164062	1036.803955078125	135.4302520751953	247.35113525390625	24.448001861572266	51.75876998901367	75.69364929199219	0.0	26.698204040527344	24.702579498291016	0.0	0.0	19.36880111694336	25.797529220581055	0.0	11.395556449890137	0.0	2.1743323802948	0.0	0.0	49.628143310546875	85.73506164550781	279.2745666503906	106.82394409179688	24.72227668762207	208.24200439453125	195.8483123779297	73.76966857910156	31.466705322265625	208.6367950439453	80.70606994628906	86.66475677490234	0.0	102.86327362060547	74.6607666015625	27.19205665588379	12.632208824157715	0.0	0.0	0.0	0.8033033609390259	0.0	0.0	48.77732467651367	0.0	0.0	0.0	26.085342407226562	0.0	0.0	3.2730958461761475	0.0	34.90693283081055	185.37026977539062	381.0542907714844	168.46307373046875	69.08316802978516	253.39927673339844	221.4989471435547	57.208499908447266	78.2792739868164	227.30447387695312	120.3405532836914	63.58648681640625	175.39927673339844	247.91226196289062	110.7963638305664	93.66182708740234	8.357109069824219	0.0	1097.30224609375	531.1965942382812	9.466203689575195	539.7689819335938	1149.2296142578125	93.53228759765625	0.0	1080.45361328125	1085.395751953125	0.0	0.0	954.1824340820312	418.4221496582031	60.8285026550293	4.028057098388672	39.69951248168945	149.42578125	37.2471923828125	0.0	92.82427978515625	142.00390625	11.785573959350586	0.0	144.14830017089844	59.50197219848633	1.0408024787902832	0.0	93.27477264404297	0.0	12.389171600341797	18.375829696655273	0.0	246.43792724609375	349.4022521972656	25.227237701416016	0.0	447.0779724121094	234.72030639648438	4.45054292678833	80.42281341552734	409.17333984375	71.49410247802734	75.70592498779297	331.53228759765625	394.5840759277344	34.75972366333008	81.15267181396484	134.2247772216797	113.44465637207031	29.631011962890625	122.51116943359375	10.598669052124023	145.8748779296875	59.30509948730469	104.38705444335938	140.65057373046875	144.22296142578125	75.2763442993164	85.691162109375	120.7305908203125	88.95075225830078	44.06127166748047	115.30830383300781	47.70167922973633	0.0	0.0	93.1761245727539	0.0	0.0	32.60600280761719	97.02741241455078	0.0	38.08448791503906	48.48069381713867	16.957002639770508	0.0	45.79459762573242	0.0	6.230319499969482	332.2515563964844	482.609130859375	141.8185272216797	10.015290260314941	658.2191772460938	495.9600524902344	228.6596221923828	88.7001724243164	625.1351928710938	231.9418487548828	163.2037353515625	415.6695861816406	632.7017822265625	217.9164581298828	100.53278350830078	0.0	71.06964874267578	160.45846557617188	108.47614288330078	0.0	174.3899383544922	91.92793273925781	59.46134567260742	0.0	174.77720642089844	43.635555267333984	0.0	153.35699462890625	167.57664489746094	3.4524338245391846	75.6500015258789	128.3443603515625	373.0001525878906	283.41845703125	36.36233139038086	338.1061706542969	473.5218200683594	105.11486053466797	60.91055679321289	452.8331604003906	346.1061706542969	87.20140075683594	27.846675872802734	417.62615966796875	239.744384765625	62.81904220581055	26.94013214111328	38.367774963378906	1.2988865375518799	102.85099792480469	174.45602416992188	26.10396385192871	0.0	45.87623596191406	14.052844047546387	16.18655776977539	0.0	87.78154754638672	79.35426330566406	0.0	8.883492469787598	51.27120590209961	96.33625793457031	69.39346313476562	220.4490203857422	226.32760620117188	192.76495361328125	69.72952270507812	123.49017333984375	0.0	125.85907745361328	97.44977569580078	105.01831817626953	0.0	95.20672607421875	126.00680541992188	0.0	57.72447204589844	98.23005676269531	0.0	0.0	209.7867431640625	288.9490051269531	0.0	7.469269752502441	355.6815185546875	159.10073852539062	0.0	168.8695068359375	363.4884948730469	0.0	0.0	372.6969909667969	357.7474670410156	52.62007141113281
1116.3026123046875	741.8963012695312	1173.673828125	755.7069702148438	691.258056640625	1170.0775146484375	1236.99609375	318.31396484375	1008.7439575195312	1063.6961669921875	456.8739013671875	438.8494567871094	750.0650634765625	146.84161376953125	664.029541015625	1247.6961669921875	0.0	0.0	0.0	0.0	0.0	0.0	45.36886978149414	0.0	0.0	0.0	0.0	0.0	0.0	0.0	18.42020606994629	18.68027687072754	204.8098907470703	69.36910247802734	420.1690673828125	527.7987060546875	346.8777160644531	578.6964721679688	240.51718139648438	110.88984680175781	442.6723327636719	202.16038513183594	292.83447265625	459.6499938964844	0.0	71.66680908203125	128.40887451171875	557.5274658203125	0.0	0.0	0.0	0.0	60.7515983581543	85.42802429199219	0.0	88.52862548828125	126.63562774658203	0.0	0.0	122.74192810058594	109.63179779052734	244.2223358154297	102.74108123779297	0.0	1006.102294921875	900.7606201171875	438.08160400390625	739.735595703125	531.115478515625	732.2888793945312	955.1485595703125	418.4832763671875	921.0995483398438	1024.828125	433.6203918457031	314.5931701660156	530.4080810546875	0.0	305.7168273925781	618.2957763671875	999.2974853515625	962.55029296875	214.6770782470703	748.6121215820312	724.6014404296875	123.70243835449219	862.6044921875	787.98193359375	460.7811584472656	852.1942138671875	568.084228515625	31.43540382385254	734.9049072265625	510.90533447265625	0.0	411.7377014160156	26.805429458618164	73.05191040039062	14.387263298034668	27.16527557373047	104.90816497802734	103.17765045166016	104.75980377197266	114.01739501953125	104.83560180664062	0.0	0.0	0.0	50.437808990478516	58.27689743041992	25.055524826049805	55.02127456665039	473.4416198730469	672.921875	505.7338562011719	547.5790405273438	187.94155883789062	429.75689697265625	253.2718048095703	216.22476196289062	754.6808471679688	819.2994995117188	845.4791870117188	519.071533203125	118.50652313232422	106.66399383544922	63.00210952758789	339.2303771972656	138.7047576904297	0.0	129.48060607910156	50.02334976196289	230.8630828857422	399.9649353027344	309.76519775390625	79.27728271484375	357.96923828125	126.50760650634766	14.814471244812012	89.95480346679688	0.0	325.9236145019531	300.9687194824219	25.589187622070312	0.0	0.0	0.0	0.0	0.0	0.0	0.0	0.0	2.829866886138916	0.0	0.0	0.0	0.0	67.19808197021484	200.114013671875	0.0	533.346923828125	325.9296569824219	469.7106628417969	288.5732421875	556.0017700195312	656.912353515625	720.7601928710938	335.962158203125	490.09161376953125	619.511474609375	633.9295654296875	549.9068603515625	443.4695739746094	565.7451171875	409.30059814453125	267.5708923339844	460.9150085449219	606.6143798828125	281.54949951171875	182.29653930664062	562.0960693359375	286.5948791503906	504.9005432128906	360.30938720703125	277.5753173828125	748.2030029296875	473.2255859375	58.76603698730469	730.8043823242188	737.7454223632812	284.93115234375	125.23035430908203	350.6494445800781	0.0	0.0	55.43709182739258	142.48944091796875	123.95040893554688	39.23604965209961	0.0	142.39024353027344	107.52869415283203	0.0	0.0	124.12012481689453	0.0	0.0	5.081237316131592	222.00830078125	925.8375244140625	918.5400390625	558.2362670898438	299.0747985839844	46.814483642578125	108.8340835571289	450.69000244140625	255.9154052734375	843.7864990234375	1131.9976806640625	388.5521240234375	38.99586486816406	129.5123748779297	1100.0875244140625	975.2725830078125	425.2618408203125	810.0077514648438	1149.5965576171875	533.9639282226562	545.33349609375	940.8419189453125	914.9046020507812	419.4051513671875	570.09130859375	327.459716796875	288.37158203125	225.0453643798828	467.24884033203125	726.0031127929688	1059.1572265625	1115.251708984375	172.57467651367188	547.9727172851562	313.0510559082031	172.54087829589844	628.137451171875	631.6156616210938	313.91424560546875	559.8472900390625	173.6576385498047	736.257080078125	752.1758422851562	358.56109619140625	694.580810546875	1038.1826171875	588.3812255859375	71.55712127685547
255.37338256835938	580.6778564453125	265.31011962890625	164.00540161132812	482.0377502441406	781.2735595703125	247.6652069091797	164.3489532470703	316.89825439453125	447.6719970703125	738.7417602539062	0.0	379.3199157714844	406.9143981933594	575.5990600585938	217.93991088867188	39.6803092956543	0.0	0.0	0.0	0.0	0.0	0.0	16.757022857666016	0.0	0.0	0.0	0.0	0.0	0.0	0.0	0.0	124.7796401977539	270.8389892578125	224.01473999023438	107.84203338623047	31.546247482299805	150.25514221191406	166.3812255859375	70.1595458984375	55.09907913208008	186.1173095703125	554.7633056640625	298.346923828125	115.14981842041016	0.0	0.0	108.00666046142578	0.0	17.313133239746094	0.0	0.0	0.0	0.0	109.1187973022461	100.84333038330078	0.0	13.08662223815918	0.0	98.84191131591797	0.0	0.0	25.594144821166992	47.02025604248047	28.953142166137695	337.8017272949219	515.2584228515625	587.84033203125	306.2124328613281	489.73492431640625	345.12640380859375	127.18782806396484	321.76068115234375	404.6573181152344	667.6343383789062	352.01763916015625	161.29742431640625	495.8634948730469	409.0426025390625	28.484554290771484	0.0	339.93597412109375	461.53515625	31.942691802978516	8.743823051452637	622.4215087890625	506.22808837890625	0.0	142.48629760742188	270.3718566894531	318.663330078125	237.7291717529297	108.42384338378906	46.95149612426758	261.2174072265625	2.065894603729248	6.4630279541015625	85.99592590332031	0.0	0.0	4.689754009246826	37.785587310791016	74.68868255615234	66.52542114257812	0.0	13.749335289001465	56.63105010986328	21.309871673583984	6.87631368637085	0.0	0.0	0.0	23.392353057861328	452.5002746582031	827.4993896484375	880.9874267578125	169.71827697753906	390.9386291503906	479.07440185546875	52.948760986328125	706.1254272460938	584.7666625976562	478.6022033691406	471.8446960449219	580.154296875	732.7301025390625	278.28399658203125	144.7529296875	84.71601104736328	143.38592529296875	112.95806121826172	8.794110298156738	88.4041519165039	0.0	84.21387481689453	127.50875854492188	0.0	123.04481506347656	197.83950805664062	193.1039581298828	0.0	26.049396514892578	115.15023040771484	78.75605010986328	90.00273132324219	0.0	0.0	0.0	50.133148193359375	0.0	0.0	0.0	0.0	0.0	170.77423095703125	201.5928955078125	0.0	0.0	0.0	13.995073318481445	36.06270217895508	194.72311401367188	287.04425048828125	348.998046875	311.4940185546875	340.98626708984375	453.4420166015625	364.59320068359375	590.5928955078125	634.6890258789062	443.7962341308594	258.79583740234375	333.8786315917969	427.3894348144531	403.1570739746094	125.6751480102539	0.0	19.830381393432617	280.5335388183594	319.41790771484375	69.74939727783203	289.74786376953125	579.2345581054688	540.7277221679688	315.21435546875	354.6797790527344	97.93485260009766	138.59140014648438	369.75628662109375	460.9195556640625	377.9677429199219	180.59580993652344	106.43339538574219	130.23434448242188	0.0	0.0	186.87451171875	191.11398315429688	0.0	0.0	235.90692138671875	0.0	0.0	0.0	0.0	0.0	0.0	0.0	138.32200622558594	296.1597595214844	846.3434448242188	799.45361328125	163.83558654785156	344.5907897949219	304.5453796386719	390.5902099609375	270.6063232421875	897.1597900390625	696.9469604492188	247.01950073242188	933.528076171875	425.06597900390625	317.03106689453125	216.97515869140625	118.54296112060547	170.69509887695312	191.99545288085938	61.58399200439453	311.300048828125	331.78509521484375	769.1455688476562	897.9990234375	191.91534423828125	634.0885620117188	697.9705200195312	0.0	731.6146240234375	506.5946960449219	224.1177520751953	198.63613891601562	0.0	0.0	219.19337463378906	398.55194091796875	0.0	161.06973266601562	589.412109375	670.5843505859375	191.39088439941406	373.4224548339844	263.8031921386719	98.02070617675781	431.7742919921875	493.140869140625	513.315185546875	318.61895751953125
370.468505859375	975.7396240234375	1390.219482421875	167.08660888671875	768.5602416992188	1033.1500244140625	1163.8983154296875	408.1461181640625	583.8936157226562	397.9161682128906	1197.971435546875	716.1439819335938	726.1096801757812	738.3970947265625	934.8125	479.31756591796875	32.95978927612305	0.0	14.377187728881836	0.0	0.0	0.0	0.0	0.0	0.0	0.0	0.0	26.912595748901367	0.0	0.0	0.0	0.0	5.961273193359375	282.8209228515625	727.0245971679688	445.74786376953125	308.8868408203125	230.26060485839844	0.4963114261627197	211.38742065429688	0.0	245.58250427246094	504.9114074707031	585.5873413085938	404.69244384765625	579.3268432617188	8.339729309082031	0.0	167.6009063720703	93.74280548095703	0.0	0.0	0.0	0.0	0.0	0.0	231.01931762695312	351.21673583984375	95.77183532714844	0.0	123.85083770751953	78.3335952758789	0.0	0.0	266.44525146484375	355.711181640625	610.7893676757812	357.29638671875	536.9229125976562	1002.9598388671875	952.6387939453125	203.16107177734375	369.6753845214844	151.2235107421875	603.2653198242188	773.9378051757812	393.8980407714844	968.3765869140625	1107.6728515625	624.5999145507812	120.38812255859375	175.40911865234375	710.5926513671875	657.7671508789062	0.0	468.7757263183594	685.52001953125	348.4825134277344	316.3956604003906	534.279296875	148.27178955078125	653.3536987304688	0.0	524.8499755859375	486.3825988769531	586.1392822265625	93.002685546875	96.49806213378906	134.26864624023438	33.77157211303711	46.96318054199219	43.81258773803711	36.19117736816406	0.0	55.14807891845703	68.56426239013672	58.1979866027832	46.992408752441406	89.58375549316406	58.83697509765625	0.0	0.0	14.813485145568848	0.0	445.1461181640625	530.4632568359375	619.38818359375	884.813232421875	720.1419677734375	486.9300537109375	0.0	56.04483413696289	192.28890991210938	346.0322570800781	653.704833984375	1034.59912109375	968.2694091796875	477.6372375488281	112.55347442626953	257.82781982421875	135.11094665527344	57.881534576416016	214.54457092285156	317.537109375	0.0	33.767486572265625	27.674161911010742	352.5792236328125	383.4065856933594	196.79000854492188	240.81683349609375	398.1747131347656	249.58824157714844	0.0	0.0	0.0	0.0	0.0	0.0	0.0	0.0	0.0	0.0	0.0	0.0	26.27546501159668	0.0	140.51272583007812	0.0	0.0	461.014892578125	532.5972900390625	514.0587768554688	222.69862365722656	456.5919189453125	648.4662475585938	694.7587890625	313.4540100097656	573.6649780273438	755.8330688476562	821.3935546875	392.9150085449219	537.7058715820312	582.6510009765625	694.4132690429688	284.6228332519531	379.5232238769531	415.7267761230469	136.36070251464844	121.95967864990234	98.92536163330078	451.5862731933594	376.3062744140625	235.9055938720703	597.7852783203125	800.6018676757812	299.92083740234375	46.78232955932617	0.0	318.49090576171875	664.1272583007812	411.097900390625	162.29270935058594	8.573521614074707	22.10430908203125	0.0	56.707401275634766	165.00857543945312	9.467249870300293	13.01357364654541	196.38587951660156	0.0	0.0	33.84360885620117	5.980602264404297	0.0	0.0	0.0	200.21722412109375	1004.426025390625	823.85498046875	333.38726806640625	680.4414672851562	649.1588745117188	444.8397521972656	259.013916015625	0.0	444.38739013671875	785.0396118164062	494.59332275390625	682.1683349609375	684.18701171875	227.1195526123047	432.9937438964844	648.985107421875	1310.361083984375	1269.616455078125	158.0911407470703	318.6347961425781	21.62664222717285	170.62770080566406	244.16885375976562	538.8744506835938	1132.9140625	1311.5772705078125	450.77569580078125	248.2969512939453	184.0456085205078	178.4893341064453	102.63971710205078	213.97598266601562	273.64788818359375	146.62576293945312	160.15545654296875	0.0	275.1654968261719	541.0047607421875	313.1785583496094	366.7441711425781	928.8541870117188	743.7588500976562	179.37863159179688	0.0	69.41703796386719	690.3201293945312	778.1271362304688
134.8212127685547	733.79833984375	993.7196655273438	697.9343872070312	359.9601135253906	740.7985229492188	718.9563598632812	851.8987426757812	723.5590209960938	457.1075439453125	811.2919311523438	1036.2901611328125	656.5991821289062	352.892822265625	479.27520751953125	609.983642578125	40.10393142700195	0.0	0.0	35.49238967895508	15.927302360534668	10.069381713867188	0.0	87.10472106933594	0.0	0.0	0.0	0.0	0.0	0.0	0.0	0.0	250.18836975097656	346.912353515625	388.1268005371094	301.0517578125	343.24725341796875	169.82476806640625	372.1239013671875	571.8932495117188	271.38031005859375	181.23143005371094	258.68548583984375	322.4486083984375	0.0	0.0	0.0	18.598493576049805	101.54060363769531	211.3399200439453	15.121477127075195	0.0	6.831151485443115	62.311275482177734	34.254737854003906	0.0	0.0	0.0	0.0	0.0	107.10275268554688	0.0	0.0	0.0	48.19450378417969	457.40740966796875	947.1707763671875	650.226806640625	428.3367919921875	402.4511413574219	163.15005493164062	284.4665832519531	410.8861389160156	270.7688903808594	507.75616455078125	491.77532958984375	247.31787109375	322.9925537109375	699.4473266601562	665.29296875	148.12753295898438	0.0	429.2954406738281	565.964111328125	162.64013671875	511.7650451660156	551.3241577148438	329.6520690917969	302.2860412597656	190.11688232421875	0.0	540.5418090820312	58.10871887207031	0.0	38.80739974975586	282.8319396972656	34.580970764160156	94.46751403808594	106.83836364746094	81.93719482421875	20.427518844604492	45.08925247192383	37.91050338745117	61.41716766357422	3.0661017894744873	8.53605842590332	0.0	0.0	35.1237907409668	76.63652038574219	0.0	5.995741367340088	168.7624053955078	828.8253173828125	793.7999267578125	377.92633056640625	530.9560546875	254.33160400390625	203.0072021484375	338.5140686035156	792.899169921875	781.4983520507812	825.5816650390625	391.3206481933594	345.89605712890625	610.1293334960938	528.8303833007812	262.9984436035156	202.9106903076172	273.2108154296875	307.4927673339844	42.262611389160156	138.6935577392578	70.52757263183594	188.0543670654297	164.0601806640625	0.0	79.41160583496094	223.94451904296875	56.019981384277344	119.92940521240234	0.0	0.0	0.0	63.56024169921875	113.96221160888672	0.0	0.0	0.0	0.0	0.0	0.0	0.0	0.0	0.0	0.0	0.0	0.0	0.0	0.0	301.5811462402344	428.1242370605469	568.7828369140625	280.6302795410156	400.6305847167969	646.3982543945312	669.74609375	429.1261291503906	359.0268859863281	593.5233154296875	623.821533203125	364.1881103515625	444.5148620605469	451.4726257324219	653.2728881835938	537.2413330078125	285.510009765625	246.8480224609375	308.8441162109375	350.451416015625	46.03350830078125	431.50665283203125	483.3768310546875	56.3710823059082	317.50140380859375	270.7962646484375	217.23809814453125	207.84230041503906	480.6144714355469	355.7881164550781	432.46783447265625	329.2624816894531	98.8913345336914	0.0	0.0	0.0	177.6781463623047	86.99024963378906	0.0	33.699012756347656	152.6356201171875	0.0	40.28378677368164	0.0	0.0	0.0	0.0	0.0	243.92654418945312	421.7386474609375	94.0298080444336	387.7839660644531	68.32112121582031	275.7275695800781	544.7811889648438	512.4876098632812	855.726318359375	612.4236450195312	488.2176208496094	430.0582275390625	736.968505859375	788.9977416992188	484.6924743652344	323.61663818359375	428.1629333496094	993.7808227539062	1154.480224609375	576.3582763671875	218.81109619140625	534.333984375	976.482666015625	648.27880859375	525.24267578125	134.66677856445312	386.9919128417969	347.39569091796875	1058.4041748046875	784.0582885742188	732.4495239257812	479.7407531738281	189.15628051757812	260.10198974609375	0.0	235.98362731933594	37.08782196044922	298.2626953125	505.4420166015625	545.0506591796875	310.8751220703125	416.0141296386719	241.1514434814453	244.23757934570312	453.0437316894531	351.6015930175781	447.58831787109375	501.3302917480469
660.9082641601562	551.6939697265625	1069.4412841796875	447.9115905761719	427.1889343261719	814.9569091796875	1380.556640625	313.4246520996094	221.31752014160156	1313.94384765625	1071.3721923828125	152.03160095214844	1061.7000732421875	1265.411376953125	180.95681762695312	187.4781036376953	0.0	0.0	0.0	0.0	0.0	0.0	56.307010650634766	0.0	15.09724235534668	0.0	83.2991714477539	0.0	45.359649658203125	55.71245193481445	0.0	10.1210298538208	224.72779846191406	214.75311279296875	339.6884765625	321.2770690917969	0.0	243.14248657226562	413.7462463378906	228.82057189941406	215.34739685058594	211.77896118164062	113.02774047851562	60.9610710144043	129.30947875976562	101.8637466430664	76.04389190673828	92.01102447509766	0.0	0.0	0.0	0.0	94.52788543701172	93.00642395019531	11.172871589660645	3.615571975708008	94.55745697021484	94.36572265625	0.0	68.75481414794922	0.0	0.0	87.23342895507812	61.916019439697266	545.0914916992188	915.1052856445312	750.3543090820312	196.1834259033203	253.91212463378906	8.721709251403809	599.2703857421875	433.3451232910156	32.72592544555664	450.12298583984375	619.3287353515625	106.90721893310547	346.5909729003906	658.4924926757812	157.30279541015625	41.33665466308594	150.81735229492188	606.4010620117188	135.03248596191406	576.3533325195312	344.8451232910156	423.3516845703125	1113.7022705078125	837.0615234375	0.0	598.0718994140625	1321.2286376953125	204.28768920898438	0.0	1176.0850830078125	991.8480834960938	20.28477668762207	16.987060546875	1.3737797737121582	30.06233787536621	4.220800399780273	67.12909698486328	65.81925964355469	151.7317657470703	58.94182205200195	58.63943099975586	24.613279342651367	78.48944091796875	0.0	13.89768123626709	87.54861450195312	118.29718017578125	0.0	587.6422729492188	905.3577270507812	732.4590454101562	497.487548828125	0.0	99.59497833251953	199.42572021484375	379.2845764160156	66.89503479003906	208.49330139160156	395.4293518066406	440.1086730957031	265.2688293457031	306.1988220214844	409.9437255859375	102.74966430664062	134.991455078125	64.66963958740234	0.0	46.656951904296875	41.68091583251953	254.43540954589844	272.44329833984375	134.1291961669922	215.72225952148438	299.19482421875	183.00839233398438	75.51142120361328	134.78077697753906	10.861139297485352	97.9837875366211	96.47869873046875	0.0	0.0	0.0	0.0	0.0	81.15737915039062	53.439125061035156	0.0	270.3014221191406	228.19683837890625	0.0	45.26287841796875	68.34849548339844	0.0	41.12823486328125	84.53959655761719	161.83958435058594	223.66802978515625	308.2904052734375	256.28411865234375	401.84674072265625	416.4222106933594	781.8056640625	131.52685546875	267.1507873535156	599.153564453125	709.315185546875	240.91432189941406	287.49554443359375	629.2174682617188	364.539794921875	215.17129516601562	214.43777465820312	462.8370361328125	431.2588195800781	151.5355987548828	512.0902709960938	527.9232177734375	196.40963745117188	160.97671508789062	56.148616790771484	225.84890747070312	207.80856323242188	145.02322387695312	24.993778228759766	277.81561279296875	195.2351837158203	6.620930194854736	89.0133285522461	4.776291847229004	0.0	32.35317611694336	148.42210388183594	150.57749938964844	55.79262924194336	0.0	147.94454956054688	380.796630859375	43.289485931396484	44.646949768066406	433.4049987792969	443.9104919433594	4.631465911865234	0.0	370.6392517089844	587.703857421875	654.0311279296875	293.28997802734375	0.0	11.334991455078125	162.9716796875	344.3695373535156	147.7687225341797	59.739009857177734	60.14524841308594	80.04524230957031	78.87323760986328	35.790584564208984	65.18341064453125	51.10679626464844	269.6607666015625	262.5225524902344	543.9586181640625	204.96133422851562	452.70245361328125	927.014892578125	1180.7247314453125	428.134765625	116.4794692993164	113.15576171875	0.0	76.50948333740234	165.49508666992188	134.86671447753906	87.32611846923828	108.51022338867188	46.98643112182617	368.5283508300781	396.69598388671875	280.2503356933594	328.206787109375	505.96966552734375	246.5656280517578	179.22769165039062	57.79560470581055	0.0	529.6796875	387.0179443359375	0.0	344.89202880859375	566.6797485351562	91.24244689941406
464.6538391113281	410.9408264160156	597.2916870117188	723.1192016601562	436.55767822265625	390.3017883300781	666.0146484375	646.4779663085938	128.2860107421875	220.65109252929688	724.33984375	617.8858032226562	149.39407348632812	224.6970977783203	147.59071350097656	221.81919860839844	0.0	0.0	33.46718978881836	17.453901290893555	0.0	0.0	0.0	36.107120513916016	0.5137234926223755	0.0	0.0	2.318556308746338	0.0	0.0	0.0	0.0	111.16991424560547	136.11399841308594	304.72198486328125	338.7577819824219	0.0	0.0	16.151330947875977	249.57974243164062	111.4571304321289	147.9574737548828	249.22891235351562	336.2760009765625	42.09358215332031	22.83693504333496	51.63542938232422	128.09263610839844	0.0	0.0	0.0	0.0	0.0	0.0	0.0	0.0	197.71340942382812	271.0393981933594	125.99067687988281	0.0	0.0	38.67686080932617	118.61943817138672	141.07115173339844	239.7486572265625	408.0129699707031	498.9775085449219	625.4240112304688	144.42344665527344	615.516357421875	749.2944946289062	342.2035827636719	377.9062805175781	479.0372314453125	863.3460693359375	588.9417114257812	149.16282653808594	201.65771484375	159.03665161132812	111.79288482666016	86.39859771728516	294.9130859375	45.54405975341797	419.4963073730469	174.8568878173828	310.34423828125	0.0	326.95611572265625	155.9742889404297	127.85527801513672	75.42745971679688	332.3892822265625	62.02406692504883	17.01971435546875	191.4776611328125	58.075096130371094	0.0	9.83468246459961	1.6945641040802002	0.0	1.1647456884384155	30.81332778930664	0.0	67.07268524169922	9.68510627746582	22.329545974731445	35.36809539794922	38.946372985839844	7.569697856903076	0.0	50.23624038696289	31.114208221435547	310.8365478515625	424.84857177734375	388.5279846191406	554.228515625	268.73248291015625	727.2225952148438	571.389892578125	316.7820739746094	932.3530883789062	972.956787109375	815.3630981445312	409.83135986328125	485.9372253417969	458.4109191894531	231.3153839111328	106.11735534667969	77.49932098388672	0.0	59.523590087890625	84.26284790039062	35.32307434082031	42.93922424316406	0.0	213.11203002929688	54.25425338745117	201.85377502441406	222.30799865722656	105.01808166503906	0.0	0.0	85.71441650390625	159.79345703125	0.0	0.0	0.0	0.0	0.0	0.0	0.0	0.0	0.0	0.0	0.0	59.9305419921875	0.0	0.0	0.0	120.49906921386719	127.7789306640625	196.44459533691406	292.0631103515625	285.0517272949219	349.5245666503906	336.4917297363281	497.9695739746094	533.5761108398438	531.46337890625	564.073486328125	635.0293579101562	455.8319396972656	193.6729736328125	194.66729736328125	456.9537353515625	216.88465881347656	171.10743713378906	246.35235595703125	122.97197723388672	218.7233428955078	218.3350067138672	468.64910888671875	446.3006286621094	428.83599853515625	234.22567749023438	307.47637939453125	316.29412841796875	363.8517761230469	405.2723083496094	426.62921142578125	504.0151672363281	311.1114196777344	144.8917236328125	0.0	23.324325561523438	20.161197662353516	106.03050231933594	0.0	66.44776153564453	0.0	21.471323013305664	0.0	0.0	0.0	0.0	0.0	0.0	0.0	264.58441162109375	399.18389892578125	433.25933837890625	482.3096923828125	151.35006713867188	431.1590576171875	540.58740234375	295.4154052734375	351.9571838378906	355.9057922363281	459.4841613769531	555.4598999023438	838.4570922851562	732.03173828125	195.0165557861328	137.24993896484375	311.4137268066406	469.36639404296875	474.2110595703125	294.4524841308594	470.1345520019531	556.6446533203125	556.5013427734375	400.2943420410156	325.7518615722656	833.818603515625	1077.4359130859375	558.2544555664062	854.9215087890625	822.865478515625	704.4031372070312	450.4449462890625	40.343360900878906	166.48130798339844	137.07269287109375	107.8031234741211	262.12542724609375	480.40106201171875	438.3991394042969	483.4809265136719	227.5581512451172	368.4427490234375	172.5375518798828	302.7331848144531	459.90264892578125	495.2569885253906	555.9447631835938	579.0205078125
1237.965087890625	1194.800048828125	345.6416015625	417.6219482421875	1295.0806884765625	666.7658081054688	564.8895874023438	708.4744262695312	328.0195617675781	475.1689758300781	1196.0072021484375	1143.025634765625	489.1637268066406	332.3497314453125	716.785888671875	511.1734619140625	34.883705139160156	0.0	0.0	78.81925201416016	0.0	0.0	0.0	113.01222229003906	0.0	76.19929504394531	24.84161376953125	0.0	0.0	0.0	0.0	0.0	244.43780517578125	233.657958984375	229.7509307861328	370.8968811035156	0.0	157.45309448242188	427.8541259765625	378.0154113769531	165.64251708984375	239.998779296875	290.73919677734375	571.0781860351562	380.56396484375	255.99330139160156	0.0	1.884243130683899	0.0	0.0	237.64971923828125	228.01841735839844	0.0	0.0	90.97293853759766	106.01789855957031	210.63092041015625	352.9902648925781	25.20096778869629	0.0	0.0	0.0	0.0	86.4376220703125	343.4921569824219	772.62353515625	559.6119384765625	204.5727081298828	571.6441650390625	508.2142639160156	607.6294555664062	629.4625854492188	125.98200225830078	191.71844482421875	832.5609130859375	1010.8999633789062	410.3673400878906	801.2398071289062	1193.143310546875	669.301513671875	0.0	1175.423583984375	990.0799560546875	22.03180694580078	609.3890380859375	890.49755859375	0.0	335.8057556152344	494.39544677734375	279.7494812011719	0.0	708.2271118164062	147.10284423828125	27.443767547607422	298.76947021484375	598.7429809570312	67.31875610351562	52.34090805053711	71.93618774414062	78.3094253540039	0.0	0.0	0.0	0.0	76.89238739013672	38.53970718383789	74.8891372680664	114.8796157836914	52.475624084472656	0.0	0.0	0.0	106.50254821777344	151.6502685546875	170.935302734375	2.3685383796691895	549.4241943359375	1268.1572265625	1255.3939208984375	652.5504760742188	361.5861511230469	312.4474182128906	314.4139709472656	386.97576904296875	1364.173583984375	1454.8070068359375	1120.260009765625	469.3492126464844	133.49136352539062	66.62716674804688	183.85391235351562	296.1201477050781	0.0	0.0	177.18295288085938	149.86090087890625	271.5366516113281	354.42474365234375	321.1410827636719	145.52210998535156	152.95533752441406	172.65875244140625	49.49722671508789	121.49373626708984	0.0	0.0	0.0	0.0	0.0	0.0	0.0	60.41810989379883	0.0	0.0	0.0	0.0	12.577215194702148	9.821142196655273	0.0	0.0	297.98577880859375	594.503173828125	743.3233642578125	611.1784057617188	564.1903076171875	659.715576171875	690.0908203125	603.932861328125	787.0972900390625	714.3380737304688	696.1292724609375	518.3080444335938	537.92431640625	574.4100952148438	717.326171875	514.1324462890625	2.6170196533203125	526.8158569335938	776.5592651367188	542.3121948242188	544.8615112304688	436.864013671875	114.32107543945312	176.08523559570312	615.1539306640625	524.7177124023438	342.3101806640625	250.62010192871094	381.9003601074219	557.5957641601562	772.8841552734375	596.877685546875	544.8825073242188	353.7873229980469	0.0	0.0	367.5556945800781	0.0	0.0	0.0	8.540960311889648	0.0	0.0	0.0	0.0	0.0	0.0	0.0	90.72404479980469	0.0	228.55430603027344	422.623779296875	701.3449096679688	1291.675537109375	1140.39111328125	419.04559326171875	15.440120697021484	607.3322143554688	737.3939208984375	556.9139404296875	1219.5626220703125	1048.3603515625	280.1217346191406	367.0611572265625	213.85751342773438	356.27825927734375	1001.8583984375	1002.8016967773438	339.8948974609375	193.38526916503906	199.21034240722656	124.06112670898438	706.6383056640625	1299.683837890625	1377.9324951171875	884.91357421875	545.3029174804688	157.65000915527344	8.5637845993042	330.201416015625	0.0	407.1170959472656	830.935791015625	875.5156860351562	424.61065673828125	797.7801513671875	298.1767578125	180.00286865234375	831.8113403320312	987.7604370117188	410.6817626953125	201.1333465576172	457.5167236328125	616.7240600585938	913.0078735351562	955.5357666015625
1169.9112548828125	1070.844482421875	325.465087890625	299.8559265136719	1092.43359375	201.45440673828125	269.8545837402344	127.74325561523438	641.3262939453125	688.5763549804688	740.789794921875	205.02183532714844	486.0552978515625	775.7256469726562	957.7122802734375	438.7456359863281	34.27278137207031	0.0	0.0	0.0	25.100378036499023	0.0	28.37233543395996	44.282901763916016	0.0	0.0	30.26505470275879	54.02503204345703	0.0	0.0	0.0	0.0	247.5277099609375	274.14129638671875	0.0	0.0	114.46458435058594	412.4643859863281	400.8091125488281	218.1476287841797	28.634260177612305	476.0800476074219	671.1976318359375	486.4945068359375	0.0	84.00870513916016	539.0717163085938	538.6321411132812	0.0	0.0	0.0	0.0	0.0	261.2699890136719	296.3482971191406	217.8032989501953	10.388635635375977	0.0	2.9536166191101074	39.005062103271484	131.3809814453125	0.0	0.0	0.0	549.818359375	869.1262817382812	784.2537841796875	540.8928833007812	589.8687744140625	162.91517639160156	236.36679077148438	168.91802978515625	250.90451049804688	190.23828125	232.53997802734375	220.0399932861328	195.14231872558594	525.5145263671875	658.065673828125	593.9074096679688	433.01458740234375	1177.4652099609375	387.8306884765625	123.98469543457031	928.7360229492188	972.00048828125	0.0	0.0	511.277099609375	0.0	75.4390640258789	211.3981170654297	0.0	0.0	231.66351318359375	357.4959716796875	56.00396728515625	52.1776008605957	0.0	7.987294673919678	39.342769622802734	121.23434448242188	60.8001708984375	58.39815902709961	23.998353958129883	0.0	37.50616455078125	0.0	47.45452880859375	0.0	0.0	12.5776948928833	255.860107421875	864.536865234375	999.0018310546875	683.0845947265625	895.1495971679688	1030.8673095703125	429.56561279296875	223.8024139404297	539.8212890625	811.3157348632812	671.1730346679688	427.847900390625	402.7580871582031	636.4813842773438	727.2221069335938	625.4610595703125	147.33702087402344	63.835086822509766	0.0	0.0	0.0	87.033935546875	191.23977661132812	219.97303771972656	54.25209045410156	0.0	52.911842346191406	95.5076675415039	293.3403625488281	191.4033966064453	0.0	0.0	0.0	0.0	0.0	0.0	0.0	0.0	172.79293823242188	253.44029235839844	0.0	6.990326404571533	28.174537658691406	0.0	185.60580444335938	0.0	0.0	0.0	407.4412536621094	430.8379211425781	305.77032470703125	336.5645751953125	695.5404663085938	719.81298828125	721.9888305664062	424.6186828613281	523.2431640625	456.98114013671875	498.2795104980469	291.0691833496094	466.0697326660156	463.9076843261719	407.1063537597656	295.2046813964844	193.10726928710938	685.430419921875	812.5975952148438	687.0690307617188	371.10845947265625	482.4974060058594	363.7867736816406	234.98370361328125	543.49072265625	296.6994934082031	51.433231353759766	25.652238845825195	130.10301208496094	221.0985565185547	267.46966552734375	244.78616333007812	360.1946716308594	137.01800537109375	0.0	0.0	493.30645751953125	0.0	0.0	0.0	0.0	0.0	21.444103240966797	3.4601876735687256	0.0	0.0	0.0	0.0	209.22569274902344	956.3308715820312	1013.2052612304688	684.3941040039062	461.6820373535156	196.2198486328125	117.63543701171875	131.9226837158203	1262.288330078125	1269.162109375	907.9254150390625	35.33955001831055	380.13873291015625	543.6888427734375	1015.3301391601562	725.62109375	385.6712646484375	594.9898071289062	1076.5120849609375	951.9181518554688	0.0	636.85400390625	1191.3193359375	1075.4068603515625	1019.8363037109375	1119.9398193359375	474.57177734375	115.84661865234375	667.7276000976562	1118.008544921875	1123.1290283203125	247.32032775878906	0.0	698.1232299804688	918.7191162109375	885.2631225585938	201.0453643798828	657.2562866210938	468.5606689453125	286.95257568359375	673.45703125	398.48297119140625	114.29826354980469	116.41297149658203	232.29750061035156	26.595245361328125	134.5254364013672	256.74603271484375
1005.6991577148438	657.5616455078125	1562.123291015625	1323.20654296875	425.83258056640625	716.7269287109375	1558.5211181640625	978.5419311523438	925.3451538085938	1073.3638916015625	994.7047729492188	231.07598876953125	820.9219360351562	662.2024536132812	658.3541870117188	747.1390991210938	0.0	0.0	0.0	48.39958190917969	0.0	0.0	83.86836242675781	11.69326114654541	0.0	0.0	0.0	0.0	0.0	0.0	0.0	0.0	0.0	0.0	437.9446716308594	642.700439453125	463.7796325683594	483.1712341308594	345.7422180175781	118.97201538085938	513.48828125	352.2800598144531	118.13787078857422	320.6968994140625	0.0	0.0	206.60621643066406	388.0631408691406	0.0	0.0	0.0	0.0	216.84072875976562	181.11534118652344	0.0	0.0	0.0	0.0	0.0	85.09323120117188	0.0	19.49793243408203	9.831232070922852	0.0	592.2125854492188	658.0709838867188	214.4023895263672	404.576171875	140.22801208496094	409.7635192871094	677.6221923828125	561.9613647460938	410.2570495605469	949.101806640625	625.5722045898438	195.60699462890625	620.2438354492188	752.9994506835938	298.0335998535156	435.4031066894531	383.1774597167969	689.6444091796875	0.0	860.6052856445312	261.66448974609375	148.81582641601562	940.4031372070312	1254.1475830078125	420.41552734375	311.8534851074219	956.8504638671875	479.127685546875	249.43231201171875	473.4737548828125	0.0	125.999267578125	36.082794189453125	99.33200073242188	117.89674377441406	122.80725860595703	67.74015045166016	71.4637451171875	53.83609390258789	74.80169677734375	114.15652465820312	0.0	45.72314453125	0.0	35.38071823120117	27.172035217285156	0.0	0.0	388.61322021484375	531.2794799804688	68.68990325927734	361.0648498535156	623.17431640625	618.8411865234375	182.86856079101562	460.90264892578125	630.02392578125	836.2145385742188	711.555908203125	700.4585571289062	662.3441772460938	446.301513671875	617.25927734375	811.5943603515625	0.0	128.79664611816406	296.8244934082031	156.10760498046875	285.5795593261719	330.09320068359375	329.2269592285156	196.72169494628906	164.06138610839844	166.3256378173828	0.0	69.71880340576172	0.0	77.30147552490234	155.2311553955078	37.05394744873047	0.0	0.0	0.0	0.0	3.7818431854248047	132.3224639892578	0.0	0.0	51.86745071411133	0.0	0.0	0.0	0.0	0.0	0.0	0.0	419.2430419921875	489.0071716308594	605.16748046875	230.31863403320312	699.355712890625	656.3497924804688	880.3930053710938	343.27203369140625	359.56585693359375	437.62335205078125	728.451171875	574.4157104492188	459.92156982421875	625.9605712890625	679.993896484375	451.7843322753906	592.4444580078125	599.3367309570312	348.1226806640625	74.7919921875	412.48370361328125	224.38671875	238.68504333496094	195.45916748046875	175.1555938720703	334.3092956542969	416.1383972167969	233.085693359375	674.4799194335938	725.5259399414062	467.8230285644531	257.7684631347656	181.46221923828125	0.0	104.31517028808594	16.68122100830078	7.139117240905762	133.2404022216797	255.7633514404297	18.941247940063477	226.56910705566406	361.2518005371094	317.3984069824219	94.26250457763672	73.62125396728516	37.17270278930664	0.0	0.0	325.8374938964844	344.56768798828125	639.2976684570312	420.73101806640625	57.17579650878906	196.1023406982422	0.0	253.6621551513672	759.5770874023438	524.2860717773438	520.3684692382812	57.30870819091797	586.1134643554688	652.5137939453125	1209.9927978515625	1415.9405517578125	459.2065124511719	549.4829711914062	992.06494140625	518.7294311523438	543.03515625	761.7748413085938	591.7048950195312	11.165891647338867	369.45196533203125	548.1409912109375	0.0	185.30517578125	512.739501953125	548.0969848632812	1173.2735595703125	948.102783203125	511.7648620605469	764.9607543945312	362.58282470703125	46.58191680908203	475.0155334472656	542.5206298828125	32.05195236206055	367.433837890625	29.17300796508789	115.9496841430664	568.1982421875	512.4869995117188	704.333984375	911.00341796875	740.3701171875	204.88558959960938
915.7285766601562	953.81494140625	857.9111938476562	1236.688232421875	1499.580810546875	726.8843383789062	1384.866943359375	1508.83056640625	1309.5185546875	923.7042846679688	1366.17236328125	918.6983032226562	935.5363159179688	862.461669921875	704.1038818359375	246.1962127685547	62.38725662231445	29.42108917236328	0.0	0.0	0.0	0.0	0.0	71.31145477294922	0.0	0.0	13.82086181640625	14.348310470581055	0.0	0.0	0.0	0.0	392.0449523925781	454.6298522949219	207.1664276123047	428.3168640136719	355.18756103515625	3.5303633213043213	379.404052734375	443.2123718261719	394.2201232910156	498.8307189941406	447.16229248046875	60.05388641357422	366.98687744140625	120.52147674560547	0.0	139.44198608398438	13.823688507080078	0.0	0.0	0.0	0.0	29.499507904052734	40.8516960144043	0.0	0.0	85.41789245605469	51.05413818359375	0.0	0.0	0.0	26.44010353088379	140.16506958007812	288.28802490234375	951.9345092773438	938.16357421875	512.0785522460938	681.0101318359375	827.2439575195312	233.3693389892578	693.5927734375	350.1880798339844	436.700927734375	948.3289184570312	715.1886596679688	624.562744140625	1078.1903076171875	965.6893920898438	6.6521501541137695	66.75027465820312	854.5594482421875	679.5307006835938	571.700927734375	1263.6343994140625	1077.3431396484375	154.4967498779297	1234.3880615234375	1264.2152099609375	389.67041015625	1017.2733154296875	1236.3795166015625	627.9533081054688	326.34490966796875	681.4857788085938	190.7748565673828	67.38008880615234	48.68701171875	3.417590379714966	123.23809051513672	48.326541900634766	88.7444839477539	89.68641662597656	160.03469848632812	110.68692779541016	134.486328125	6.701868057250977	46.877159118652344	43.7786979675293	0.0	0.0	0.0	407.0914611816406	679.6248779296875	776.5303344726562	580.3510131835938	396.3210144042969	448.4650573730469	92.62765502929688	373.87603759765625	516.07373046875	596.5048828125	493.196533203125	537.9803466796875	1321.1114501953125	1225.162353515625	569.032470703125	371.09234619140625	222.4132080078125	253.13467407226562	28.278852462768555	104.41141510009766	162.18893432617188	42.463966369628906	404.4528503417969	316.4727478027344	167.21995544433594	397.04754638671875	437.1786193847656	198.29608154296875	151.26605224609375	119.08312225341797	0.0	176.51522827148438	0.31941598653793335	0.0	0.0	0.0	0.0	0.0	0.0	0.0	0.0	85.87251281738281	35.01026153564453	0.0	0.0	0.0	0.0	101.75015258789062	274.12603759765625	347.7710876464844	467.5277099609375	539.2884521484375	433.2915344238281	565.0545654296875	831.281982421875	788.8726806640625	647.783935546875	515.7413330078125	843.095947265625	707.2132568359375	556.1272583007812	519.6531982421875	646.8151245117188	486.7559814453125	0.0	309.5413513183594	567.336669921875	337.9764404296875	443.90789794921875	727.6096801757812	611.2340698242188	134.29095458984375	396.0850524902344	219.80601501464844	426.32220458984375	421.4588317871094	275.6064453125	804.0380249023438	799.660888671875	363.1893615722656	245.62966918945312	223.20541381835938	231.6365203857422	77.785888671875	442.8612060546875	130.08619689941406	146.61415100097656	42.348289489746094	350.0000305175781	50.65639877319336	211.2731475830078	0.0	99.9986801147461	109.13427734375	0.0	0.0	155.9583282470703	272.9125671386719	472.07672119140625	489.7945556640625	0.0	35.957550048828125	110.75885772705078	154.25717163085938	7.4816765785217285	167.11192321777344	0.0	182.61239624023438	1130.5589599609375	433.9582824707031	246.23138427734375	155.9866180419922	303.16461181640625	372.82635498046875	378.15447998046875	508.8422546386719	250.32083129882812	468.6020812988281	841.6284790039062	880.4506225585938	89.04129791259766	553.56298828125	510.5821838378906	0.0	340.5997314453125	37.409908294677734	305.7458190917969	350.4170227050781	0.0	0.0	426.0967712402344	523.9202880859375	151.26348876953125	651.4932861328125	690.3449096679688	277.6925964355469	431.55609130859375	553.19091796875	127.56600189208984	615.1526489257812	531.2646484375	753.8502197265625	1035.2239990234375	874.6810913085938
589.772705078125	1084.505126953125	259.9775085449219	192.3930206298828	864.047119140625	988.916259765625	178.0359649658203	62.606658935546875	785.1473999023438	648.8604125976562	744.4892578125	100.94175720214844	361.85699462890625	745.5985107421875	734.31103515625	134.93032836914062	51.50385284423828	47.253395080566406	0.0	22.354076385498047	0.0	44.1450080871582	22.447710037231445	42.06621170043945	0.0	0.0	15.614471435546875	26.61318588256836	7.304686546325684	0.0	0.0	0.0	85.35902404785156	148.68936157226562	0.0	23.080326080322266	76.94940948486328	218.6411590576172	318.2441101074219	161.95887756347656	11.227229118347168	364.3636779785156	502.7746887207031	175.8771514892578	40.87494659423828	78.07778930664062	146.27947998046875	131.7389678955078	0.0	0.0	148.41368103027344	160.165771484375	0.0	0.0	151.57391357421875	95.56462860107422	0.0	0.0	0.0	0.0	131.98190307617188	0.0	0.0	0.0	86.7629165649414	520.884765625	457.48907470703125	75.21886444091797	197.2271270751953	224.60752868652344	122.75115203857422	140.7515869140625	220.0010528564453	268.395751953125	291.1463928222656	257.8388366699219	319.7314147949219	865.2128295898438	748.1422729492188	234.83950805664062	0.0	1069.94873046875	1045.4423828125	0.0	0.0	933.5513305664062	134.12547302246094	74.19722747802734	148.86680603027344	408.6258544921875	387.0022888183594	372.33905029296875	116.8129653930664	196.1602325439453	442.3038330078125	184.35861206054688	0.0	62.65074157714844	107.60770416259766	48.09419631958008	16.179630279541016	113.87621307373047	86.36444854736328	0.6424676775932312	27.844083786010742	59.91985321044922	0.0	0.0	60.08234405517578	0.0	31.096899032592773	0.0	0.268491268157959	95.80361938476562	237.77938842773438	0.0	46.35713577270508	368.9823913574219	284.2872314453125	126.33631896972656	269.6249084472656	861.3040771484375	614.1444702148438	452.2554931640625	659.910888671875	679.1564331054688	297.26800537109375	274.9073791503906	130.0004119873047	43.455936431884766	76.4051742553711	160.3773651123047	93.67009735107422	105.8768310546875	192.69854736328125	209.17213439941406	0.0	104.34361267089844	20.789512634277344	14.616752624511719	195.6392059326172	181.58033752441406	0.0	12.903864860534668	106.7462387084961	0.0	0.0	0.0	0.0	0.0	226.2178955078125	264.0921325683594	0.0	0.0	0.0	0.0	0.0	0.0	0.0	0.0	72.50496673583984	380.90679931640625	266.5081481933594	251.9357147216797	459.25775146484375	533.703857421875	405.35052490234375	239.01571655273438	521.272216796875	369.8441162109375	432.820556640625	201.8413543701172	552.564208984375	445.4219055175781	403.53948974609375	175.3561248779297	0.0	293.4810791015625	545.8564453125	490.452392578125	144.41622924804688	258.58782958984375	37.628719329833984	0.0	245.73069763183594	145.8184356689453	56.328826904296875	58.286231994628906	167.0950164794922	363.01080322265625	527.5357055664062	221.94215393066406	310.24322509765625	357.484619140625	0.0	0.0	390.9610595703125	237.37806701660156	0.0	0.0	306.7330322265625	117.31248474121094	43.471771240234375	0.0	142.77037048339844	10.986977577209473	0.0	0.0	67.32708740234375	0.0	248.86415100097656	440.76104736328125	0.0	48.35411071777344	106.68777465820312	88.85707092285156	394.5568542480469	862.342529296875	486.6590881347656	60.49701690673828	211.48805236816406	420.6266784667969	528.421630859375	241.55877685546875	162.29159545898438	235.33319091796875	494.36871337890625	783.7432250976562	89.4178237915039	0.0	161.0692596435547	142.1461639404297	319.5957946777344	301.50506591796875	169.25674438476562	53.45429229736328	451.5906677246094	993.6302490234375	789.0441284179688	338.9934997558594	0.0	69.41578674316406	571.910888671875	609.9010620117188	0.0	318.9129333496094	427.93499755859375	31.5615234375	229.6004638671875	320.4332275390625	104.87879180908203	93.63375854492188	191.52066040039062	241.56256103515625	453.6456298828125	383.29815673828125
846.3041381835938	1008.3662719726562	141.3080596923828	35.788822174072266	929.3951416015625	1027.256591796875	641.624267578125	209.65147399902344	897.5828247070312	1112.5067138671875	932.85693359375	873.33349609375	412.2074890136719	811.9818725585938	669.7135009765625	547.6400756835938	12.92454719543457	0.0	50.474143981933594	78.57752227783203	20.38636016845703	0.0	0.19174207746982574	63.23998260498047	0.0	0.0	0.0	51.061161041259766	0.0	0.0	0.0	0.0	123.81627655029297	295.1030578613281	285.207763671875	170.7772216796875	153.41262817382812	314.9605712890625	406.2955627441406	312.36273193359375	0.0	153.068603515625	302.40509033203125	587.9552001953125	0.0	0.0	0.0	16.959259033203125	0.0	0.0	14.048914909362793	0.0	0.0	0.0	0.0	0.0	0.0	0.0	0.0	0.0	55.42009353637695	0.0	0.0	2.0448155403137207	121.73291778564453	109.20563507080078	25.565603256225586	94.09571838378906	192.71229553222656	317.09381103515625	503.6551513671875	314.2997741699219	237.08934020996094	465.9391174316406	554.2694091796875	723.934326171875	208.3620147705078	265.3908386230469	771.6151123046875	425.60418701171875	0.0	757.2095947265625	252.75308227539062	167.75706481933594	0.0	671.1957397460938	327.5562744140625	174.63070678710938	0.0	681.1439819335938	506.99249267578125	518.3125610351562	63.53386306762695	233.8146209716797	230.0612030029297	492.2736511230469	18.42926788330078	179.58184814453125	69.48760223388672	11.777894973754883	42.66273880004883	154.30731201171875	13.807674407958984	45.61220169067383	0.0	52.16279220581055	32.29767990112305	88.81029510498047	5.9925360679626465	0.0	1.7757272720336914	0.0	0.0	285.5592041015625	196.5253448486328	27.32177734375	0.0	688.083251953125	614.4198608398438	463.5916442871094	143.7465362548828	576.586181640625	579.542724609375	298.3005676269531	35.643157958984375	714.110107421875	912.1947631835938	363.2441711425781	36.867706298828125	148.762939453125	43.65179443359375	56.102760314941406	29.01935577392578	205.4296875	59.818172454833984	0.0	50.567081451416016	23.7302188873291	97.3439712524414	101.18305969238281	64.3739013671875	33.126670837402344	0.0	56.378089904785156	0.0	0.0	0.0	0.0	0.0	13.72722053527832	0.0	0.0	0.0	0.0	0.0	0.0	0.0	0.0	0.0	0.0	540.2971801757812	342.395751953125	217.06216430664062	138.88247680664062	543.6680908203125	281.88067626953125	324.59967041015625	250.0509796142578	531.759521484375	557.242431640625	554.0001831054688	279.1646728515625	554.0975952148438	512.68017578125	657.5708618164062	265.4210205078125	83.24227142333984	50.7426872253418	22.3280086517334	0.0	0.0	0.0	112.74729919433594	143.20535278320312	136.4829559326172	204.25584411621094	228.07440185546875	115.40689849853516	246.37295532226562	483.0270690917969	568.1068725585938	297.9577331542969	405.7309265136719	256.844482421875	38.34343338012695	0.0	412.58587646484375	337.9362487792969	96.42127990722656	17.81658363342285	321.84466552734375	438.8590087890625	31.64375114440918	49.92058563232422	198.1124267578125	0.0	48.59566879272461	0.0	0.0	35.8986930847168	0.607548713684082	14.062856674194336	18.36689567565918	405.5445861816406	535.012939453125	58.73530960083008	319.82666015625	334.3460693359375	774.8362426757812	411.2257080078125	124.38026428222656	974.9718627929688	539.3950805664062	372.8304138183594	184.00779724121094	0.0	133.34844970703125	131.32638549804688	110.70833587646484	27.242156982421875	130.15406799316406	61.166038513183594	262.9537048339844	126.09093475341797	881.062744140625	555.3045043945312	304.5606384277344	619.2952880859375	493.23333740234375	102.67670440673828	0.0	147.41806030273438	21.1208553314209	31.6278076171875	0.0	17.21625328063965	0.0	182.64137268066406	0.0	191.8741455078125	224.3199005126953	201.74925231933594	277.6602478027344	607.6264038085938	665.3604736328125	742.8057861328125
287.734375	300.7691650390625	1400.91064453125	916.79443359375	66.74958038330078	634.0543212890625	1612.3846435546875	792.4118041992188	283.6109619140625	1278.7471923828125	1278.4775390625	199.52120971679688	1035.1343994140625	1215.951171875	185.5620574951172	212.20652770996094	0.0	0.0	0.0	18.42025375366211	0.0	0.0	68.25743865966797	0.0	39.059776306152344	0.0	0.0	0.0	42.26990509033203	0.0	0.0	0.0	0.0	0.0	491.3789978027344	550.1793823242188	84.6383056640625	133.86468505859375	366.8880920410156	215.68280029296875	140.823974609375	104.08257293701172	112.11808776855469	91.72518920898438	136.16310119628906	28.1370906829834	100.80596923828125	123.27519226074219	21.9063663482666	2.7398078441619873	0.0	0.0	122.9835433959961	41.14967346191406	0.0	0.0	30.34161949157715	0.0	0.0	62.78752517700195	0.0	0.0	131.1193389892578	84.1306381225586	262.2720031738281	215.2645263671875	226.74905395507812	397.31304931640625	0.0	104.54448699951172	620.1324462890625	473.0673522949219	16.955307006835938	551.3914794921875	636.8837890625	127.965087890625	512.9669799804688	752.9945678710938	252.77120971679688	53.01824951171875	158.698486328125	133.5055694580078	30.562685012817383	797.2858276367188	11.842830657958984	0.0	1183.1866455078125	1188.221923828125	0.0	494.45501708984375	1350.48291015625	623.3652954101562	79.5531234741211	1130.394287109375	944.1409912109375	15.30099105834961	11.603036880493164	19.70695686340332	113.7920913696289	125.9362564086914	31.974245071411133	51.92625427246094	141.4698944091797	117.50017547607422	30.19651222229004	15.986577987670898	90.84729766845703	41.82669448852539	23.512588500976562	40.2083740234375	84.98667907714844	0.0	184.71063232421875	232.74124145507812	181.73382568359375	371.3026428222656	106.7107162475586	58.56515884399414	230.6945037841797	428.1479187011719	19.937000274658203	201.0570831298828	378.2282409667969	454.4463806152344	337.7698669433594	262.48223876953125	394.0276184082031	160.30018615722656	0.0	79.49942016601562	111.08943939208984	137.67593383789062	93.4439697265625	262.2488708496094	202.1781768798828	101.99474334716797	162.5452423095703	197.6012420654297	112.00118255615234	74.94829559326172	151.86192321777344	0.0033337443601340055	130.15097045898438	137.82774353027344	0.0	0.0	0.0	0.0	245.25283813476562	297.67877197265625	0.0	0.0	143.9830780029297	0.0	0.0	37.79243850708008	10.260826110839844	0.0	55.624752044677734	130.64547729492188	114.83015441894531	196.45701599121094	385.8824768066406	177.66580200195312	216.1519775390625	266.81463623046875	653.4225463867188	178.66754150390625	49.896366119384766	527.9137573242188	701.0247192382812	319.7899475097656	284.9599304199219	639.62744140625	499.46893310546875	271.9817199707031	339.5937805175781	333.48028564453125	121.7973861694336	70.38646697998047	139.53839111328125	46.00831985473633	129.8389892578125	149.8605194091797	0.0	174.38409423828125	337.2008972167969	180.85316467285156	99.49246215820312	484.18701171875	374.24102783203125	5.610860347747803	0.0	53.72825622558594	112.55975341796875	126.73162841796875	0.0	288.1826477050781	307.9815368652344	58.77256393432617	189.45285034179688	446.5799865722656	312.423095703125	35.46902847290039	389.7839050292969	446.6183166503906	0.0	0.0	459.8524475097656	596.8118896484375	775.5325317382812	273.1435241699219	96.07613372802734	99.2186508178711	0.0	206.27349853515625	135.46292114257812	0.0	89.91361999511719	92.17252349853516	121.71216583251953	86.99662780761719	151.8839874267578	83.12716674804688	493.74652099609375	811.007568359375	998.216064453125	386.4554138183594	256.1968994140625	463.6151428222656	550.2398071289062	176.4720458984375	186.77194213867188	213.3552703857422	0.0	134.9928741455078	201.78392028808594	136.30035400390625	225.28099060058594	171.23924255371094	338.74993896484375	350.25262451171875	87.94923400878906	103.45048522949219	125.98705291748047	7.345793724060059	0.0	273.3657531738281	0.0	0.0	632.1807250976562	537.576171875	0.0	499.697998046875	758.7420043945312	265.8368835449219
886.3616943359375	837.3846435546875	631.2030029296875	820.9099731445312	1014.41357421875	1022.6340942382812	896.4586181640625	526.74560546875	1077.297119140625	1093.4161376953125	879.6998901367188	125.7594985961914	981.7574462890625	885.1907348632812	914.3828125	135.7738494873047	35.21489334106445	0.0	0.0	0.0	0.0	14.26603889465332	0.0	0.0	11.186653137207031	0.0	0.0	10.617857933044434	0.0	0.0	0.0	22.662019729614258	278.24310302734375	262.1454162597656	316.7919006347656	276.55450439453125	174.48989868164062	601.5697631835938	445.3512268066406	0.0	191.73057556152344	190.43783569335938	454.1966247558594	266.8240661621094	13.714856147766113	97.60506439208984	177.31057739257812	81.7943115234375	0.0	0.0	0.0	0.0	0.0	0.0	0.0	69.86531829833984	0.0	0.0	0.0	175.95614624023438	0.0	0.0	0.0	0.0	413.63873291015625	874.8538818359375	655.1332397460938	1002.6180419921875	288.8954162597656	447.8128967285156	766.8031616210938	845.8776245117188	652.0216064453125	786.846923828125	267.8289489746094	230.58900451660156	392.0491943359375	793.5104370117188	740.5614624023438	184.44972229003906	0.0	771.6292724609375	705.061279296875	518.0625610351562	142.84996032714844	566.5659790039062	734.0240478515625	669.7003784179688	711.658447265625	937.569091796875	533.0856323242188	148.62384033203125	818.7462158203125	426.427490234375	465.6360168457031	17.02959442138672	49.868839263916016	39.91958999633789	37.11259841918945	34.66682815551758	49.818504333496094	77.82235717773438	45.90026092529297	32.94650650024414	102.97562408447266	31.226037979125977	75.80459594726562	66.3728256225586	35.27946090698242	0.0	58.37925720214844	0.0	260.21551513671875	509.7552490234375	384.66302490234375	504.9383239746094	101.70134735107422	751.7006225585938	543.7384033203125	286.9595947265625	247.02200317382812	428.4348449707031	348.8688049316406	367.91644287109375	708.3514404296875	967.2677612304688	365.2782897949219	281.0768737792969	123.28756713867188	96.61530303955078	260.390869140625	277.4936828613281	6.455494403839111	196.61370849609375	271.67620849609375	81.68656158447266	232.90170288085938	121.94139099121094	144.3892059326172	197.9049530029297	123.65824127197266	174.86627197265625	95.42585754394531	31.579551696777344	0.0	0.0	0.0	0.0	0.0	0.0	0.0	0.0	0.0	0.0	0.0	150.13494873046875	0.0	0.0	19.37473487854004	15.108498573303223	228.5506591796875	365.03436279296875	546.2281494140625	519.7460327148438	511.90777587890625	569.655029296875	517.44384765625	524.6411743164062	719.6116333007812	471.10552978515625	544.3587646484375	349.87603759765625	623.4694213867188	813.6329345703125	492.8571472167969	232.929443359375	51.57602310180664	488.7745056152344	493.2325744628906	291.385986328125	255.07107543945312	303.2308044433594	512.3287353515625	609.4708251953125	150.1808624267578	466.70184326171875	443.7541809082031	41.72856903076172	301.6436767578125	244.12332153320312	361.5278625488281	87.89006805419922	378.5126953125	299.778076171875	0.0	0.0	330.3559875488281	177.382568359375	171.70635986328125	0.0	328.5992736816406	154.96829223632812	9.197629928588867	0.0	403.5631103515625	65.42350006103516	0.0	0.0	249.16497802734375	90.40000915527344	230.62193298339844	208.38131713867188	593.1237182617188	586.6568603515625	69.28273010253906	145.07545471191406	159.54649353027344	686.2579956054688	403.7460021972656	64.95796966552734	596.28662109375	140.3846435546875	510.4471435546875	138.747314453125	272.43634033203125	225.59751892089844	792.5535888671875	892.0863647460938	496.8268737792969	363.7265930175781	715.4180297851562	365.90924072265625	566.8443603515625	638.7998657226562	612.9843139648438	305.2917785644531	293.4454040527344	565.9598999023438	437.6051330566406	178.80853271484375	0.0	254.18544006347656	458.4613342285156	342.2481689453125	16.405315399169922	329.4643249511719	275.9112548828125	652.2425537109375	91.5844497680664	275.8224792480469	502.0511474609375	544.1098022460938	388.2295227050781	426.2241516113281	398.48638916015625	178.6807403564453
909.7275390625	1144.0518798828125	1229.3233642578125	1272.8441162109375	655.1842041015625	1287.13671875	1176.578125	1067.3741455078125	642.186279296875	1632.1278076171875	896.5236206054688	293.76513671875	1085.3524169921875	1368.512939453125	519.430908203125	92.24220275878906	0.0	0.0	0.0	15.472003936767578	0.0	0.0	0.0	0.0	8.024555206298828	24.721357345581055	0.0	0.0	0.0	0.0	0.0	32.58727264404297	77.23779296875	162.77565002441406	363.07659912109375	689.8798217773438	0.0	454.223876953125	328.2119140625	8.267541885375977	56.029335021972656	211.12637329101562	222.2291717529297	160.4827423095703	0.0	220.62808227539062	296.6734313964844	76.58003234863281	0.0	0.0	0.0	0.0	0.0	0.0	0.0	0.0	0.0	0.0	0.0	185.60678100585938	0.0	0.0	0.0	98.2044906616211	262.4302062988281	420.9762878417969	259.13714599609375	577.7899169921875	182.85455322265625	81.61860656738281	836.307373046875	912.2291259765625	90.49623107910156	429.7728576660156	510.9593200683594	158.58164978027344	352.9933166503906	532.329833984375	440.5923767089844	242.63766479492188	0.0	920.39697265625	400.99273681640625	656.0597534179688	0.0	256.069091796875	898.1539306640625	789.9144897460938	0.0	994.8921508789062	1098.895263671875	191.55877685546875	0.0	987.738525390625	686.7598266601562	0.0	0.0	152.72842407226562	94.24931335449219	70.19573974609375	0.0	158.6425323486328	55.59658432006836	30.884605407714844	38.771671295166016	111.80323028564453	115.1025161743164	46.08268356323242	0.0	16.386316299438477	44.49532699584961	0.0	65.15017700195312	127.86975860595703	167.5431671142578	460.9649658203125	15.65996265411377	456.2996826171875	739.69775390625	486.5181579589844	44.560874938964844	113.48165130615234	336.3268737792969	177.15606689453125	213.89935302734375	713.1357421875	674.5695190429688	296.7948303222656	69.18701171875	50.7706184387207	200.74859619140625	160.83714294433594	11.233746528625488	205.56597900390625	362.84716796875	48.72274398803711	155.23060607910156	251.48548889160156	90.7265396118164	210.75892639160156	52.46625900268555	44.52687454223633	70.5521240234375	93.0029296875	0.0	0.0	0.0	0.0	0.0	29.452316284179688	0.0	0.0	32.54590606689453	0.0	0.0	246.19187927246094	0.0	0.0	50.71744155883789	133.09222412109375	345.71539306640625	464.56805419921875	510.480224609375	334.2406005859375	556.1113891601562	522.4639892578125	773.2066650390625	341.8266906738281	522.2249755859375	687.667724609375	638.8953857421875	424.1325988769531	512.724609375	637.58251953125	401.61981201171875	228.06150817871094	65.83094024658203	399.35400390625	294.8204345703125	124.08253479003906	132.5384979248047	97.1461181640625	270.90673828125	484.0106506347656	0.0	189.37155151367188	425.3880310058594	329.7424621582031	196.55172729492188	220.7296142578125	92.33721160888672	63.51137161254883	336.5866394042969	347.6609802246094	5.765056133270264	22.41059684753418	313.9235534667969	288.0259704589844	298.2995300292969	0.0	348.0372619628906	477.89581298828125	221.24551391601562	0.0	433.18695068359375	453.91339111328125	0.0	0.0	47.86172866821289	202.69808959960938	1022.71826171875	767.8277587890625	163.4395294189453	589.3101196289062	0.0	655.6990966796875	75.49040222167969	0.0	0.0	74.0518569946289	173.37791442871094	430.52764892578125	422.2710266113281	54.71832275390625	280.2812194824219	278.453857421875	1451.024658203125	1082.457763671875	272.2325744628906	400.45587158203125	604.417236328125	529.7561645507812	211.06671142578125	414.19403076171875	250.80165100097656	451.4144287109375	300.41851806640625	74.60258483886719	0.0	14.507308006286621	0.0	311.5599365234375	263.42352294921875	235.61636352539062	11.23276424407959	157.70953369140625	169.8425750732422	590.85546875	0.0	55.01597595214844	490.7046203613281	747.9537353515625	0.0	415.23870849609375	401.2685546875	90.47779083251953
0.5367306470870972	774.6028442382812	991.1961669921875	61.16688537597656	68.12025451660156	1177.2012939453125	1019.1034545898438	37.836822509765625	252.760009765625	1241.115966796875	826.1509399414062	72.84546661376953	329.1414489746094	938.1143798828125	299.0317077636719	82.68216705322266	0.0	6.519162178039551	13.272713661193848	0.0	9.465261459350586	19.77896499633789	7.139709949493408	0.0	0.0	4.401639938354492	0.0	14.532296180725098	0.0	0.0	0.0	14.35329532623291	8.809401512145996	72.93484497070312	258.0350646972656	127.69268798828125	12.532584190368652	259.1491394042969	329.5567626953125	86.91802215576172	7.924604892730713	236.27728271484375	154.50509643554688	76.18463897705078	0.0	133.48866271972656	74.04522705078125	11.986446380615234	3.748871326446533	0.0	0.0	11.643712043762207	11.445404052734375	0.0	0.0	12.166110038757324	0.0	0.0	0.0	5.2415242195129395	0.0	0.0	0.0	16.149173736572266	0.11988391727209091	124.3861312866211	156.2657470703125	90.04491424560547	53.17918014526367	205.7598114013672	224.46771240234375	101.30659484863281	62.37540054321289	252.5950927734375	172.81040954589844	5.477607250213623	118.29120635986328	279.74676513671875	178.49114990234375	62.347530364990234	3.565018653869629	0.0	809.7826538085938	304.8974304199219	0.6801878213882446	102.86213684082031	1015.8496704101562	256.9963684082031	6.6258320808410645	525.185791015625	1111.9195556640625	76.9715347290039	0.0	592.3451538085938	776.57080078125	0.0	0.07977041602134705	7.407249927520752	183.603271484375	32.67925262451172	0.0	88.63639831542969	167.23141479492188	43.1718864440918	0.0	138.88865661621094	113.50566864013672	17.3606014251709	0.0	114.1048812866211	4.495635509490967	0.0	20.365617752075195	0.0	262.4708251953125	248.81698608398438	26.409543991088867	0.0	399.7272644042969	248.35948181152344	26.387815475463867	0.0	392.31072998046875	153.3488311767578	78.47425079345703	197.07994079589844	463.2722473144531	72.5493392944336	37.17327117919922	83.81590270996094	140.3180694580078	41.0616340637207	105.05271911621094	59.2551155090332	167.031494140625	21.079853057861328	106.5908203125	29.361291885375977	155.2878875732422	41.376346588134766	50.668800354003906	52.96328353881836	122.36386108398438	16.94204330444336	56.737205505371094	29.798267364501953	0.0	0.0	100.17902374267578	0.0	0.0	10.255243301391602	53.27682113647461	0.0	0.0	2.294240951538086	36.18842315673828	0.0	0.0	0.0	6.56211519241333	402.32489013671875	390.36175537109375	115.58486938476562	0.0	553.6475830078125	381.2453308105469	119.77666473388672	5.931388854980469	618.9988403320312	265.33453369140625	126.53343200683594	84.93109893798828	569.4237670898438	258.28692626953125	137.9055938720703	0.06391964852809906	70.04102325439453	106.093017578125	25.208066940307617	0.0	41.08665084838867	2.715498447418213	21.72469139099121	0.0	115.0852279663086	50.62675857543945	3.851090431213379	77.29508209228516	210.1215057373047	97.98180389404297	17.304609298706055	67.64293670654297	370.9043273925781	193.93511962890625	48.35539245605469	228.5870819091797	424.01416015625	196.87217712402344	38.52582550048828	389.3921203613281	442.3489685058594	201.4067840576172	24.397380828857422	396.1387939453125	231.62689208984375	126.09542083740234	4.351397514343262	11.696714401245117	0.0	20.62082862854004	25.663232803344727	15.40555191040039	0.0	85.84520721435547	13.48728084564209	25.14977264404297	0.0	79.2735824584961	15.830611228942871	17.979162216186523	268.0114440917969	260.86224365234375	24.525283813476562	34.777000427246094	177.56365966796875	120.27778625488281	67.15143585205078	50.84693145751953	146.27549743652344	0.0	12.635607719421387	32.931663513183594	99.54784393310547	0.0	44.314483642578125	100.38377380371094	194.05917358398438	0.0	14.646659851074219	0.0	0.0	173.91403198242188	160.28456115722656	0.0	0.0	158.5193328857422	45.96893310546875	0.0	77.8384780883789	278.82354736328125	9.13133716583252	0.0	288.7167663574219	408.8795471191406	33.95579528808594
0.5367306470870972	454.9315185546875	1230.073974609375	796.4285278320312	120.8857650756836	1284.212890625	1305.794189453125	201.62359619140625	901.7215576171875	1288.6385498046875	377.03143310546875	204.0989990234375	1129.065673828125	898.5890502929688	190.9323272705078	108.25164794921875	0.0	50.5588493347168	77.93531036376953	12.18748664855957	60.260929107666016	46.098819732666016	44.977394104003906	0.0	46.61309051513672	28.978191375732422	0.0	0.0	0.0	0.0	0.0	10.601153373718262	3.9230897426605225	95.77314758300781	266.4254150390625	180.09593200683594	108.02777862548828	98.2834701538086	159.0387725830078	92.3014144897461	111.96469116210938	129.79156494140625	60.84114074707031	94.77520751953125	0.0	0.0	88.40225219726562	24.677631378173828	10.979764938354492	0.0	0.0	0.0	17.680217742919922	0.0	0.0	71.68816375732422	0.0	0.0	108.9250259399414	90.58423614501953	0.0	0.0	89.322265625	26.935869216918945	0.11988391727209091	37.45890808105469	571.4769897460938	501.2892761230469	27.23293113708496	329.72943115234375	527.3941040039062	73.15061950683594	146.84190368652344	530.6557006835938	318.6199035644531	45.155792236328125	480.4255065917969	607.9659423828125	31.810264587402344	39.50177764892578	2.860805034637451	1.641412377357483	860.5070190429688	1138.2255859375	5.5958476066589355	216.9719696044922	1302.7845458984375	734.3447875976562	0.0	1303.0142822265625	1255.0008544921875	24.764549255371094	429.0715637207031	1001.556396484375	105.46229553222656	6.885812282562256	0.07977041602134705	11.19709587097168	66.59809112548828	114.5000991821289	10.864638328552246	25.284109115600586	117.9847183227539	86.01663208007812	19.305654525756836	55.73696517944336	103.5645523071289	0.0	0.0	79.8972396850586	19.964340209960938	0.0	14.657506942749023	12.024755477905273	97.30679321289062	349.64532470703125	10.793548583984375	69.37377166748047	286.54754638671875	380.8642578125	91.54981994628906	186.54673767089844	393.589599609375	193.91078186035156	218.52252197265625	372.6236267089844	401.5498352050781	17.687467575073242	8.751228332519531	142.91453552246094	82.49178314208984	72.21749114990234	130.9795379638672	146.22061157226562	43.36610412597656	101.13162994384766	151.33609008789062	38.789127349853516	96.91093444824219	105.90582275390625	77.82778930664062	27.07341194152832	114.37234497070312	92.73312377929688	37.45669174194336	97.53644561767578	0.0	0.0	103.4410400390625	0.0	0.0	70.18563079833984	87.61936950683594	0.0	0.0	102.81368255615234	0.0	0.0	100.86727905273438	81.28594207763672	1.778052568435669	12.247075080871582	571.5678100585938	257.9673767089844	17.612442016601562	407.3405456542969	614.769287109375	285.8337097167969	130.6205596923828	599.42626953125	507.523193359375	254.75479125976562	489.1338195800781	587.9066772460938	315.3333435058594	110.4986801147461	0.06391964852809906	0.0	182.1668243408203	169.56561279296875	0.0	131.09559631347656	279.9390869140625	180.37149047851562	0.0	288.37310791015625	235.63917541503906	39.17064666748047	406.2104187011719	403.26751708984375	143.07730102539062	15.624279022216797	32.181488037109375	288.00006103515625	442.0466613769531	59.65816116333008	172.71229553222656	468.2514953613281	400.6977233886719	35.35913848876953	391.5161437988281	432.6755065917969	4.6516523361206055	0.0	423.6220397949219	125.17926025390625	0.0	0.0	16.28946304321289	90.83631896972656	0.0	174.3922576904297	77.77684020996094	51.77594757080078	74.2979965209961	52.364990234375	101.98969268798828	0.0	85.30670928955078	52.68642044067383	0.0	121.00509643554688	90.92591094970703	47.020076751708984	20.589675903320312	150.84637451171875	251.33078002929688	92.3890609741211	142.76710510253906	170.31546020507812	73.43389892578125	99.88447570800781	184.08140563964844	133.66131591796875	0.0	102.71044158935547	175.53892517089844	0.0	98.18297576904297	76.57357788085938	0.0	0.0	0.0	404.77069091796875	0.0	0.0	476.149658203125	526.3743286132812	0.0	171.05397033691406	573.87451171875	268.9624938964844	156.2729949951172	710.5390625	574.8148803710938	0.0
1408.4219970703125	1112.3040771484375	175.59909057617188	320.2427673339844	1147.3485107421875	568.5863647460938	549.494384765625	752.1768798828125	471.0638122558594	279.77923583984375	1483.2481689453125	1528.361083984375	347.4486999511719	324.7762145996094	1165.1226806640625	994.2628173828125	0.0	0.0	0.0	95.53665924072266	0.0	0.0	0.0	59.78667068481445	0.0	57.244686126708984	84.0730209350586	59.26234436035156	0.0	0.0	0.0	0.0	216.58148193359375	123.18590545654297	334.2957458496094	384.302490234375	136.2582550048828	379.5672607421875	386.8329772949219	458.9520263671875	39.2041130065918	255.46717834472656	399.48492431640625	665.2138061523438	345.6561279296875	310.414794921875	0.0	0.0	0.0	97.57088470458984	296.26861572265625	186.52120971679688	0.0	0.0	11.965394973754883	18.142627716064453	236.6124725341797	295.95068359375	0.0	0.0	0.0	21.54872703552246	0.0	0.0	326.0118713378906	473.70611572265625	66.94859313964844	264.55902099609375	459.3158264160156	517.2122192382812	651.5057983398438	480.17864990234375	216.77427673339844	72.2435531616211	471.0713806152344	577.18994140625	304.480224609375	618.1605224609375	1059.826904296875	867.1021118164062	475.3929138183594	1127.9615478515625	370.09991455078125	0.0	569.8399047851562	772.213623046875	0.0	357.7357482910156	477.4746398925781	352.1544494628906	0.0	1025.0101318359375	54.054317474365234	0.0	403.0609130859375	905.3153686523438	127.4093017578125	120.35533142089844	116.82213592529297	54.856502532958984	39.213504791259766	27.05558204650879	0.0	0.0	35.884620666503906	61.381813049316406	108.1031494140625	177.5894012451172	34.22520446777344	0.0	0.0	6.894298076629639	0.0	314.1051330566406	71.5652847290039	0.0	529.7739868164062	1416.115478515625	1195.1612548828125	650.5263061523438	135.9022979736328	117.0565185546875	0.0	353.7680358886719	1142.6259765625	1266.670654296875	860.7325439453125	525.7608032226562	46.98209762573242	123.95143127441406	230.96414184570312	221.0833282470703	73.04613494873047	131.92791748046875	97.26492309570312	57.11268997192383	167.26683044433594	255.4936065673828	373.8654479980469	185.54855346679688	155.5619659423828	224.6388702392578	186.5868377685547	81.31209564208984	0.0	0.0	0.0	0.0	0.0	0.0	0.0	0.0	0.0	0.0	0.0	0.0	29.75042724609375	126.08074951171875	0.0	0.0	604.5523071289062	501.0733337402344	679.240234375	451.6372985839844	729.6701049804688	579.3126831054688	597.4340209960938	471.6957092285156	729.8079833984375	597.626220703125	643.7924194335938	412.29266357421875	559.5798950195312	557.6886596679688	872.666259765625	513.481689453125	189.46810913085938	543.287353515625	750.9583740234375	346.4850769042969	296.4632263183594	284.36749267578125	250.6646728515625	184.85604858398438	605.2669677734375	617.936767578125	274.2693176269531	94.64246368408203	251.42901611328125	264.4730224609375	539.36474609375	433.76641845703125	461.34222412109375	202.3784637451172	0.0	0.0	365.52587890625	8.40955638885498	0.0	0.0	3.8985610008239746	0.0	0.0	0.0	0.0	0.0	25.90073013305664	0.0	0.0	205.05409240722656	314.8232727050781	316.2106018066406	763.7131958007812	1154.503662109375	1143.6651611328125	386.4653015136719	112.71902465820312	401.51416015625	665.602294921875	510.1812438964844	1285.573974609375	1114.8331298828125	208.40472412109375	303.5265197753906	495.5169677734375	642.176025390625	1038.56396484375	875.1240844726562	289.09478759765625	0.0	82.42924499511719	35.883148193359375	571.6651000976562	1081.3372802734375	1332.3248291015625	878.8792114257812	430.501708984375	91.96348571777344	107.90101623535156	0.0	0.0	437.13006591796875	795.40283203125	733.49462890625	380.83599853515625	639.62255859375	238.9273223876953	205.68264770507812	787.0957641601562	907.0330200195312	432.20208740234375	57.908912658691406	318.62921142578125	301.54156494140625	534.0036010742188	758.724609375
1037.999267578125	1155.0430908203125	1070.24853515625	140.81387329101562	679.2105102539062	826.447265625	1352.4718017578125	84.90984344482422	356.12506103515625	977.9985961914062	1117.1844482421875	42.45357894897461	367.6122741699219	981.6907348632812	918.2725830078125	121.10668182373047	23.24582290649414	11.725020408630371	0.0	10.876667976379395	0.0	0.0	48.85055923461914	0.0	9.45319652557373	0.0	0.0	0.0	0.0	0.0	0.0	0.0	116.77758026123047	174.8124542236328	481.563720703125	307.6362609863281	0.0	147.5793914794922	394.7335205078125	196.65530395507812	118.35556030273438	188.91429138183594	280.29949951171875	156.826904296875	0.0	30.827760696411133	132.33375549316406	44.77001953125	0.0	0.0	0.0	0.0	55.89799880981445	0.0	0.0	0.0	107.77751159667969	83.42266082763672	0.0	0.0	55.288028717041016	0.0	0.0	61.852352142333984	436.9356384277344	600.6636962890625	244.2625274658203	273.94403076171875	237.2888641357422	77.16719055175781	226.2484893798828	206.5117645263672	158.6955108642578	560.8326416015625	424.9261779785156	341.4952087402344	279.2549743652344	311.12017822265625	396.3753967285156	67.54605865478516	123.80057525634766	890.3357543945312	433.7863464355469	542.65771484375	311.0901794433594	483.5716552734375	1004.6510620117188	619.1494140625	0.0	202.77439880371094	819.7503051757812	302.9447937011719	94.58271026611328	199.54104614257812	764.0975341796875	156.59762573242188	30.884593963623047	84.11399841308594	109.04658508300781	48.59421157836914	73.25374603271484	78.00029754638672	89.98917388916016	24.26020622253418	55.5130729675293	0.0	92.55132293701172	0.0	0.0	19.870939254760742	122.21607208251953	57.97089385986328	162.59396362304688	160.70838928222656	276.673095703125	249.70726013183594	25.35218048095703	239.3384552001953	119.81752014160156	301.01739501953125	485.49005126953125	482.573974609375	805.9126586914062	612.5108642578125	23.389650344848633	86.98802185058594	405.3834533691406	195.3717803955078	137.99462890625	37.5916862487793	127.15235900878906	56.2911376953125	0.0	154.64151000976562	230.05767822265625	41.065956115722656	199.96424865722656	290.4649658203125	184.88473510742188	35.13676071166992	13.34742259979248	17.91839599609375	74.03031158447266	44.44895935058594	0.0	0.0	0.0	0.0	0.0	83.34280395507812	35.03925704956055	0.0	4.301456928253174	0.0	0.0	0.0	0.0	0.0	0.0	0.0	363.2623596191406	404.6953430175781	320.484130859375	169.28524780273438	548.4808349609375	640.096435546875	741.6273193359375	119.51619720458984	440.52691650390625	755.3502197265625	712.59912109375	265.830810546875	209.01065063476562	631.0201416015625	397.99810791015625	184.63848876953125	195.8934783935547	277.4420471191406	259.1913757324219	9.229259490966797	395.1131286621094	192.629150390625	32.66409683227539	1.320729374885559	127.07010650634766	138.5957794189453	115.85655975341797	113.54350280761719	227.7891845703125	360.86004638671875	295.9892272949219	179.5500946044922	330.9031677246094	358.7684326171875	58.7816162109375	0.0	303.1034240722656	250.03671264648438	207.17665100097656	0.0	28.110719680786133	399.6833190917969	129.13565063476562	71.3341064453125	167.97467041015625	277.08282470703125	68.75009155273438	0.0	80.74168395996094	606.587158203125	619.8104858398438	89.53778839111328	13.578972816467285	31.363773345947266	111.04325866699219	94.94998168945312	341.2810974121094	107.10572814941406	393.8945007324219	280.5441589355469	266.62701416015625	338.2333679199219	435.5124816894531	380.81591796875	246.67152404785156	380.3218078613281	684.1821899414062	138.5192108154297	231.34765625	251.63645935058594	321.3933410644531	60.85428237915039	150.82040405273438	310.8974304199219	86.8432846069336	37.17939376831055	361.9007568359375	715.7516479492188	418.2535705566406	482.6636047363281	0.0	218.47918701171875	232.2785186767578	123.64512634277344	329.14385986328125	378.7822265625	58.516197204589844	93.7367935180664	122.26283264160156	17.085628509521484	265.3857727050781	155.66683959960938	91.58753967285156	294.15185546875	505.8570251464844	338.29498291015625
459.7607727050781	570.9270629882812	1164.9786376953125	280.947021484375	438.3811340332031	825.4398803710938	1110.2347412109375	244.09732055664062	491.6868591308594	183.79714965820312	1182.2291259765625	526.46533203125	159.7549591064453	370.42950439453125	1076.9468994140625	391.96343994140625	0.0	0.0	0.0	6.738314151763916	46.67913055419922	0.0	44.25190353393555	0.0	0.0	0.0	0.0	40.644351959228516	0.0	0.0	16.401540756225586	0.0	0.0	170.52914428710938	520.2160034179688	388.58233642578125	253.95689392089844	264.33526611328125	296.299072265625	151.98989868164062	0.0	99.4299087524414	592.9031982421875	508.4420471191406	203.4602813720703	355.7710266113281	111.56321716308594	95.06735229492188	25.188705444335938	0.0	0.0	0.0	152.78524780273438	47.59093475341797	0.0	0.0	32.14063262939453	109.11190795898438	0.0	0.0	229.32969665527344	217.41024780273438	0.0	0.0	499.9693603515625	460.62554931640625	551.4778442382812	476.9925231933594	482.27264404296875	1043.9461669921875	1041.8570556640625	140.45948791503906	560.98291015625	370.4078369140625	285.37371826171875	458.757080078125	299.65185546875	708.503173828125	870.9843139648438	617.952392578125	271.1123352050781	391.739990234375	676.1196899414062	788.6264038085938	0.0	172.252685546875	835.5734252929688	407.192626953125	366.3655090332031	516.2186279296875	137.76454162597656	631.2322998046875	22.665380477905273	0.0	474.72747802734375	618.5885620117188	23.377748489379883	57.0167236328125	150.77113342285156	50.587562561035156	96.50331115722656	0.0	116.76548767089844	0.0	14.05616569519043	80.80536651611328	59.078948974609375	41.94306945800781	71.34857940673828	47.09144592285156	0.0	0.0	249.03802490234375	228.5082244873047	305.1045227050781	391.4289855957031	908.563232421875	1037.8492431640625	470.8833312988281	481.0447998046875	283.8387451171875	235.2961883544922	203.78965759277344	384.20526123046875	724.2186279296875	830.49755859375	563.7855224609375	388.6429138183594	0.0	152.8888702392578	182.48281860351562	87.31648254394531	235.2836456298828	340.7901916503906	91.04766845703125	75.70132446289062	0.0	209.43618774414062	323.5061950683594	189.3976593017578	193.1038055419922	407.1502685546875	265.0416564941406	0.0	0.0	0.0	0.0	0.0	0.0	0.0	0.0	0.0	0.0	0.0	0.0	109.34776306152344	144.66409301757812	141.3035125732422	0.0	0.0	242.97914123535156	396.027099609375	604.2376098632812	170.04196166992188	486.33294677734375	595.646728515625	804.5363159179688	336.5709228515625	314.3958435058594	597.2875366210938	626.0590209960938	403.4533386230469	449.30767822265625	523.8848266601562	717.4100341796875	175.31378173828125	496.27996826171875	463.04034423828125	276.0502014160156	91.36801147460938	129.79022216796875	335.8733215332031	503.4414367675781	294.1952819824219	600.0003662109375	742.4822998046875	352.41534423828125	0.0	203.37132263183594	162.2165069580078	427.8760986328125	347.6385192871094	63.38311767578125	0.0	1.9943795204162598	0.0	8.638256072998047	60.476654052734375	57.6937370300293	0.0	0.0	0.0	0.0	77.88472747802734	0.0	0.0	0.0	4.548033237457275	509.20111083984375	746.6088256835938	714.1605834960938	385.02215576171875	485.1091003417969	411.6596374511719	328.0107116699219	254.6340789794922	468.96337890625	401.2108459472656	761.8060913085938	369.2627868652344	373.51080322265625	419.9710388183594	270.33636474609375	414.61212158203125	618.3154907226562	1172.7161865234375	1270.352294921875	273.9854431152344	513.7781982421875	745.1689453125	352.4719543457031	291.3775329589844	616.1201171875	1059.94140625	1129.911865234375	225.35336303710938	472.9783020019531	612.1176147460938	559.4397583007812	112.53443908691406	346.0664978027344	474.7763366699219	280.4842529296875	171.10235595703125	45.72490310668945	0.0	573.863037109375	374.1607360839844	513.3742065429688	691.2778930664062	703.27783203125	113.88949584960938	252.95010375976562	103.62494659423828	395.5575866699219	511.2388916015625
1.0422461032867432	607.8090209960938	880.50146484375	58.860328674316406	53.977081298828125	947.9484252929688	826.2061157226562	59.023006439208984	211.35447692871094	1030.3048095703125	679.8876953125	59.6408805847168	311.45196533203125	867.2847290039062	248.75054931640625	68.83241271972656	0.0	12.726005554199219	26.35003662109375	0.0	3.478846549987793	0.0	5.037284851074219	0.0	0.0	6.274560928344727	0.0	12.202725410461426	0.0	0.0	0.0	13.550339698791504	13.403802871704102	0.5491047501564026	176.02674865722656	92.52287292480469	25.633207321166992	214.01564025878906	234.31764221191406	72.46707916259766	5.234462738037109	213.2760467529297	175.42320251464844	59.962196350097656	7.457972049713135	94.26116180419922	41.251163482666016	25.35550308227539	6.677408695220947	0.0	0.0	0.0	6.667552471160889	0.0	0.0	25.70481300354004	0.0	0.0	0.0	10.549833297729492	0.0	0.0	0.0	13.499458312988281	0.11988391727209091	124.60743713378906	175.621337890625	104.91635131835938	38.41807174682617	154.9890899658203	169.65380859375	67.40800476074219	63.607574462890625	180.1358642578125	142.85235595703125	30.10248374938965	132.31590270996094	305.6933288574219	171.43765258789062	11.497395515441895	7.955399990081787	0.0	743.5114135742188	400.69110107421875	0.0	58.590965270996094	816.4475708007812	196.73301696777344	3.8862240314483643	437.3748474121094	894.1412353515625	62.905399322509766	0.0	645.4403686523438	781.9474487304688	0.0	3.168581008911133	0.0	125.41978454589844	21.315624237060547	0.0	52.57799530029297	142.20384216308594	22.699440002441406	0.0	121.11759185791016	83.94639587402344	8.291465759277344	0.0	131.0200958251953	27.683467864990234	0.0	20.104530334472656	0.0	180.77340698242188	253.81101989746094	23.00324821472168	0.0	349.102783203125	220.03419494628906	17.956178665161133	0.0	389.7462463378906	157.57879638671875	70.05000305175781	126.01258850097656	364.7105407714844	37.030357360839844	23.61917495727539	82.30826568603516	113.33584594726562	22.77798080444336	86.39852905273438	49.28749084472656	127.98095703125	33.36793518066406	80.4676513671875	33.95716094970703	130.01805114746094	22.248485565185547	63.47188949584961	62.17473602294922	100.85579681396484	23.421810150146484	50.21369934082031	49.68270492553711	0.0	0.0	84.18568420410156	0.0	0.0	14.781411170959473	47.160682678222656	0.0	0.0	0.0	59.725547790527344	0.0	0.0	5.943667411804199	3.929872989654541	277.9267883300781	416.5220947265625	105.68515014648438	1.3009592294692993	467.578857421875	406.49365234375	116.1846923828125	6.761780738830566	512.4496459960938	239.62303161621094	117.85060119628906	56.70121383666992	489.6727600097656	174.8017120361328	100.48277282714844	0.06391964852809906	53.40887451171875	83.64013671875	45.48382568359375	0.0	82.32129669189453	61.31549072265625	11.967323303222656	0.0	90.54640197753906	40.8702507019043	14.140027046203613	30.49782943725586	187.85809326171875	102.39315032958984	14.799492835998535	41.620147705078125	288.74151611328125	167.82864379882812	24.061298370361328	161.60206604003906	353.49285888671875	135.53488159179688	39.3348503112793	322.6922607421875	362.0171203613281	136.79019165039062	17.87376594543457	336.39208984375	179.3061065673828	54.66278839111328	2.7824761867523193	18.38055992126465	0.0	4.632333755493164	63.35929489135742	20.489856719970703	0.0	20.964427947998047	34.88203811645508	11.163411140441895	0.0	81.66084289550781	20.13592529296875	46.10894775390625	51.50327682495117	106.31197357177734	17.742698669433594	24.292951583862305	140.19146728515625	158.21115112304688	51.41164016723633	48.93197250366211	114.64456176757812	0.0	36.762901306152344	39.52887725830078	142.8654022216797	0.0	19.341882705688477	83.98408508300781	105.77693939208984	0.0	44.521827697753906	0.0	0.0	155.82711791992188	173.04644775390625	0.0	0.0	213.6132354736328	137.48776245117188	0.0	71.20293426513672	206.50509643554688	13.096839904785156	0.0	218.22186279296875	376.9795837402344	2.6408863067626953
562.9010009765625	214.36802673339844	1306.8853759765625	863.4420776367188	904.6585083007812	457.9834289550781	1259.0201416015625	817.5302734375	818.2123413085938	464.9958190917969	979.1788940429688	840.2666625976562	232.5669708251953	241.1949920654297	1158.4559326171875	822.3189086914062	40.98961639404297	71.72393035888672	104.42516326904297	16.49567413330078	0.0	38.30831527709961	134.5475311279297	27.76568031311035	0.0	0.0	0.0	0.0	7.78657865524292	0.0	0.0	0.0	393.6691589355469	117.41203308105469	381.9775085449219	426.4517822265625	383.0238037109375	341.990966796875	366.044189453125	295.357421875	0.0	0.0	288.4464416503906	401.8572692871094	85.97543334960938	79.32117462158203	238.2600555419922	290.2586975097656	0.0	0.0	0.0	0.0	0.0	0.0	0.0	0.0	0.0	0.0	0.0	0.0	266.6396484375	273.645263671875	23.947708129882812	0.0	146.7544403076172	98.79472351074219	165.9534454345703	165.62631225585938	361.0378112792969	680.9271850585938	830.8526611328125	285.4693298339844	490.839111328125	554.7410888671875	460.61712646484375	106.48013305664062	0.0	108.31710052490234	502.0461730957031	473.7361755371094	476.8385314941406	141.55943298339844	338.73590087890625	935.3136596679688	360.2071533203125	3.127897262573242	543.9267578125	982.1524658203125	240.6186981201172	86.57933807373047	222.68612670898438	502.7000732421875	122.0527114868164	0.0	136.85830688476562	553.6063232421875	111.6698226928711	0.7006307244300842	128.27328491210938	129.90895080566406	77.98257446289062	0.0	143.26036071777344	152.7394561767578	0.0	0.0	100.60458374023438	68.08148193359375	26.549724578857422	35.85630416870117	63.95645523071289	49.68486022949219	212.76092529296875	87.69396209716797	0.0	336.5769348144531	1104.713623046875	1149.3831787109375	555.7999877929688	392.72784423828125	735.158203125	909.0209350585938	548.9619140625	447.460693359375	202.38558959960938	260.5233459472656	240.90028381347656	365.63525390625	28.33152961730957	74.31259155273438	119.49150848388672	160.57830810546875	17.23076629638672	114.55394744873047	177.05982971191406	172.83334350585938	54.74361038208008	0.0	35.0948600769043	133.52398681640625	197.68634033203125	260.1965637207031	192.5882110595703	84.74373626708984	0.0	29.122467041015625	0.0	0.0	0.0	0.0	0.0	0.0	0.0	0.0	0.0	0.0	275.3596496582031	300.2102355957031	0.0	37.43894577026367	186.67274475097656	138.19020080566406	447.9104919433594	179.29165649414062	258.98974609375	367.5216979980469	740.1614990234375	337.4778137207031	347.32000732421875	310.5661315917969	614.8536376953125	368.8231506347656	461.4870300292969	386.6865539550781	560.286865234375	260.7237548828125	36.92071533203125	11.781686782836914	3.3727450370788574	37.38594055175781	19.49502182006836	0.0	128.30960083007812	109.99075317382812	653.8735961914062	712.4566650390625	432.3049621582031	75.61581420898438	386.5906677246094	432.7397155761719	233.46136474609375	212.1605987548828	160.61183166503906	252.50404357910156	259.8750915527344	179.8898162841797	207.1895294189453	236.10476684570312	264.5321960449219	178.4209442138672	0.0	0.8749312162399292	78.13414001464844	190.59295654296875	0.0	0.0	0.0	0.0	0.0	10.943868637084961	165.6066436767578	113.6743392944336	853.9130859375	318.03173828125	0.0	60.82655715942383	1383.9493408203125	1031.94580078125	653.984375	133.7724609375	0.0	32.22413635253906	379.07037353515625	354.4309387207031	0.0	202.14016723632812	352.316650390625	37.85898971557617	206.74752807617188	254.0058135986328	308.9526672363281	0.0	1119.3470458984375	1224.574462890625	884.6576538085938	75.05704498291016	598.9042358398438	1201.09033203125	1215.845947265625	268.3742980957031	0.0	40.58407974243164	0.0	67.80699920654297	13.740340232849121	0.0	62.886207580566406	253.79087829589844	639.62158203125	701.7816772460938	620.9121704101562	466.3227233886719	339.0152282714844	319.0238037109375	96.30745697021484	228.41201782226562
1114.914306640625	1278.5601806640625	358.2604675292969	262.68011474609375	1238.3643798828125	1010.8055419921875	309.25506591796875	221.59188842773438	1195.131591796875	903.0223999023438	1120.005615234375	1023.16845703125	871.041748046875	813.5369873046875	993.094970703125	828.5377197265625	51.41501235961914	54.77735900878906	0.0	46.30645751953125	15.622593879699707	0.0	21.864299774169922	89.9832763671875	0.0	0.0	0.0	3.9528751373291016	0.0	0.0	1.058924674987793	0.0	57.43465805053711	166.0381317138672	123.19290161132812	209.6822509765625	215.90345764160156	362.8536071777344	426.4841003417969	193.018310546875	153.53981018066406	199.9675750732422	365.038330078125	601.8949584960938	0.0	159.4061737060547	27.552682876586914	39.749874114990234	0.0	0.0	146.8944091796875	15.598377227783203	0.0	0.0	176.9188232421875	27.977149963378906	0.0	0.0	0.0	0.0	0.0	0.0	0.0	0.0	161.51205444335938	612.65087890625	271.62567138671875	102.1524658203125	204.92160034179688	242.7442626953125	568.196533203125	376.79425048828125	254.56463623046875	431.5818786621094	299.5416564941406	497.059326171875	235.3411407470703	381.3498840332031	1048.1177978515625	858.293212890625	0.0	1273.60595703125	894.0819702148438	47.31941604614258	218.3580322265625	1059.509521484375	0.0	107.41719818115234	243.34902954101562	785.7869262695312	59.09128189086914	673.6412353515625	175.3987274169922	286.0758056640625	320.62158203125	527.6927490234375	3.29494047164917	123.32090759277344	131.23712158203125	0.0	46.94691848754883	129.83514404296875	39.816959381103516	0.0	82.3741226196289	86.65938568115234	0.0	53.90982437133789	0.0	28.133468627929688	0.0	14.713144302368164	2.121541738510132	107.45549011230469	233.38455200195312	0.0	0.0	1106.1407470703125	927.13037109375	455.8980712890625	125.01005554199219	606.376953125	365.96185302734375	449.3919982910156	239.07827758789062	1060.077880859375	975.8831176757812	360.3214416503906	135.34141540527344	83.06536102294922	150.06639099121094	117.36715698242188	15.307729721069336	218.70057678222656	260.85791015625	160.4484100341797	0.0	46.63777542114258	75.08869171142578	119.50553894042969	56.825992584228516	79.64046478271484	117.83477020263672	0.0	76.61787414550781	0.0	0.0	1.0176730155944824	0.0	0.0	49.00040817260742	0.0	0.0	0.0	0.0	0.0	0.0	0.0	0.0	0.0	268.30706787109375	626.1115112304688	396.52606201171875	160.8509979248047	694.5220336914062	599.2582397460938	527.452880859375	371.5434265136719	651.1962280273438	463.5311279296875	442.89141845703125	293.4897155761719	631.1556396484375	478.93328857421875	686.2462768554688	293.58087158203125	58.39748001098633	389.0870361328125	461.1644592285156	142.74053955078125	178.833740234375	187.314208984375	43.19131851196289	123.07325744628906	126.64167022705078	251.05690002441406	215.95616149902344	100.13658905029297	325.3329772949219	292.26190185546875	542.9505004882812	443.9393310546875	469.7903137207031	418.0859680175781	0.0	0.0	501.2432556152344	151.5764617919922	0.0	0.0	381.9748840332031	296.0006103515625	0.0	34.36140060424805	202.40139770507812	18.13008689880371	0.0	0.0	76.18840026855469	0.0	524.228271484375	295.4200744628906	0.0	433.73297119140625	339.84051513671875	46.50568771362305	223.19776916503906	580.6069946289062	912.1111450195312	536.1199340820312	546.4603881835938	1142.1651611328125	375.43292236328125	572.5037231445312	137.89137268066406	263.89117431640625	676.5149536132812	628.2994995117188	114.16472625732422	0.0	273.7759704589844	236.1998748779297	266.65313720703125	329.4462890625	1218.543212890625	676.6534423828125	460.2671813964844	565.0902099609375	734.564697265625	456.6950988769531	0.0	331.2455749511719	564.1831665039062	357.5467224121094	0.0	354.0162048339844	175.6957550048828	23.186809539794922	129.94805908203125	380.5898132324219	177.52330017089844	259.78338623046875	348.0753479003906	474.6849365234375	524.1880493164062	686.8016967773438
525.206787109375	1030.990478515625	125.80923461914062	272.0451965332031	417.7356262207031	962.0114135742188	279.7411804199219	147.80426025390625	201.93692016601562	350.043701171875	1167.5738525390625	852.1343994140625	379.8179016113281	278.4554748535156	1232.445068359375	733.1871948242188	28.616554260253906	0.0	0.0	46.066734313964844	0.0	0.0	0.0	71.15552520751953	14.6576566696167	0.8558069467544556	23.912935256958008	52.2723274230957	0.0	0.0	28.843692779541016	0.0	0.0	252.40304565429688	249.153564453125	167.30856323242188	0.0	311.8681945800781	358.76129150390625	224.66250610351562	0.0	0.0	456.8065185546875	536.9782104492188	252.26510620117188	306.2629699707031	141.4561767578125	140.28367614746094	0.0	0.0	52.0164909362793	66.44611358642578	0.0	0.0	35.324546813964844	75.66267395019531	138.93576049804688	120.62599182128906	0.0	0.0	80.75736999511719	94.68836975097656	0.0	0.0	229.31007385253906	201.959716796875	123.7350845336914	134.0037384033203	243.0643768310547	427.483642578125	421.3625793457031	232.51100158691406	142.04177856445312	180.06825256347656	207.7666473388672	298.406494140625	213.5432586669922	394.9859924316406	796.4935913085938	592.7944946289062	0.0	716.8450927734375	593.7466430664062	0.0	0.0	438.20892333984375	240.14813232421875	46.6790885925293	61.54015350341797	365.9490966796875	0.0	618.1830444335938	0.0	64.91519927978516	415.0325012207031	782.18359375	0.0	180.69534301757812	121.38494873046875	16.52025604248047	0.0	35.82520294189453	0.0	0.0	2.3052971363067627	89.91279602050781	27.89519691467285	78.50324249267578	0.7760001420974731	42.21321487426758	0.0	46.84404373168945	0.0	100.76543426513672	277.28619384765625	0.0	196.2129669189453	734.0975952148438	894.9085083007812	357.62725830078125	0.0	0.0	100.07337951660156	294.5301818847656	504.1793518066406	888.3172607421875	735.6583862304688	332.401611328125	43.418601989746094	112.56066131591797	141.58953857421875	121.59821319580078	51.27825927734375	95.07827758789062	55.71657180786133	82.71924591064453	0.0	254.0938720703125	238.6826629638672	38.632503509521484	11.6509370803833	325.7084045410156	270.3594055175781	76.69686889648438	30.151315689086914	0.0	0.0	2.2240943908691406	41.2241325378418	85.16704559326172	62.556644439697266	0.0	0.0	0.0	0.0	0.0	0.0	124.94530487060547	0.0	0.0	298.2298583984375	504.6711730957031	422.9075622558594	203.57086181640625	367.8379211425781	631.4560546875	456.99432373046875	276.0409240722656	395.9184875488281	532.6165771484375	361.12939453125	202.4842071533203	270.699951171875	486.39691162109375	648.8431396484375	201.88194274902344	43.50758361816406	458.3670349121094	480.20147705078125	234.92105102539062	151.92762756347656	215.98785400390625	127.12344360351562	71.1438217163086	298.6259765625	391.37884521484375	142.01925659179688	21.761280059814453	0.0	0.0	247.9007110595703	296.99407958984375	330.18316650390625	129.79661560058594	0.0	0.0	235.8595733642578	0.0	29.46571159362793	0.0	189.58888244628906	0.0	0.0	22.143959045410156	38.875526428222656	52.82866668701172	95.69495391845703	0.0	0.0	40.3470573425293	424.74114990234375	350.872314453125	114.83094024658203	1040.2750244140625	906.99169921875	72.25599670410156	0.0	477.6456298828125	982.065673828125	360.7997741699219	689.8550415039062	604.8173828125	13.38442611694336	314.7344665527344	410.55194091796875	597.3958740234375	874.3593139648438	740.8955078125	139.30206298828125	273.2424621582031	0.0	140.67201232910156	101.47115325927734	653.567626953125	986.473876953125	447.2573547363281	200.75048828125	36.956363677978516	511.6886291503906	249.79946899414062	0.0	303.71368408203125	538.9713745117188	448.7038879394531	61.551048278808594	240.0221710205078	232.2625274658203	152.4859161376953	199.52142333984375	508.5742492675781	261.2748107910156	73.4871826171875	0.0	31.162656784057617	104.23270416259766	321.48736572265625
985.4805297851562	247.41737365722656	186.6870880126953	102.7591323852539	772.0593872070312	280.9315490722656	103.1020736694336	80.0892105102539	477.98443603515625	446.58795166015625	959.8893432617188	653.4102783203125	644.4904174804688	376.4707946777344	1240.19677734375	781.954833984375	0.0	0.0	32.40102005004883	0.0	0.0	0.0	56.70980453491211	56.97068405151367	10.476997375488281	0.0	0.0	50.31986999511719	0.0	26.559200286865234	0.0	16.161170959472656	281.31011962890625	50.05530548095703	27.221893310546875	50.05975341796875	183.91302490234375	361.32623291015625	371.530517578125	337.8772888183594	0.0	128.29541015625	637.68212890625	729.7960205078125	318.31256103515625	205.50387573242188	227.61558532714844	361.3253479003906	0.0	143.01600646972656	194.12745666503906	189.6004180908203	0.0	47.657222747802734	224.18695068359375	164.75474548339844	226.52915954589844	0.0	0.0	0.0	95.99458312988281	121.52764892578125	0.0	0.0	438.53021240234375	254.85556030273438	96.9554214477539	0.0	284.1311340332031	333.34429931640625	365.7227783203125	319.3797302246094	215.42794799804688	348.7920837402344	261.23974609375	212.5569610595703	320.8588562011719	638.9514770507812	1010.1661376953125	919.1904907226562	820.9063110351562	480.3387145996094	217.64202880859375	76.3584976196289	239.51112365722656	0.0	0.0	0.0	170.17396545410156	183.3773956298828	0.0	484.49761962890625	220.24334716796875	177.44418334960938	351.02215576171875	539.3345336914062	63.66590118408203	3.1211676597595215	82.56517028808594	62.37250900268555	67.91551208496094	0.0	33.71387481689453	28.783447265625	77.17224884033203	24.68914222717285	52.40194320678711	79.7716293334961	45.95156478881836	17.161258697509766	34.47014617919922	31.118324279785156	149.5894775390625	279.9285888671875	79.6408920288086	0.0	972.8953857421875	1045.457275390625	938.593994140625	345.31402587890625	83.10189056396484	294.98651123046875	505.9997253417969	472.8779602050781	813.2406616210938	1139.0379638671875	884.5344848632812	430.42181396484375	0.0	0.0	103.18671417236328	184.05885314941406	50.37290954589844	18.728361129760742	100.52688598632812	235.98562622070312	187.15135192871094	109.3745346069336	32.537025451660156	67.84439849853516	214.26132202148438	341.66534423828125	259.02801513671875	0.0	0.0	0.0	0.0	0.0	0.0	0.0	51.56570053100586	276.40380859375	0.0	0.0	0.0	0.0	156.7377166748047	0.0	0.0	0.0	373.349853515625	447.13818359375	413.8191833496094	330.20526123046875	447.6705322265625	639.6266479492188	551.93603515625	367.6077880859375	509.5377502441406	388.70050048828125	286.2481994628906	300.1653747558594	477.27783203125	634.3267211914062	638.2223510742188	259.2842712402344	356.7689514160156	499.1206970214844	604.9302368164062	651.5932006835938	238.20594787597656	90.33338165283203	136.2469940185547	49.99488830566406	493.8670959472656	417.6482849121094	252.55628967285156	78.99507904052734	0.0	183.36798095703125	462.41064453125	497.7509460449219	284.8792419433594	0.0	0.0	0.0	50.40143585205078	0.0	0.0	0.0	0.0	0.0	0.0	0.0	0.0	0.0	0.0	0.0	405.1884460449219	505.98828125	374.91705322265625	396.6485595703125	1453.9813232421875	1183.5277099609375	325.2138671875	106.48975372314453	696.9166870117188	1395.7174072265625	1134.739501953125	336.6935119628906	779.8187866210938	524.6710205078125	617.7354125976562	683.56201171875	208.39044189453125	980.925048828125	1011.6661376953125	1046.330810546875	506.2550354003906	244.72506713867188	421.1625061035156	386.89837646484375	1037.8880615234375	1530.0869140625	1485.8765869140625	263.07147216796875	245.1850128173828	678.7469482421875	1204.84521484375	572.4942016601562	308.7779541015625	541.62548828125	738.8395385742188	795.962158203125	442.85662841796875	83.52664184570312	100.76111602783203	26.272533416748047	453.7017822265625	363.7066650390625	169.5042266845703	216.36410522460938	0.0	0.0	142.5679473876953	417.53997802734375
854.8220825195312	1265.572509765625	886.6644897460938	1050.2156982421875	1338.539794921875	1068.478271484375	1036.4752197265625	1592.414306640625	1397.6024169921875	871.6453247070312	1275.6153564453125	1009.3660278320312	716.8178100585938	950.2474365234375	894.1466674804688	189.4081573486328	44.74556350708008	0.0	0.0	0.0	0.0	0.0	0.0	74.91427612304688	0.0	0.0	0.0	23.370025634765625	0.0	0.0	0.0	0.0	261.39007568359375	301.15509033203125	81.80738067626953	714.796630859375	204.11981201171875	65.7930908203125	334.68115234375	574.101318359375	212.1207275390625	388.055419921875	500.70574951171875	46.54188919067383	135.30523681640625	135.9844512939453	0.0	121.87608337402344	0.0	0.0	0.0	0.0	0.0	0.0	87.12443542480469	0.0	0.0	92.4163818359375	33.31993103027344	0.0	0.0	0.0	0.0	119.95057678222656	157.03663635253906	828.9290771484375	849.2609252929688	252.1917724609375	617.3247680664062	672.2426147460938	233.91427612304688	718.2844848632812	441.82659912109375	227.79505920410156	864.7542114257812	819.4882202148438	439.9719543457031	991.195068359375	974.20166015625	69.1778335571289	0.0	1113.5008544921875	1077.0023193359375	90.49038696289062	927.1236572265625	1329.05712890625	406.317138671875	1141.93212890625	1394.6981201171875	860.2015380859375	863.8716430664062	1122.2669677734375	903.6600341796875	266.07196044921875	761.5902709960938	417.48870849609375	48.316471099853516	46.33830642700195	48.96818542480469	75.37025451660156	30.794239044189453	113.33576965332031	104.9439697265625	93.1141357421875	76.39723205566406	99.49504089355469	0.0	25.856460571289062	22.833736419677734	0.0	0.0	5.984657287597656	132.29852294921875	373.01416015625	698.1502075195312	645.24755859375	186.02822875976562	323.2661437988281	274.5072326660156	346.10211181640625	329.2180480957031	578.170654296875	430.4298095703125	455.8700256347656	1231.641845703125	1178.333251953125	669.5325927734375	384.7725830078125	167.5649871826172	191.15956115722656	0.0	84.8279800415039	134.2393798828125	0.0	465.5146789550781	350.3150634765625	122.56927490234375	377.0326843261719	362.8424377441406	198.3734130859375	85.78861236572266	142.49131774902344	0.0	181.12216186523438	62.64126968383789	0.0	0.0	0.0	0.0	0.0	41.89322280883789	0.0	0.0	32.5061149597168	0.0	0.0	0.0	0.0	0.0	60.80624771118164	171.4166259765625	487.193359375	438.54595947265625	356.7109375	519.977783203125	586.20361328125	705.9436645507812	798.7625122070312	656.230224609375	557.5175170898438	697.4140014648438	815.9590454101562	592.5880126953125	574.4013061523438	622.88232421875	545.7151489257812	0.0	371.38763427734375	560.7496337890625	259.680908203125	262.41461181640625	504.15869140625	397.78460693359375	207.42759704589844	364.3839416503906	249.311279296875	365.2098693847656	466.5563049316406	350.62066650390625	707.5648803710938	753.8571166992188	437.42388916015625	359.0853576660156	397.4629821777344	43.92816925048828	82.23226165771484	449.35809326171875	262.95697021484375	212.30410766601562	43.81087875366211	490.5907287597656	170.94981384277344	274.88763427734375	20.189544677734375	47.39261245727539	170.12567138671875	28.320261001586914	0.0	125.04350280761719	86.52400970458984	1055.364990234375	1003.903564453125	0.0	242.46142578125	63.94178009033203	668.4442749023438	0.0	183.6437530517578	49.04677200317383	106.39966583251953	905.4326171875	495.7828369140625	259.0491638183594	204.08799743652344	220.62655639648438	336.2557678222656	773.6370239257812	995.8717041015625	246.8480224609375	55.77860641479492	836.739501953125	1213.2430419921875	14.276597023010254	492.0072937011719	437.1761169433594	0.0	126.80017852783203	137.4031219482422	164.140869140625	274.504150390625	0.0	91.4941635131836	486.7821350097656	296.5458068847656	0.0	581.4838256835938	608.237548828125	0.0	363.7586364746094	547.6075439453125	0.0	653.284912109375	750.9598999023438	586.9461669921875	985.3530883789062	819.8726806640625
1232.0611572265625	1161.876953125	786.7839965820312	1276.377197265625	1216.12353515625	348.26025390625	1084.667236328125	1343.4837646484375	1022.37890625	821.4478149414062	1166.81396484375	695.1105346679688	748.5054321289062	794.8714599609375	733.638671875	225.4468536376953	49.521976470947266	6.176650524139404	0.0	50.6263427734375	12.24679183959961	0.0	23.24739646911621	45.141563415527344	0.0	0.0	45.80955505371094	0.0	0.0	0.0	0.0	0.0	207.01214599609375	130.45823669433594	111.98394012451172	512.2308959960938	89.2519760131836	276.4396667480469	244.11636352539062	283.159912109375	264.5146789550781	436.694580078125	250.13597106933594	106.0728988647461	279.3368225097656	240.834716796875	0.0	128.68997192382812	0.0	0.0	18.03250503540039	0.0	0.0	103.8648452758789	65.24816131591797	0.0	0.0	4.271980285644531	0.0	0.0	0.0	0.0	0.0	111.17051696777344	408.16412353515625	855.7698974609375	491.1719055175781	336.0260009765625	469.9391174316406	205.1719512939453	267.8795166015625	405.56494140625	134.42758178710938	265.62213134765625	834.42431640625	521.1102905273438	521.4061889648438	972.8056030273438	958.431396484375	24.58727264404297	198.7635498046875	1131.565185546875	764.64453125	582.4581298828125	1126.4532470703125	1259.5013427734375	0.0	1009.7894287109375	885.0013427734375	300.9338073730469	959.273193359375	1217.487060546875	187.2515411376953	514.6480712890625	735.8916015625	217.66200256347656	43.79119110107422	74.43152618408203	113.57096099853516	116.86458587646484	57.31903076171875	116.97744750976562	17.37104606628418	106.7552719116211	120.96501922607422	56.912689208984375	50.48005676269531	117.64253997802734	43.871116638183594	0.0	20.93083381652832	0.0	158.34019470214844	264.6275634765625	180.90206909179688	125.22039031982422	77.34645080566406	358.1521911621094	175.79473876953125	393.5860900878906	324.31524658203125	501.0647277832031	400.5986022949219	406.3426208496094	943.305419921875	1104.52978515625	493.27740478515625	387.37066650390625	146.8168487548828	58.52773666381836	221.43325805664062	192.63134765625	5.566667079925537	178.36009216308594	306.56085205078125	230.4564971923828	173.01751708984375	320.1913146972656	219.47909545898438	162.29342651367188	186.17311096191406	120.2974853515625	0.0	143.00286865234375	0.0	0.0	0.0	18.25035285949707	0.0	207.46478271484375	192.14732360839844	0.0	0.0	88.77230834960938	0.0	0.0	0.0	0.0	0.0	66.64805603027344	335.5646057128906	458.1313781738281	514.3582153320312	289.991455078125	561.5205078125	467.4851989746094	632.5852661132812	465.4445495605469	632.2117309570312	420.1754455566406	727.0370483398438	427.3421630859375	447.7783508300781	457.4292297363281	609.4353637695312	360.346435546875	88.42231750488281	514.5828857421875	565.548583984375	193.30857849121094	319.9188537597656	371.0466003417969	32.180904388427734	90.4076156616211	280.66009521484375	0.0	281.6157531738281	250.79812622070312	214.69549560546875	694.01220703125	697.6463012695312	289.62493896484375	403.61541748046875	334.2197265625	0.0	0.0	421.77496337890625	13.760477066040039	239.46043395996094	91.31099700927734	289.525390625	179.6063995361328	309.6839294433594	17.129663467407227	167.75619506835938	192.63243103027344	36.52133560180664	0.1374083161354065	158.4243621826172	0.0	763.7763671875	623.7390747070312	0.0	201.9442138671875	0.0	176.15895080566406	9.484027862548828	112.85352325439453	0.0	163.2956085205078	952.8111572265625	390.1767578125	220.35694885253906	117.62133026123047	233.77452087402344	259.0924377441406	991.2945556640625	854.3667602539062	126.47294616699219	149.23814392089844	399.0881042480469	217.16343688964844	29.754669189453125	409.1878356933594	309.91058349609375	0.0	466.1902160644531	0.0	166.98851013183594	266.9794616699219	0.0	445.5201416015625	552.3925170898438	368.96148681640625	166.87464904785156	602.5965576171875	186.32589721679688	140.65774536132812	339.8780212402344	363.6500244140625	71.34356689453125	462.9850769042969	251.60621643066406	537.404296875	940.0020751953125	723.2366333007812
1290.1826171875	366.7583923339844	809.937255859375	1036.858154296875	1455.947021484375	847.4810791015625	648.7200317382812	999.8447265625	1304.4759521484375	603.3621215820312	152.6306915283203	1298.1055908203125	413.234619140625	147.57884216308594	77.76361083984375	1174.982177734375	36.14161682128906	13.300415992736816	52.07192611694336	69.30216979980469	61.1226806640625	0.0	0.0	0.0	0.0	0.0	0.0	11.017498016357422	0.0	0.0	0.0	0.0	517.6931762695312	511.99993896484375	332.8482360839844	555.4205322265625	395.418212890625	421.7164001464844	32.11349105834961	331.6983947753906	49.72770690917969	0.0	0.0	322.4016418457031	77.37578582763672	182.83230590820312	183.5885772705078	0.0	0.0	0.0	0.0	0.0	0.0	0.0	0.0	0.0	0.0	66.48798370361328	243.22279357910156	0.0	263.4415588378906	235.70535278320312	222.3818359375	0.0	254.85073852539062	215.45095825195312	571.2638549804688	575.2301635742188	301.4768371582031	697.7288818359375	937.38671875	625.0830688476562	705.0377197265625	779.9249267578125	51.941078186035156	361.24365234375	164.20372009277344	135.30471801757812	128.26788330078125	387.8197937011719	821.9270629882812	853.9263305664062	138.1882781982422	709.1236572265625	967.92724609375	694.6298217773438	543.6589965820312	260.63067626953125	956.1680908203125	734.8086547851562	186.9347686767578	0.0	581.0332641601562	0.0	0.0	151.50514221191406	156.59495544433594	48.923057556152344	0.0	106.6300277709961	181.94496154785156	40.6966552734375	0.0	22.99532127380371	59.248016357421875	14.90642261505127	24.777681350708008	84.13359069824219	23.120845794677734	56.96179962158203	0.0	0.0	54.87722396850586	498.58917236328125	384.6825256347656	293.5247802734375	406.8671875	892.9469604492188	826.0230102539062	582.3487548828125	727.11865234375	624.2301025390625	87.20559692382812	0.0	118.98574829101562	114.53497314453125	154.31895446777344	335.1133117675781	115.44442749023438	176.05477905273438	167.75718688964844	56.04199981689453	271.6919860839844	234.02049255371094	0.0	0.0	125.33846282958984	0.0	261.41497802734375	259.9741516113281	116.27484893798828	134.96324157714844	243.71958923339844	237.2635040283203	0.0	0.0	0.0	0.0	0.0	0.0	0.0	0.0	0.0	0.0	170.16632080078125	1.832236409187317	153.82290649414062	326.1406555175781	336.92120361328125	8.990094184875488	433.8005676269531	277.0117492675781	512.1931762695312	529.8587646484375	736.8360595703125	328.4537658691406	513.0961303710938	616.5224609375	716.4859008789062	558.7723999023438	541.7597045898438	600.8225708007812	561.2315063476562	472.2289123535156	256.2789001464844	641.0961303710938	31.669437408447266	39.712833404541016	0.0	152.7230224609375	49.5092887878418	216.12583923339844	642.7753295898438	343.7384948730469	472.4002990722656	625.8159790039062	750.5550537109375	149.9612579345703	656.6990966796875	251.89898681640625	48.85898208618164	194.18307495117188	351.3156433105469	110.01075744628906	284.4971008300781	114.0398941040039	369.08416748046875	265.17413330078125	186.64117431640625	110.04408264160156	266.2930603027344	79.7555160522461	0.0	0.0	0.0	0.0	72.05892944335938	154.5834503173828	89.859375	201.662353515625	122.65084075927734	165.77633666992188	184.55477905273438	353.6640625	584.9283447265625	778.613525390625	258.23773193359375	177.97509765625	158.89520263671875	628.2736206054688	417.5329284667969	396.9049377441406	150.66387939453125	316.8131408691406	278.0879821777344	205.87576293945312	416.6362609863281	304.2044982910156	189.95803833007812	240.33494567871094	226.59262084960938	398.59759521484375	22.278715133666992	358.46063232421875	896.4998779296875	1083.9437255859375	594.2607421875	572.9265747070312	211.0694580078125	286.1968994140625	0.0	50.20448303222656	0.0	92.8783950805664	88.72077178955078	69.30047607421875	557.1889038085938	541.7677612304688	649.1592407226562	707.4215087890625	844.989501953125	391.15850830078125	902.56005859375	733.0704345703125	94.94445037841797	141.8086700439453
546.6468505859375	1198.879150390625	592.3167114257812	373.8686218261719	1183.99462890625	1300.0562744140625	444.6338195800781	342.818359375	964.859619140625	809.4612426757812	1325.5123291015625	0.0	605.7567138671875	832.37158203125	1056.06201171875	254.76177978515625	57.52513885498047	0.0	0.0	0.0	0.0	31.80054473876953	0.0	25.718469619750977	0.0	0.0	0.0	0.0	0.0	0.0	0.0	0.0	124.38003540039062	419.7255859375	348.891845703125	182.44818115234375	49.41226577758789	191.54425048828125	270.149169921875	0.0	0.0	241.68972778320312	721.0897827148438	419.4931945800781	169.713623046875	70.11943054199219	0.0	94.69612884521484	0.0	0.0	0.0	0.0	0.0	0.0	73.1695556640625	140.56028747558594	0.0	11.623806953430176	0.0	80.36437225341797	0.0	0.0	0.0	23.48929214477539	83.81708526611328	573.2017822265625	638.4284057617188	546.0841064453125	396.1108093261719	519.7462158203125	243.45030212402344	393.2765808105469	399.58111572265625	244.1978759765625	689.3118896484375	534.7254028320312	271.3379211425781	910.87744140625	1110.4356689453125	148.79080200195312	9.445981979370117	1016.99169921875	1000.9428100585938	4.41658878326416	108.28365325927734	1177.835205078125	592.69580078125	75.25501251220703	635.688232421875	883.523681640625	677.4684448242188	541.3517456054688	259.2375183105469	297.0270080566406	647.720458984375	175.6760711669922	11.217069625854492	100.96952056884766	41.98395538330078	0.0	6.736461639404297	155.57858276367188	80.4953384399414	40.92645263671875	47.48630142211914	67.82615661621094	120.27355194091797	57.372154235839844	19.092391967773438	0.0	20.460922241210938	0.0	0.0	483.4462890625	1175.2215576171875	1214.070556640625	350.6668395996094	927.4769287109375	889.1759033203125	209.63565063476562	229.39422607421875	249.60791015625	471.8887939453125	575.245849609375	897.0995483398438	1186.751953125	492.15771484375	350.4515380859375	147.30274963378906	100.91043853759766	45.971923828125	0.0	140.3258056640625	100.52301025390625	108.59371185302734	100.53144836425781	0.0	186.73548889160156	155.62425231933594	237.6322021484375	87.38526916503906	268.74566650390625	0.0	45.091552734375	99.18449401855469	0.0	0.0	0.0	0.0	0.0	0.0	0.0	0.0	0.0	192.63856506347656	131.45481872558594	0.0	0.0	0.0	0.0	57.73549270629883	402.4427185058594	208.92713928222656	386.5656433105469	453.562744140625	651.2412719726562	679.08251953125	462.1849365234375	811.452392578125	634.7064208984375	546.1798706054688	365.2193908691406	658.0943603515625	722.991943359375	669.2744750976562	185.15660095214844	0.0	279.5091857910156	422.0516052246094	312.56890869140625	136.5574951171875	304.2385559082031	513.267578125	590.7282104492188	422.0148620605469	372.49371337890625	74.27777099609375	70.51387023925781	364.7216796875	523.447265625	578.4291381835938	287.19622802734375	343.8625183105469	408.4002990722656	0.0	0.0	476.118896484375	405.565673828125	87.80268859863281	0.0	381.7354431152344	0.0	0.0	0.0	10.443525314331055	35.52937316894531	0.0	1.4494385719299316	142.56544494628906	435.6584777832031	1177.825927734375	1113.257568359375	52.40904998779297	393.9519958496094	159.46156311035156	621.2919921875	0.0	1178.16845703125	961.482177734375	324.4582824707031	1096.58447265625	572.4658813476562	529.9804077148438	340.95489501953125	183.76126098632812	377.1447448730469	586.4779663085938	485.9421081542969	194.4562225341797	86.072509765625	1200.6807861328125	1399.5233154296875	297.0638427734375	1149.5518798828125	1270.1337890625	0.0	611.162841796875	385.59442138671875	453.0147705078125	173.75936889648438	0.0	0.0	478.66864013671875	448.01214599609375	0.0	237.0407257080078	604.3521728515625	635.4534912109375	377.1868896484375	544.5481567382812	273.1020202636719	112.04515075683594	488.2013854980469	472.3197937011719	782.3184204101562	445.3238830566406
1445.15478515625	396.6495056152344	578.9734497070312	552.568603515625	1219.8316650390625	232.3741455078125	493.99969482421875	1583.69287109375	757.3974609375	342.1507263183594	982.48388671875	1209.1527099609375	868.8245239257812	532.873046875	814.7810668945312	320.80194091796875	0.0	0.0	0.0	0.0	21.605422973632812	0.0	77.78710174560547	0.0	0.0	52.94562530517578	23.187414169311523	12.279950141906738	0.0	0.0	0.0	0.0	283.3532409667969	9.333934783935547	284.652587890625	589.8482666015625	273.806884765625	153.83004760742188	0.0	650.7080078125	391.659423828125	363.2391662597656	339.96392822265625	125.70960998535156	369.4779357910156	372.4177551269531	0.0	101.87866973876953	0.0	0.0	0.0	0.0	0.0	220.44003295898438	100.13546752929688	0.0	0.0	80.30904388427734	27.385435104370117	0.0	0.0	0.0	0.0	152.43185424804688	688.0355224609375	678.0044555664062	299.7910461425781	258.4486083984375	263.74285888671875	65.13648223876953	230.2148895263672	574.6409912109375	69.39981842041016	56.44169616699219	663.2877197265625	948.6564331054688	462.736572265625	769.0828857421875	1040.83056640625	454.9154357910156	1373.3427734375	1035.80517578125	0.0	0.0	1154.880126953125	203.23150634765625	0.0	407.0381774902344	721.5296630859375	58.5120849609375	301.98931884765625	1101.55712890625	105.3528060913086	276.2183837890625	628.5989379882812	783.1765747070312	78.68003845214844	96.14730072021484	0.0	21.472597122192383	149.11158752441406	94.76219177246094	47.99836349487305	84.88424682617188	147.20687866210938	0.0	22.799915313720703	69.9387435913086	0.0	0.0	0.0	0.0	301.4916076660156	690.9588623046875	853.6064453125	777.7688598632812	447.7386474609375	343.14581298828125	79.10040283203125	137.30996704101562	493.3063659667969	323.1591491699219	497.7817077636719	450.204833984375	903.6627807617188	1069.30517578125	795.0496826171875	314.69512939453125	118.24219512939453	0.0	0.0	0.0	114.36019897460938	210.43978881835938	359.73333740234375	297.0583801269531	104.14811706542969	193.707275390625	378.6462707519531	340.3840026855469	124.22753143310547	74.30289459228516	0.0	131.33985900878906	0.0	0.0	0.0	0.0	2.589226245880127	289.3349609375	179.1570281982422	0.0	8.82475471496582	130.756591796875	110.86102294921875	0.0	0.0	0.0	0.0	0.0	411.5865173339844	289.7209777832031	293.80938720703125	370.18890380859375	585.9441528320312	430.0835876464844	393.3965148925781	465.2027282714844	483.14312744140625	339.7501220703125	486.6985778808594	718.259521484375	330.88812255859375	372.5419616699219	587.2976684570312	617.6207275390625	417.6051940917969	539.4727783203125	425.4349365234375	139.48484802246094	320.4012451171875	219.0285186767578	328.01214599609375	204.7227325439453	90.5669937133789	0.0	13.044609069824219	467.4207763671875	203.80776977539062	463.7499084472656	782.7131958007812	700.8035278320312	406.2516174316406	0.0	0.0	35.14374923706055	273.0494689941406	0.0	1.1151496171951294	43.77671813964844	228.10903930664062	19.732948303222656	289.7602233886719	221.92051696777344	105.0556411743164	57.17060852050781	174.27023315429688	0.0	208.8990020751953	1171.6015625	1318.933349609375	1186.0523681640625	32.62240219116211	43.55083465576172	404.90692138671875	953.7490844726562	344.644775390625	240.9251708984375	227.0338134765625	29.110431671142578	1249.4453125	763.7384033203125	204.89341735839844	194.35829162597656	287.50250244140625	986.0808715820312	1257.0220947265625	531.4257202148438	0.0	606.00390625	1276.9619140625	1386.2777099609375	0.0	347.30438232421875	369.2046813964844	104.11061096191406	609.8262329101562	276.71405029296875	82.88274383544922	337.36285400390625	215.10516357421875	661.8277587890625	409.2248840332031	167.31459045410156	470.9201354980469	540.6380615234375	142.18429565429688	26.531497955322266	389.9200744628906	0.0	0.0	439.4293212890625	245.15835571289062	377.3745422363281	911.9393310546875	999.6437377929688
688.0482177734375	920.1990356445312	901.7328491210938	943.8772583007812	866.3289184570312	986.699462890625	768.7914428710938	464.26055908203125	898.6010131835938	341.99200439453125	1001.387939453125	829.955322265625	661.0015869140625	310.810791015625	702.578125	405.854248046875	12.445244789123535	45.845279693603516	0.0	42.58749008178711	0.0	0.0	0.0	8.125633239746094	27.669038772583008	0.0	0.0	0.0	0.0	0.0	18.306537628173828	0.0	16.208860397338867	343.5099792480469	401.59503173828125	393.76544189453125	107.83892059326172	323.0485534667969	224.17945861816406	268.9134216308594	70.4211196899414	43.630802154541016	317.5066833496094	443.8486633300781	200.1464385986328	365.34173583984375	0.0	15.846074104309082	0.0	0.0	0.0	0.0	0.0	0.0	0.0	0.0	0.0	128.2938690185547	7.177059173583984	0.0	0.0	96.35082244873047	0.0	52.7442512512207	132.58023071289062	276.8388977050781	339.3796691894531	473.3800354003906	387.7789306640625	790.821533203125	731.1958618164062	324.92352294921875	667.3836669921875	465.8934326171875	436.5223693847656	616.1603393554688	149.74070739746094	690.2499389648438	932.033447265625	461.0133361816406	0.0	775.4850463867188	334.9871826171875	644.5531616210938	182.8715362548828	679.2921142578125	272.84747314453125	623.6580200195312	851.0027465820312	916.9818115234375	111.86798858642578	621.5370483398438	301.2768859863281	85.27013397216797	366.368896484375	589.8707885742188	0.0	81.59112548828125	91.29854583740234	116.03297424316406	16.841333389282227	62.89772415161133	1.2448887825012207	36.39212417602539	52.199981689453125	48.39445114135742	32.02107620239258	65.1219253540039	71.57345581054688	25.63661766052246	0.0	21.23446273803711	27.093612670898438	269.5537414550781	413.0066223144531	158.95399475097656	304.0179443359375	802.3262329101562	771.5151977539062	394.2821350097656	157.1046142578125	152.47618103027344	208.36289978027344	283.5071105957031	624.7466430664062	783.3253173828125	550.2686157226562	299.3980407714844	87.06204986572266	160.71224975585938	209.9459228515625	139.271484375	114.46260833740234	134.7130126953125	1.3454262018203735	67.74352264404297	29.62278175354004	202.35533142089844	299.3074645996094	155.2052764892578	91.37278747558594	302.857177734375	226.49676513671875	42.834049224853516	48.75223922729492	0.0	0.0	0.0	0.0	0.0	0.0	0.0	0.0	0.0	0.0	0.0	0.0	0.9408543705940247	0.0	0.0	254.97708129882812	380.12542724609375	655.6063232421875	351.6534729003906	641.0117797851562	489.34002685546875	675.4541015625	416.0338439941406	552.2939453125	550.4013061523438	637.45068359375	300.7485046386719	447.5486755371094	560.1603393554688	601.2125854492188	267.53875732421875	42.87104034423828	217.6664581298828	201.0880126953125	175.98922729492188	98.97895812988281	248.8510284423828	342.8432312011719	191.62432861328125	385.8811950683594	637.8812866210938	416.1546936035156	85.00013732910156	272.5162048339844	119.34443664550781	484.5327453613281	308.4022521972656	321.6630554199219	348.1083679199219	218.03916931152344	0.0	351.7925720214844	134.35267639160156	192.41098022460938	66.46192932128906	392.1068115234375	0.0	0.0	13.257086753845215	45.15645217895508	0.0	0.0	0.0	53.403785705566406	110.03046417236328	69.07960510253906	331.1227722167969	206.61769104003906	609.205810546875	512.87646484375	126.57129669189453	0.0	239.32672119140625	573.5811157226562	372.1328125	795.0465698242188	469.87579345703125	148.8914337158203	250.43751525878906	175.7845916748047	112.86664581298828	873.5987548828125	808.40185546875	340.6881103515625	296.62939453125	76.50960540771484	0.0	80.66416931152344	712.3867797851562	872.8331909179688	464.92724609375	351.6334228515625	300.7117919921875	169.64942932128906	143.41981506347656	0.0	23.110177993774414	211.69400024414062	77.10665130615234	0.0	229.35829162597656	288.8305358886719	437.31182861328125	216.04080200195312	617.3067016601562	475.7404479980469	327.2901306152344	356.8355407714844	243.96897888183594	482.6899108886719	575.336669921875
1161.2774658203125	1051.880859375	851.5436401367188	1179.769287109375	1141.6611328125	225.9797821044922	975.5053100585938	1566.593505859375	985.1713256835938	563.006591796875	1224.3173828125	1193.014404296875	762.3680419921875	917.2533569335938	1144.861328125	229.50762939453125	42.24873733520508	0.0	0.0	52.66111373901367	6.506682872772217	0.0	45.25914001464844	28.849891662597656	27.611703872680664	60.25621795654297	4.605371475219727	29.396926879882812	0.0	0.0	0.0	0.0	236.655517578125	217.68690490722656	73.75312805175781	622.6860961914062	54.94221496582031	224.6782684326172	178.63729858398438	458.43731689453125	259.1700134277344	277.99725341796875	129.55828857421875	137.84226989746094	395.5325622558594	328.4711608886719	20.336816787719727	94.2504653930664	0.0	0.0	0.0	0.0	0.0	204.0795135498047	74.6781005859375	0.0	0.0	121.47948455810547	0.0	0.0	0.0	0.0	0.0	109.73837280273438	508.2427978515625	941.8448486328125	714.86962890625	175.48336791992188	541.9730224609375	208.5540008544922	307.0723876953125	472.62286376953125	135.86997985839844	37.01498794555664	682.3126220703125	621.344970703125	385.3600158691406	945.7828979492188	784.130859375	186.1160125732422	253.79995727539062	1036.489501953125	644.9043579101562	418.2328796386719	1181.5572509765625	1126.081787109375	0.0	1098.8544921875	895.9572143554688	77.25594329833984	757.2739868164062	1337.173095703125	423.42938232421875	188.07127380371094	1157.2664794921875	765.2611694335938	37.073585510253906	48.646724700927734	59.210548400878906	98.7339096069336	33.66384506225586	94.4295654296875	20.99233627319336	117.01033020019531	174.1226806640625	67.96393585205078	0.0	90.87152862548828	85.32535552978516	0.0	29.160049438476562	70.61104583740234	268.5779724121094	504.8675231933594	449.05584716796875	350.039794921875	109.79444122314453	268.04754638671875	82.9658432006836	306.6880187988281	356.30316162109375	332.7120361328125	226.94529724121094	450.480224609375	1035.908447265625	1037.93505859375	358.46307373046875	358.8035888671875	154.9873809814453	99.41180419921875	49.749820709228516	66.33808135986328	17.34868812561035	186.75308227539062	358.5449523925781	251.9966583251953	125.4062728881836	306.6508483886719	264.42449951171875	215.71836853027344	171.1837158203125	205.8974609375	0.0	135.74607849121094	12.719500541687012	0.0	0.0	0.0	0.0	260.1200256347656	317.3255310058594	0.0	36.731571197509766	325.1458740234375	45.68684005737305	0.0	0.0	0.0	0.0	32.624717712402344	335.79156494140625	355.50836181640625	404.76409912109375	254.5682373046875	559.8800048828125	489.7312316894531	596.6417236328125	544.2122192382812	543.7869262695312	277.7373352050781	698.2033081054688	623.6077270507812	383.1825866699219	446.4329833984375	704.534912109375	422.6051940917969	87.69480895996094	649.3987426757812	559.7575073242188	224.87655639648438	389.68914794921875	491.4948425292969	59.89274597167969	73.58531188964844	269.4217224121094	0.0	178.22447204589844	214.7706298828125	0.07321752607822418	271.54888916015625	609.0794067382812	367.0490417480469	349.5749206542969	230.83921813964844	0.0	45.16617965698242	400.83294677734375	0.0	142.14517211914062	122.70428466796875	199.4898681640625	76.95902252197266	352.4344482421875	131.318603515625	199.99945068359375	217.59585571289062	331.9493408203125	0.0	172.23580932617188	408.71563720703125	945.9853515625	667.0973510742188	0.0	148.93907165527344	130.68655395507812	395.0963134765625	0.0	169.7363739013672	0.0	137.3700714111328	930.3470458984375	73.91865539550781	149.38023376464844	113.31229400634766	295.9187316894531	269.3807373046875	1146.4283447265625	906.0367431640625	116.9124526977539	226.46148681640625	914.99365234375	792.2412109375	0.0	314.5342102050781	237.68600463867188	0.0	182.1057586669922	321.38592529296875	122.00801849365234	189.07919311523438	0.0	498.6414489746094	643.6133422851562	316.4005126953125	257.11871337890625	733.8577270507812	388.7690734863281	0.0	412.8589172363281	388.4145812988281	0.0	513.2142333984375	198.5768585205078	45.551753997802734	711.4877319335938	762.2232666015625
833.5451049804688	253.26133728027344	833.9517211914062	248.57516479492188	854.8308715820312	529.9215087890625	924.7442626953125	414.0265197753906	451.4483642578125	506.0534973144531	1094.90625	646.2755126953125	0.0	303.92742919921875	1201.6717529296875	672.782470703125	0.0	49.52875518798828	67.06890869140625	5.702896595001221	0.0	0.0	46.545772552490234	45.485862731933594	13.136931419372559	0.0	0.0	36.32139587402344	0.0	0.0	0.0	10.582167625427246	360.0321960449219	268.8036193847656	380.5648498535156	351.02313232421875	169.52684020996094	255.11692810058594	302.14947509765625	274.49591064453125	0.0	0.0	399.8607482910156	418.1658020019531	96.3839111328125	71.19160461425781	270.01019287109375	303.6333312988281	0.0	0.0	0.0	0.0	0.0	0.0	0.0	0.0	174.13308715820312	184.03794860839844	0.0	0.0	179.75222778320312	190.0319366455078	0.0	0.0	143.97096252441406	213.77650451660156	108.5137939453125	103.93563079833984	344.37200927734375	452.9146423339844	538.50390625	223.4508819580078	282.91119384765625	242.7949981689453	183.71194458007812	209.2308807373047	0.0	108.92798614501953	331.46942138671875	262.0986328125	285.21881103515625	569.0215454101562	353.8996887207031	518.6531982421875	237.97584533691406	326.5478515625	305.2986145019531	478.6961669921875	233.41650390625	91.83078002929688	159.1311492919922	538.0804443359375	0.0	0.0	302.15869140625	623.6906127929688	101.65399932861328	37.67745590209961	102.1592788696289	26.40811538696289	55.82247543334961	0.0	74.02354431152344	46.41322326660156	47.693965911865234	2.872070789337158	141.23065185546875	36.08014678955078	26.79851722717285	10.054800033569336	103.97795104980469	29.080026626586914	9.576289176940918	198.19894409179688	19.544261932373047	232.00994873046875	494.7324523925781	958.1702880859375	626.6649169921875	387.2616271972656	0.0	48.49225997924805	117.53739166259766	341.7727355957031	142.8268280029297	189.18429565429688	230.40879821777344	420.1014404296875	0.0	38.09754180908203	99.55177307128906	83.65092468261719	0.964427649974823	21.998764038085938	64.78986358642578	62.87299346923828	159.31472778320312	78.95494079589844	85.23562622070312	111.65625762939453	157.3838348388672	252.7821502685547	173.88975524902344	32.304500579833984	0.0	0.0	0.0	0.0	0.0	0.0	0.0	0.0	0.0	0.0	0.0	0.0	200.596923828125	284.0359802246094	0.0	5.959574222564697	271.3563537597656	246.17652893066406	510.1404724121094	180.58338928222656	513.4091186523438	454.9278869628906	777.5333251953125	232.3966064453125	496.6023864746094	275.05426025390625	526.3740234375	240.5325469970703	364.69403076171875	356.6684265136719	534.73388671875	174.49942016601562	50.85383224487305	86.34545135498047	41.692134857177734	45.48761749267578	192.18983459472656	140.4396514892578	90.99848175048828	90.57880401611328	455.77850341796875	508.3758850097656	267.9202575683594	38.832332611083984	41.818153381347656	85.5764389038086	79.10761260986328	111.79417419433594	228.8224334716797	196.96568298339844	67.14387512207031	33.986480712890625	110.34680938720703	263.96343994140625	77.95891571044922	47.32130432128906	0.0	0.0	71.16009521484375	103.62739562988281	0.0	141.82342529296875	45.683509826660156	79.18599700927734	85.6768798828125	33.444923400878906	209.58026123046875	116.16863250732422	1060.3780517578125	1096.2724609375	177.48785400390625	161.89158630371094	423.75592041015625	975.3978271484375	666.0514526367188	198.13400268554688	147.3032989501953	93.81478881835938	164.20460510253906	213.71893310546875	208.8634490966797	188.89642333984375	477.063232421875	84.37199401855469	418.6583251953125	128.0567626953125	287.8698425292969	44.77867126464844	735.3876342773438	1098.631103515625	1182.6876220703125	154.6368865966797	0.0	258.0869140625	592.9845581054688	50.28879165649414	0.0	30.351760864257812	39.75473403930664	90.92745971679688	139.27655029296875	170.99456787109375	171.90200805664062	109.60733795166016	517.1605224609375	571.3106079101562	403.1309509277344	266.0257263183594	107.76988220214844	69.00713348388672	0.0	139.95809936523438
610.3076171875	940.4722900390625	791.0703735351562	247.2203826904297	810.885498046875	864.4638061523438	943.0604248046875	310.8435363769531	358.96954345703125	517.6586303710938	864.9434204101562	364.8473205566406	134.99600219726562	410.9222106933594	966.8716430664062	457.5027770996094	115.90206146240234	46.18135452270508	4.440187931060791	7.885963439941406	0.0	25.711544036865234	0.0	48.91989517211914	0.0	0.0	0.0	0.0	14.024872779846191	0.0	0.0	0.0	324.8446044921875	388.17791748046875	333.34197998046875	203.72152709960938	203.5294952392578	87.25405883789062	370.2496337890625	297.7008056640625	0.0	21.689659118652344	291.268310546875	305.1864929199219	59.798580169677734	0.0	266.1214294433594	337.8485107421875	0.0	0.0	0.0	0.0	0.0	0.0	0.0	0.0	138.00711059570312	0.0	0.0	0.0	250.5458984375	199.8119354248047	0.0	0.0	75.96576690673828	634.6226196289062	480.1308288574219	98.13060760498047	880.006103515625	723.2880249023438	363.0154724121094	240.2344512939453	210.89862060546875	267.9194030761719	401.4678955078125	190.24984741210938	102.02489471435547	158.0712890625	342.7138366699219	310.39373779296875	0.0	757.6458129882812	593.515380859375	509.522216796875	293.13653564453125	668.6776733398438	325.317138671875	529.4574584960938	362.1593017578125	0.0	356.9134521484375	427.6927795410156	0.0	0.0	139.45278930664062	403.1529846191406	16.94223976135254	63.34601974487305	160.5904083251953	5.913073539733887	0.0	61.605430603027344	113.26637268066406	13.665887832641602	38.5956916809082	0.0	58.1507453918457	0.0	44.10490036010742	12.276419639587402	80.09576416015625	29.907665252685547	49.72060012817383	214.16136169433594	235.37518310546875	289.44195556640625	920.9166870117188	709.145751953125	364.5760192871094	259.2968444824219	329.11456298828125	711.0070190429688	532.6658935546875	465.62408447265625	162.3775177001953	248.9313201904297	328.3941650390625	475.42486572265625	152.87664794921875	173.65664672851562	19.96466636657715	49.91239929199219	163.244873046875	0.0	115.6681900024414	126.78208923339844	88.5199203491211	40.783409118652344	41.76291275024414	14.543437004089355	245.14256286621094	247.42713928222656	187.69932556152344	7.554879665374756	77.31536102294922	0.0	0.0	0.0	0.0	0.0	0.0	0.0	0.0	0.0	0.0	0.0	338.69244384765625	184.33274841308594	0.0	0.0	180.34152221679688	409.0051574707031	437.57330322265625	169.64801025390625	495.081298828125	580.05224609375	885.1883544921875	266.12432861328125	553.6541137695312	448.5613708496094	768.2526245117188	221.9921875	404.4596252441406	317.2331848144531	553.631103515625	208.3704071044922	0.0	7.752625465393066	172.63702392578125	118.05664825439453	366.0688781738281	367.8212890625	302.20147705078125	54.18103790283203	724.7766723632812	408.6991882324219	220.9438934326172	45.781105041503906	142.6254119873047	292.49774169921875	242.62181091308594	100.60054779052734	167.0035400390625	358.6780700683594	137.713134765625	48.07256317138672	311.2141418457031	274.5971374511719	112.23561096191406	57.2208251953125	0.0	124.43869018554688	56.17808532714844	27.50298309326172	0.0	14.553464889526367	0.0	0.0	141.46368408203125	111.741943359375	144.79183959960938	67.10643005371094	395.239501953125	177.00332641601562	202.0614013671875	228.9061279296875	888.1812744140625	1004.2590942382812	762.9952392578125	206.9818115234375	95.57974243164062	15.806005477905273	452.727783203125	325.32208251953125	324.89300537109375	286.490478515625	162.56690979003906	62.35940933227539	226.36534118652344	37.5357780456543	324.4107971191406	50.56257247924805	1107.2972412109375	1097.92431640625	584.5578002929688	46.75595474243164	514.3871459960938	906.9280395507812	1056.0380859375	184.7447052001953	0.0	0.0	174.50344848632812	181.3333740234375	12.074224472045898	401.4798889160156	309.55401611328125	200.61541748046875	756.6236572265625	707.1585693359375	328.7681884765625	208.1489715576172	187.0298614501953	91.46300506591797	200.7127685546875	179.21609497070312
1158.3958740234375	1053.1141357421875	617.7536010742188	789.64404296875	1306.918212890625	1131.3875732421875	1142.99609375	1015.2117309570312	994.3326416015625	1525.4691162109375	972.3195190429688	895.10205078125	830.8869018554688	635.07861328125	311.40826416015625	160.5838623046875	54.16863250732422	0.0	0.0	60.10297775268555	71.49922180175781	0.36891815066337585	0.0	0.0	0.0	0.0	26.421512603759766	0.0	0.0	0.0	0.0	0.0	298.0798645019531	212.40890502929688	521.8729248046875	675.1666259765625	164.25588989257812	533.0670776367188	570.8111572265625	365.5048522949219	178.09466552734375	373.6579284667969	123.610107421875	33.04512405395508	0.0	0.0	0.0	112.74427032470703	0.0	0.0	65.59434509277344	74.16402435302734	0.0	0.0	0.0	0.0	0.0	0.0	0.0	0.0	12.062862396240234	0.0	129.67520141601562	175.80238342285156	401.5980529785156	843.9193115234375	562.946044921875	568.1814575195312	664.177734375	383.19061279296875	722.9140625	880.2665405273438	424.1015930175781	754.940185546875	717.7122802734375	807.6082763671875	530.5784301757812	593.4197387695312	454.61956787109375	0.0	127.35441589355469	1106.1796875	1110.2274169921875	297.11175537109375	1167.717041015625	1091.9202880859375	753.857666015625	560.1969604492188	790.0768432617188	646.789794921875	1058.2603759765625	599.8291625976562	241.81361389160156	458.1646423339844	151.19677734375	147.25376892089844	37.56657791137695	34.634002685546875	91.44577026367188	68.70970916748047	54.978946685791016	144.0818328857422	60.98958206176758	40.85420227050781	74.11083221435547	38.44839096069336	38.81242752075195	65.43162536621094	0.0	21.111141204833984	0.0	35.787139892578125	292.346923828125	319.09295654296875	410.6863098144531	417.283203125	178.11000061035156	393.3967590332031	704.8975219726562	591.0230712890625	1094.1356201171875	946.3915405273438	858.1740112304688	407.5843811035156	793.2431640625	768.2498779296875	738.4429321289062	186.0141143798828	177.90394592285156	154.16433715820312	317.26959228515625	441.7325744628906	72.7366943359375	295.18646240234375	347.26739501953125	92.8780517578125	174.63270568847656	227.99111938476562	137.6938018798828	93.4420166015625	2.9489188194274902	0.0	0.0	190.7165069580078	9.247084617614746	0.0	0.0	20.540328979492188	0.0	0.0	0.0	0.0	0.0	0.0	0.0	0.0	0.0	0.0	0.0	53.04253005981445	305.5656433105469	533.3120727539062	619.5221557617188	573.1966552734375	521.9696044921875	594.7391357421875	634.5040283203125	487.8539733886719	613.6866455078125	777.492919921875	664.167236328125	771.7504272460938	466.1625061035156	798.0420532226562	666.3473510742188	670.7871704101562	0.0	463.9819641113281	551.6345825195312	165.81350708007812	302.56903076171875	354.946044921875	205.90126037597656	398.84735107421875	234.8647003173828	228.2355499267578	364.0859680175781	381.278076171875	777.0106201171875	706.9088745117188	584.178466796875	439.780029296875	398.3570251464844	427.1806640625	50.20988464355469	11.228898048400879	556.8750610351562	249.50717163085938	259.24810791015625	48.9245491027832	382.35198974609375	441.5643615722656	185.29815673828125	0.0	147.2337188720703	0.0	0.0	0.0	136.33328247070312	0.0	139.80389404296875	131.31216430664062	0.0	211.8258056640625	357.5577392578125	382.7552490234375	476.1557922363281	120.63047790527344	95.82383728027344	251.7798309326172	970.5916137695312	669.3997192382812	508.390625	221.97984313964844	220.4529571533203	237.287109375	499.9010925292969	610.8165893554688	173.68821716308594	413.3431091308594	449.3946838378906	271.36822509765625	28.329328536987305	358.6160888671875	428.2268981933594	656.0845947265625	871.001220703125	820.5919799804688	625.8466796875	466.148193359375	0.0	194.208984375	601.21240234375	521.1077270507812	66.1185302734375	374.84771728515625	208.354248046875	345.76806640625	242.47735595703125	221.12484741210938	399.06787109375	412.18994140625	779.9348754882812	1150.576904296875	919.6727294921875	653.7783813476562
303.47369384765625	686.6231689453125	1438.5526123046875	819.1940307617188	454.545166015625	796.5084228515625	1291.9580078125	376.75128173828125	872.4029541015625	814.9674072265625	649.0469970703125	224.47850036621094	605.5855712890625	169.58290100097656	778.8767700195312	668.0927734375	0.0	26.818986892700195	0.0	3.7440834045410156	44.95573806762695	70.2994613647461	131.31214904785156	0.0	0.0	0.0	0.0	0.0	0.0	0.0	0.0	0.0	0.0	0.0	447.65130615234375	540.3463134765625	556.7570190429688	482.741943359375	400.4591979980469	42.157623291015625	398.58502197265625	125.44702911376953	364.6645812988281	385.3665466308594	0.0	0.0	282.2584533691406	431.31658935546875	85.00566864013672	0.0	0.0	0.0	145.19041442871094	94.13064575195312	47.907657623291016	7.5259175300598145	0.0	0.0	0.0	56.66558074951172	226.79403686523438	236.56129455566406	0.0	0.0	252.74807739257812	565.0342407226562	306.5595397949219	598.3780517578125	90.79249572753906	496.11163330078125	731.7200317382812	400.618408203125	693.260498046875	762.7634887695312	496.0722961425781	145.7528839111328	332.16033935546875	200.54539489746094	368.1359558105469	355.1929626464844	51.988277435302734	585.3047485351562	290.0380859375	897.5789184570312	79.26356506347656	177.058349609375	1035.5579833984375	1031.3956298828125	498.1895751953125	413.1297302246094	490.66912841796875	10.38918399810791	423.885498046875	282.6240539550781	0.0	117.65455627441406	0.0	75.8478012084961	118.24653625488281	70.60692596435547	50.773929595947266	89.92217254638672	119.09996795654297	38.48991775512695	37.87622833251953	0.0	0.0	0.0	26.2016658782959	74.96404266357422	0.0	2.8351659774780273	142.7218017578125	128.96949768066406	165.78346252441406	267.1645202636719	468.97802734375	622.7025756835938	264.3114929199219	361.482421875	806.1740112304688	978.8059692382812	634.6511840820312	555.4170532226562	17.619476318359375	6.5945210456848145	315.9972229003906	532.7640380859375	62.61958694458008	110.4571304321289	314.2825622558594	183.59718322753906	110.21304321289062	360.8644714355469	358.2577819824219	132.36439514160156	23.691625595092773	0.0	0.0	80.05274963378906	38.65340805053711	234.18235778808594	175.0951690673828	0.0	0.0	0.0	0.0	0.0	0.0	34.11309051513672	0.0	0.0	0.0	0.0	0.0	0.0	0.0	33.09040832519531	0.0	0.0	226.19483947753906	422.5300598144531	547.9639892578125	230.18862915039062	487.3282775878906	649.8998413085938	847.9242553710938	236.38658142089844	268.6590270996094	536.6239624023438	680.0302734375	489.5509948730469	521.5868530273438	659.52001953125	510.53753662109375	340.06103515625	299.97943115234375	474.41961669921875	392.1281433105469	55.601436614990234	200.401611328125	95.29975891113281	318.4830627441406	238.48182678222656	360.75970458984375	624.2532958984375	414.616455078125	52.06125259399414	663.8948974609375	665.3516845703125	264.5708312988281	230.18475341796875	149.9767303466797	139.45333862304688	0.0	37.43382263183594	148.90164184570312	289.90069580078125	212.4428253173828	0.0	233.316650390625	238.45916748046875	66.2980728149414	36.22404098510742	0.0	0.0	0.0	0.0	107.91968536376953	308.74993896484375	620.4615478515625	343.9023742675781	310.6820068359375	69.52482604980469	0.0	185.60769653320312	717.741943359375	894.94140625	880.5878295898438	34.99440002441406	174.04287719726562	555.7141723632812	1286.0382080078125	1095.7015380859375	225.98431396484375	737.24072265625	991.0517578125	538.0584106445312	198.33831787109375	445.74908447265625	506.7145690917969	101.04240417480469	341.1695556640625	417.9788513183594	248.60047912597656	251.44439697265625	577.3335571289062	993.427490234375	1153.6953125	822.3798828125	117.17781829833984	420.81085205078125	398.9594421386719	194.04881286621094	36.11422348022461	147.485595703125	148.11378479003906	480.6684265136719	252.39117431640625	425.36279296875	597.7804565429688	464.2255554199219	727.6463623046875	855.8616333007812	534.4913330078125	161.34959411621094
645.7373046875	1413.678955078125	674.875244140625	138.5706787109375	1036.68212890625	1412.250244140625	430.63323974609375	248.74461364746094	1041.5517578125	1233.8563232421875	808.0769653320312	231.9676055908203	595.6728515625	904.3030395507812	439.1334228515625	189.57684326171875	14.11894416809082	49.913169860839844	0.0	44.181640625	0.0	7.748193740844727	0.0	86.7533950805664	0.0	0.0	0.0	0.0	0.0	0.0	0.0	0.0	43.55699157714844	242.55374145507812	117.84651184082031	137.81861877441406	0.0	357.7297668457031	492.5895080566406	285.9044189453125	0.0	377.1435546875	462.3887939453125	202.9031982421875	0.0	0.0	0.0	94.85491180419922	0.0	0.0	1.3742640018463135	6.882432460784912	0.0	0.0	63.83259201049805	15.14107894897461	0.0	0.0	0.0	0.0	46.65548324584961	13.78804874420166	6.62971305847168	60.480342864990234	95.74195861816406	407.8664245605469	297.9693298339844	7.061728000640869	146.63809204101562	249.3589324951172	158.19349670410156	249.44921875	272.3788146972656	468.1604309082031	687.0150756835938	451.3825378417969	303.2934265136719	591.7686767578125	591.6267700195312	6.7557053565979	0.0	1148.156982421875	1266.220947265625	68.79210662841797	0.0	1203.7760009765625	711.9403076171875	262.88720703125	0.0	678.4140014648438	427.158203125	437.9043273925781	141.74717712402344	383.9322204589844	453.9525146484375	0.0	0.0	152.872802734375	114.44230651855469	33.6448860168457	0.0	124.46720886230469	54.839813232421875	4.901358604431152	0.0	103.5040283203125	0.0	0.0	0.0	0.0	71.96808624267578	12.153975486755371	11.124225616455078	16.91390609741211	394.16253662109375	120.56848907470703	0.0	393.6162414550781	616.3807983398438	230.36090087890625	151.74766540527344	827.3252563476562	844.8726806640625	566.7581787109375	107.1974105834961	595.934326171875	522.170166015625	135.5552978515625	118.87471771240234	127.13883209228516	141.14459228515625	59.17189025878906	96.04851531982422	257.48968505859375	230.8433837890625	109.02745819091797	0.0	178.8966522216797	112.33189392089844	0.0	47.372745513916016	22.864608764648438	4.349514961242676	105.66639709472656	105.78616333007812	0.0	0.0	0.0	0.0	0.0	0.0	0.0	0.0	0.0	0.0	0.0	0.0	0.0	0.0	0.0	106.85008239746094	664.46435546875	304.44537353515625	157.56375122070312	455.3838195800781	702.0230712890625	451.10760498046875	320.5704040527344	643.9690551757812	592.3522338867188	389.63671875	194.74159240722656	671.1659545898438	522.435546875	514.6981201171875	223.82594299316406	0.0	159.98248291015625	84.44290924072266	29.363685607910156	36.74163055419922	155.27789306640625	9.604449272155762	43.63528823852539	125.75714111328125	28.50914192199707	210.88670349121094	304.85235595703125	371.3736267089844	701.9844360351562	575.2642822265625	365.679443359375	484.64715576171875	487.8650207519531	137.73423767089844	10.39132308959961	507.8384704589844	428.90167236328125	177.47775268554688	0.0	432.02972412109375	314.2916564941406	243.25457763671875	0.0	263.8619384765625	18.785297393798828	0.0	0.0	38.294673919677734	0.0	119.11634063720703	34.33709716796875	0.0	46.24711990356445	23.86334991455078	35.91450500488281	318.8174743652344	473.9635925292969	525.0849609375	425.88751220703125	297.7677307128906	600.0924682617188	490.1075134277344	378.560302734375	128.2450714111328	152.6926727294922	0.0	130.987548828125	125.1427001953125	0.16632579267024994	144.08274841308594	228.9048309326172	247.17025756835938	122.43766784667969	164.6478729248047	0.0	391.7917175292969	620.8381958007812	666.1135864257812	544.3140258789062	0.0	134.85147094726562	326.42120361328125	51.99252700805664	0.0	236.10443115234375	331.48968505859375	25.18755340576172	0.0	119.49784088134766	58.000396728515625	311.33380126953125	428.43109130859375	800.5399780273438	783.2476196289062	610.4742431640625
1347.3238525390625	397.86865234375	920.2483520507812	1515.71435546875	1259.275390625	506.96551513671875	1380.5916748046875	1395.86181640625	775.4844970703125	827.2698974609375	1243.4327392578125	617.2968139648438	490.435791015625	1231.0361328125	1236.90478515625	137.9296112060547	0.0	0.0	15.273402214050293	29.5078125	0.0	34.652259826660156	50.384796142578125	79.99250793457031	0.0	0.0	0.0	0.0	0.0	0.0	0.0	0.0	433.3044128417969	245.95147705078125	114.34613037109375	447.2172546386719	246.23477172851562	377.0329895019531	257.55029296875	286.01312255859375	376.57318115234375	314.53619384765625	50.23820877075195	0.0	0.0	34.096763610839844	259.0021667480469	154.89576721191406	0.0	0.0	0.0	0.0	0.0	160.56005859375	0.0	0.0	0.0	0.0	0.0	33.998634338378906	247.08404541015625	0.0	0.0	133.971923828125	638.2294921875	641.7472534179688	137.59381103515625	392.1670837402344	404.1688537597656	190.7307891845703	531.7616577148438	513.4003295898438	494.37371826171875	710.2427368164062	684.8383178710938	519.4038696289062	231.1868896484375	471.54296875	533.1317749023438	223.8867950439453	1164.010498046875	972.7225952148438	0.0	1171.7906494140625	1216.221435546875	414.1823425292969	360.773681640625	1288.6085205078125	506.18719482421875	0.0	925.0806884765625	990.5679321289062	261.1264953613281	0.0	947.7459106445312	383.94940185546875	75.7872314453125	40.11565399169922	0.0	191.53176879882812	99.34980773925781	89.37527465820312	22.68575096130371	161.70872497558594	54.171138763427734	0.0	0.0	25.89924430847168	11.902094841003418	1.2308571338653564	75.24236297607422	63.41435241699219	368.78662109375	486.6109619140625	237.11715698242188	184.99403381347656	490.7325439453125	415.7679443359375	116.30548095703125	616.3751220703125	1338.98779296875	1129.917236328125	449.17462158203125	455.4858093261719	80.20953369140625	167.58953857421875	508.375	489.0126953125	135.44920349121094	0.0	105.9272232055664	97.27323913574219	109.96915435791016	329.0557556152344	219.2666778564453	191.66160583496094	119.26448822021484	132.06863403320312	0.0	50.8116455078125	197.63014221191406	160.53440856933594	90.26859283447266	145.070556640625	0.0	0.0	0.0	0.0	0.0	0.0	0.0	0.0	0.0	0.0	0.0	0.0	0.0	0.0	0.0	96.0914077758789	356.26275634765625	162.6842041015625	268.4678039550781	578.4775390625	655.8543090820312	476.5904846191406	732.7158813476562	792.2310791015625	537.7992553710938	470.2313537597656	735.4227294921875	665.2197265625	420.67193603515625	590.7838134765625	660.7559814453125	434.0757141113281	278.2413635253906	321.48175048828125	44.003326416015625	188.94984436035156	328.86956787109375	205.8763885498047	112.1246337890625	162.8719940185547	293.25799560546875	264.228271484375	441.6346130371094	318.558349609375	565.6495361328125	403.5438232421875	325.5187072753906	78.70372009277344	384.8548583984375	0.0	439.7931823730469	376.93743896484375	348.2630920410156	69.31597900390625	469.7417907714844	294.9032897949219	24.188796997070312	213.8289337158203	373.1748046875	0.0	0.0	45.03115463256836	120.33171844482422	0.0	159.3866424560547	292.3583984375	40.458457946777344	292.58306884765625	0.0	111.94844818115234	0.0	144.6712646484375	1244.6488037109375	818.7478637695312	0.0	317.2718811035156	667.4150390625	612.39013671875	431.6429443359375	94.70841217041016	273.1385803222656	139.06985473632812	277.6051025390625	379.1294250488281	53.366458892822266	560.4827270507812	452.32525634765625	93.94275665283203	458.7295227050781	62.65456771850586	0.0	195.31028747558594	1137.0531005859375	1165.4715576171875	531.1171264648438	299.68072509765625	19.31887435913086	358.0824279785156	57.03464126586914	119.73528289794922	434.65972900390625	510.6472473144531	0.0	379.87908935546875	544.347900390625	168.51336669921875	582.0693359375	682.9471435546875	670.3095092773438	335.7111511230469	478.6188659667969	504.3149719238281
101.94086456298828	1051.0760498046875	854.3489990234375	111.80675506591797	158.50669860839844	1014.7933959960938	652.1437377929688	56.46541976928711	153.86004638671875	1007.5249633789062	641.0513305664062	22.413530349731445	127.14515686035156	1000.307373046875	666.8638916015625	42.61393356323242	15.438283920288086	57.709102630615234	4.4034833908081055	11.521042823791504	0.0	0.0	0.0	4.446419715881348	0.0	12.004229545593262	0.0	8.861857414245605	0.0	31.392812728881836	0.0	21.290374755859375	7.837258338928223	190.13079833984375	194.92935180664062	112.28932189941406	0.0	240.43605041503906	223.15167236328125	73.14820861816406	0.0	196.7755584716797	253.96290588378906	54.82433319091797	1.7430579662322998	181.80783081054688	258.82177734375	34.993221282958984	5.766949653625488	0.0	0.0	6.933535099029541	6.387635707855225	0.0	0.0	17.56402587890625	13.171968460083008	0.0	0.0	5.489496231079102	10.356222152709961	0.0	0.0	12.783210754394531	57.800785064697266	224.90093994140625	236.3822021484375	56.4742546081543	37.844722747802734	122.84335327148438	139.6974334716797	65.28144836425781	39.789878845214844	153.6326141357422	107.45000457763672	57.91032028198242	16.42654800415039	251.95822143554688	274.8585205078125	102.40687561035156	2.6413421630859375	195.06382751464844	815.9872436523438	76.45652770996094	5.811217784881592	288.1192932128906	791.5171508789062	103.44517517089844	5.64540433883667	273.5041809082031	705.630615234375	110.8211441040039	12.862674713134766	242.5602569580078	628.1370239257812	92.67721557617188	0.0	93.5904312133789	145.3912353515625	18.086530685424805	0.19053363800048828	136.11900329589844	95.66739654541016	0.0	0.0	134.0963897705078	51.507999420166016	0.0	5.083921909332275	107.4932632446289	53.6352424621582	0.0	16.07577133178711	0.0	309.66925048828125	144.44140625	40.4678840637207	0.0	369.1980895996094	134.1753692626953	19.413562774658203	0.0	336.9649963378906	95.17109680175781	47.1693115234375	169.6533660888672	408.4788818359375	158.5166778564453	78.34545135498047	50.97226333618164	104.18033599853516	54.881080627441406	45.499114990234375	39.56980895996094	146.32945251464844	67.55291748046875	15.851615905761719	56.07874298095703	94.75643920898438	18.38246726989746	21.56591033935547	87.76266479492188	81.24713897705078	0.0	101.95751190185547	0.0	0.0	18.457406997680664	38.36330032348633	0.0	36.97705078125	12.367242813110352	0.0	0.0	0.0	0.0	2.6836252212524414	0.0	0.0	0.0	6.728124618530273	456.07177734375	268.3863220214844	118.33519744873047	10.226951599121094	539.5724487304688	283.92864990234375	137.2207489013672	10.432533264160156	449.9989929199219	230.47496032714844	90.71537780761719	22.212291717529297	453.12762451171875	211.57620239257812	119.05889129638672	0.0	118.04460144042969	161.76889038085938	82.33576202392578	5.720288276672363	62.99753189086914	20.87566566467285	12.98652172088623	11.803373336791992	54.79336166381836	21.03189468383789	0.0	14.975541114807129	27.212669372558594	62.25782775878906	16.935707092285156	245.4764404296875	412.1833190917969	124.25117492675781	0.0	325.47698974609375	368.9689025878906	183.59207153320312	1.7899857759475708	327.85321044921875	250.40023803710938	195.80702209472656	0.0	303.4044494628906	208.9724884033203	174.1170654296875	0.0	11.584162712097168	0.0	121.0416259765625	56.90348815917969	22.229124069213867	0.0	19.241416931152344	24.69969367980957	0.0	3.9440948963165283	53.09089279174805	8.986123085021973	17.114816665649414	131.76327514648438	182.87777709960938	24.131839752197266	50.98109817504883	246.71775817871094	116.63429260253906	196.96249389648438	21.743824005126953	116.4227523803711	0.0	39.46055603027344	25.87187957763672	176.14035034179688	0.0	23.710174560546875	20.03317642211914	173.68429565429688	0.0	12.670906066894531	0.0	0.0	226.8179473876953	205.72900390625	0.0	44.936134338378906	189.54306030273438	0.0	0.0	61.37351608276367	188.01805114746094	0.0	0.0	18.902368545532227	139.74932861328125	41.39661407470703
1151.2884521484375	1158.7664794921875	281.6843566894531	241.2787628173828	1164.7806396484375	1015.859130859375	487.6468811035156	205.44000244140625	1147.49609375	1109.92138671875	1154.604248046875	1113.408935546875	708.0716552734375	920.2764282226562	894.757080078125	857.8013305664062	10.140530586242676	59.33601379394531	47.937198638916016	105.5715560913086	18.253108978271484	0.0	11.535826683044434	64.13642883300781	0.0	0.0	0.0	2.0308291912078857	0.0	0.0	1.5294396877288818	0.0	146.28390502929688	359.6419982910156	317.2586975097656	155.62741088867188	217.5798797607422	432.04754638671875	431.897216796875	280.485595703125	84.12921142578125	193.91908264160156	299.9967346191406	578.2890014648438	0.0	158.39976501464844	71.00077819824219	0.0	0.0	0.0	184.7965545654297	58.75271224975586	0.0	0.0	88.59574890136719	1.0067062377929688	0.0	0.0	0.0	0.0	29.218555450439453	0.0	0.0	0.0	187.88650512695312	334.9035339355469	27.8565616607666	104.23326110839844	128.5915069580078	320.6100158691406	543.0726928710938	273.34027099609375	286.22637939453125	474.8663024902344	278.09136962890625	509.8663330078125	261.1060791015625	300.12652587890625	879.6919555664062	718.4127807617188	7.578797340393066	1154.7530517578125	259.383544921875	103.88145446777344	136.13604736328125	801.6102294921875	148.94253540039062	179.25177001953125	54.480865478515625	721.4930419921875	315.09033203125	657.5973510742188	116.32219696044922	222.57366943359375	340.4614562988281	578.7927856445312	18.556814193725586	145.03236389160156	109.94136810302734	0.0	93.17516326904297	169.331298828125	1.2671568393707275	23.79201316833496	53.19205093383789	113.43815612792969	8.986483573913574	54.213356018066406	0.0	3.2509045600891113	0.0	17.87672996520996	0.0	327.7262878417969	301.0816955566406	29.836105346679688	0.0	846.2421264648438	754.1552124023438	520.910400390625	170.86729431152344	355.41815185546875	186.22418212890625	450.1083984375	99.04280090332031	880.0962524414062	953.13134765625	333.13433837890625	118.73384857177734	148.14939880371094	216.40513610839844	165.74472045898438	55.433895111083984	230.7152557373047	187.11721801757812	74.59396362304688	85.58464813232422	54.98740005493164	55.34646224975586	117.08596801757812	66.13427734375	34.50503158569336	108.76300048828125	0.9642215371131897	0.0	10.176870346069336	166.4003448486328	49.53960418701172	0.0	32.6652717590332	29.069578170776367	0.0	0.0	0.0	0.0	0.0	0.0	0.0	0.0	0.0	460.7486877441406	563.4629516601562	351.542724609375	142.1107635498047	609.2139282226562	426.4388122558594	414.25604248046875	273.1732177734375	606.7208862304688	503.7955627441406	553.9979858398438	259.5627746582031	616.3898315429688	458.355224609375	768.47607421875	323.4355163574219	153.8369598388672	321.2772216796875	217.89447021484375	38.80785369873047	121.60383605957031	0.0	33.74592590332031	143.1011962890625	85.8337173461914	240.79342651367188	214.5045166015625	116.509033203125	306.3221435546875	293.04412841796875	391.77813720703125	333.6421203613281	444.1067810058594	310.95184326171875	0.0	0.0	480.7493591308594	292.0536193847656	56.326141357421875	5.6348652839660645	344.64666748046875	428.8179016113281	27.55645751953125	50.37826156616211	254.22608947753906	127.40611267089844	100.8416748046875	0.0	0.0	0.0	14.386730194091797	187.4818572998047	30.8679256439209	357.4671325683594	421.10882568359375	65.11225891113281	283.4874267578125	215.5372772216797	940.9891357421875	586.078369140625	438.5249328613281	1143.1033935546875	488.5443115234375	414.402587890625	106.81602478027344	142.29592895507812	689.7991333007812	569.6730346679688	166.25245666503906	10.527576446533203	94.1216812133789	60.90397262573242	220.29269409179688	23.800935745239258	1203.9471435546875	832.48291015625	417.9104919433594	614.5236206054688	398.31451416015625	358.8379211425781	0.0	329.4000549316406	507.47760009765625	17.314828872680664	0.0	164.51051330566406	0.0	91.08245849609375	0.0	238.97366333007812	179.6206817626953	247.4288787841797	335.5963134765625	458.6549072265625	479.7862854003906	640.3173828125
1186.946533203125	659.1184692382812	825.26611328125	570.2261352539062	924.6143188476562	1092.84814453125	1326.003662109375	826.58935546875	567.1356811523438	593.6550903320312	1504.994873046875	511.221435546875	153.54415893554688	1267.3433837890625	1512.919677734375	156.4098358154297	0.0	0.0	62.9451789855957	126.2606201171875	2.6636335849761963	15.561973571777344	0.0	0.0	0.0	41.28254699707031	34.66560745239258	0.0	0.5047171711921692	0.0	55.88264846801758	0.0	323.58856201171875	428.13275146484375	689.7739868164062	455.67535400390625	180.92152404785156	369.3786926269531	469.4757995605469	368.149658203125	0.0	15.027887344360352	338.6343078613281	201.400146484375	104.96910095214844	183.5372772216797	319.338623046875	77.12200927734375	0.0	0.0	0.0	0.0	0.0	10.902949333190918	0.0	0.0	57.07255935668945	0.0	0.0	18.3507022857666	187.29177856445312	71.51581573486328	0.0	47.67816925048828	658.4436645507812	772.0725708007812	246.84396362304688	451.3216247558594	240.271240234375	1089.699951171875	797.56689453125	436.3222351074219	417.6557312011719	400.36480712890625	538.0505981445312	286.4382629394531	40.064945220947266	354.5118408203125	498.3244323730469	158.9190216064453	1139.268798828125	626.5989990234375	202.99798583984375	487.9638671875	761.745361328125	105.39092254638672	371.21728515625	806.0330810546875	240.79718017578125	214.29856872558594	1033.8006591796875	1031.239990234375	76.01287078857422	0.0	1322.2884521484375	609.7277221679688	72.44673919677734	8.646797180175781	16.6126708984375	48.921485900878906	111.27802276611328	52.94485092163086	46.549095153808594	90.86731719970703	6.3656535148620605	28.9288330078125	99.12554931640625	116.12716674804688	25.04805564880371	50.64796829223633	79.44857788085938	28.564023971557617	673.3139038085938	788.0269165039062	544.3109741210938	512.1146850585938	1112.9752197265625	997.8034057617188	324.5947265625	420.6224365234375	544.9480590820312	358.663330078125	112.37920379638672	371.2187805175781	197.16680908203125	160.2511749267578	379.6293640136719	497.0290222167969	134.79505920410156	27.851675033569336	186.79144287109375	111.95653533935547	176.62380981445312	286.46209716796875	154.1859588623047	37.95967483520508	23.10940170288086	174.0943603515625	253.9967498779297	148.4972381591797	260.621826171875	261.07867431640625	202.38992309570312	55.34834671020508	0.0	0.0	0.0	0.0	0.0	0.0	0.0	0.0	0.0	0.0	0.0	47.698974609375	409.9255065917969	120.4668197631836	24.711353302001953	50.6449089050293	270.30279541015625	231.11572265625	355.4399719238281	338.0476379394531	528.9888305664062	642.9302368164062	430.8479309082031	378.1611633300781	314.9203796386719	591.3189086914062	789.5835571289062	335.5502624511719	345.63177490234375	521.672607421875	838.8285522460938	204.07928466796875	425.3407897949219	368.7765808105469	96.03234100341797	74.0249252319336	338.86383056640625	126.79463958740234	446.5613708496094	215.3817596435547	565.0857543945312	386.767822265625	347.16259765625	52.52787399291992	193.53623962402344	167.96742248535156	235.28472900390625	90.84172821044922	354.12030029296875	0.0	127.13868713378906	46.807796478271484	293.6102600097656	72.36539459228516	112.1706771850586	63.44050216674805	0.0	90.68025207519531	162.83523559570312	0.0	0.0	282.13665771484375	195.1265106201172	0.0	468.6776428222656	853.927978515625	478.8916320800781	104.65108489990234	496.31781005859375	486.9056396484375	742.6476440429688	204.77137756347656	854.03369140625	291.6650085449219	0.0	161.49798583984375	85.5886459350586	24.636072158813477	44.52255630493164	125.66097259521484	308.3699645996094	655.0067138671875	393.2052917480469	235.04293823242188	339.7464904785156	1283.730224609375	853.4600219726562	302.5916442871094	764.7635498046875	819.503662109375	577.75390625	235.3379669189453	499.9813537597656	637.6990966796875	229.79702758789062	85.30229949951172	128.1839141845703	311.1177978515625	175.2007293701172	0.0	338.79351806640625	327.552001953125	191.07778930664062	339.0556335449219	530.634033203125	386.26605224609375	449.4683532714844	245.17703247070312	183.11898803710938	0.0	399.2406311035156	385.4145202636719
